Padron;Titular;Concepto;Calle;Manzana;Ctas Totales;Ctas Deuda;Ctas Pago;Ctas Cnv.;Ctas Cnv. Judicial;Ctas. en Judiciales;Emision;Nominal;Interes;Total Adeudado;Recaudado;Excedente;Interes;Total Recaudado;Prescripto;Exento;En Convenio;Convenio Judicial;En Judiciales;ID Persona;ID Unidad;ID Padron;Tipo Contribucion;Detalle;Estado;Dom Reparto;Deuda a la Fecha
001008U;MARGIAM S.A.;Plan 50 ;P.PERON 790;13D;12;0;12;0;0;0;42276.57;0;0;0;0;0;0;0;0;42276.57;0;0;0;6398;237;276970;;CALLE 09 GARAY 200-300;B;R.BOUSSY 257 Rep.Nro.: 0 Piso:  Dpto:, 6100RUFINO CP:;10/07/2026
001008U;MARGIAM S.A.;Plan 50 ;P.PERON 790;13D;1;0;1;0;0;0;4611.84;0;0;0;4611.84;0;12576.49;17188.33;0;0;0;0;0;6398;237;289528;;CALLE 09 - GARAY 200 - 300;A;R.BOUSSY 257 Rep.Nro.: 0 Piso:  Dpto:, 6100RUFINO CP:;
001115U;FC SAN MARTIN;Ord. 3303/22 hormigon armado;CUADRO ESTACION;999;50;50;0;0;0;0;13025461.04;13025461.04;21112677.32;34138138.36;0;0;0;0;0;0;0;0;0;3892;526;324595;;;A;.T BENEGAS 1799 Rep.Nro.: 0 Piso:  Dpto:, 5000MENDOZA CP:;
001226U;CHIESA TOLEDO PEDRO A;Adoquinado Barrio el Sol Ord. Nº 3413/2024;ARG.NERI 1196;15;20;0;20;0;0;0;332484;0;0;0;332484;0;0;332484;0;0;0;0;0;2815;1134;361555;;;A;ARG.NERI.1196 Rep.Nro.: 0 Piso:  Dpto:, 6100 RUFINO CP:;
001298U;CHACON RUBEN A;Adoquinado Barrio el Sol Ord. Nº 3413/2024;CENTENARIO.1179;15;20;18;2;0;0;0;432677.71;392831.37;269557.7;662389.07;39846.34;0;21260.1;61106.44;0;0;0;0;0;2734;1199;361538;;;A;B.FERREYRA 790 Rep.Nro.: 0 Piso:  Dpto:, 6100RUFINO CP:;
001299U;SOSA COVIAN M;Adoquinado Barrio el Sol Ord. Nº 3413/2024;CENTENARIO.1155;15;40;0;40;0;0;0;827150.6;0;0;0;0;0;0;0;0;827150.6;0;0;0;10490;571;361527;;;B;IRIGOYEN 333 Rep.Nro.: 0 Piso:  Dpto:, 6100RUFINO CP:;
001299U;SOSA COVIAN M;Adoquinado Barrio el Sol Ord. Nº 3413/2024;CENTENARIO.1155;15;20;0;20;0;0;0;1016792.7;0;0;0;1016792.7;0;81035.95;1097828.65;0;0;0;0;0;10490;571;361569;;;A;IRIGOYEN 333 Rep.Nro.: 0 Piso:  Dpto:, 6100RUFINO CP:;
001300U;IPUCHA ALFREDO ANTONIO;Adoquinado Barrio el Sol Ord. Nº 3413/2024;CENTENARIO.1163;15;20;0;20;0;0;0;817279.69;0;0;0;817279.69;0;45983.26;863262.95;0;0;0;0;0;5610;1201;361532;;;A;ENTRE RIOS 165 Rep.Nro.: 0 Piso:  Dpto:, 6100RUFINO CP:;
001301U;IPUCHA ALFREDO ANTONIO;Adoquinado Barrio el Sol Ord. Nº 3413/2024;CENTENARIO.1171;15;20;0;20;0;0;0;624978.96;0;0;0;624978.96;0;35163.69;660142.65;0;0;0;0;0;5610;1201;361533;;;A;ENTRE RIOS 165 Rep.Nro.: 0 Piso:  Dpto:, 6100RUFINO CP:;
001303U;IPUCHA ALFREDO ANTONIO;Adoquinado Barrio el Sol Ord. Nº 3413/2024;ENTRE RIOS 156;15;20;0;20;0;0;0;883071.43;0;0;0;883071.43;0;49684.95;932756.38;0;0;0;0;0;5610;1201;361550;;;A;ENTRE RIOS 165 Rep.Nro.: 0 Piso:  Dpto:, 6100RUFINO CP:;
001304U;IPUCHA ALFREDO ANTONIO;Adoquinado Barrio el Sol Ord. Nº 3413/2024;ENTRE RIOS 146;15;20;0;20;0;0;0;1136305.01;0;0;0;1136305.01;0;63932.83;1200237.84;0;0;0;0;0;5610;1201;361551;;;A;ENTRE RIOS 165 Rep.Nro.: 0 Piso:  Dpto:, 6100RUFINO CP:;
001329U;STRINGHINI ALEJANDRO;Ord. 3303/22 hormigon armado;ALBERDI 386;27A;50;2;48;0;0;0;261954.46;18668.59;911.34;19579.93;243285.87;0;93293.67;336579.54;0;0;0;0;0;30891;31295;324596;;;A;BV.ESPAÑA.1060 Rep.Nro.: 0 Piso:  Dpto:, 6100 RUFINO CP:;
001726U;TARFA MARISA ELISABET;Ord. 3303/22 hormigon armado;M.ROCA 590;27A;50;50;0;0;0;0;442980.81;442980.81;718017.99;1160998.8;0;0;0;0;0;0;0;0;0;22620;23500;324597;;;A;M.ROCA 590 Rep.Nro.: 0 Piso:  Dpto:, 6100 RUFINO CP:;
001851U;LLESGRE ANGEL;Ord. 3303/22 hormigon armado;INDEPENDENCIA 540;22A;50;8;42;0;0;0;195293.23;51468.43;13853.17;65321.6;143824.8;0;150153.55;293978.35;0;0;0;0;0;14548;12389;324598;;;A;INDEPENDENCIA 540 Rep.Nro.: 0 Piso:  Dpto:, 6100RUFINO CP:;
001852U;GIRAUDO WALTER ALEJO;Ord. 3303/22 hormigon armado;INDEPENDENCIA 546;22A;50;11;39;0;0;0;187865.66;1341.34;508.1;1849.44;127023.89;0;87189.86;214213.75;0;0;0;0;0;4943;3618;324599;;;A;CATAMARCA 785 Rep.Nro.: 0 Piso:  Dpto:, 6100 RUFINO CP:;
001853U;PIRRA/TEJEDA  FELIX;Ord. 3303/22 hormigon armado;INDEPENDENCIA 574;22A;50;20;0;0;0;30;208459.37;119239.64;83729.67;202969.31;0;0;0;0;0;0;0;0;89219.73;8787;1720;324600;;;A;INDEPENDENCIA 574 Rep.Nro.: 0 Piso:  Dpto:, 6100 RUFINO CP:;
001854U;SAMUEL JOSE/LUHACES H.;Ord. 3303/22 hormigon armado;VICTORERO 495;22B;50;0;20;30;0;0;520780.35;0;0;0;291944.2;0;0;291944.2;0;0;228836.15;0;0;9898;1721;324601;;;A;VICTORERO 495 Rep.Nro.: 0 Piso:  Dpto:,  CP:;
001870U;PINTO FRANCISCA;Ord. 3303/22 hormigon armado;INDEPENDENCIA 575;22B;50;17;1;32;0;0;260576.25;131453.62;78808.13;210261.75;2488.42;0;89.58;2578;0;0;126634.21;0;0;8771;1736;324602;;;A;INDEPENDENCIA 575 Rep.Nro.: 0 Piso:  Dpto:, 6100RUFINO CP:;
001871U;MOLINA JUAN C;Ord. 3303/22 hormigon armado;INDEPENDENCIA 565;22B;50;20;1;0;0;29;260576.25;149051.13;104663.23;253714.36;4768.08;4490.3;0;9258.38;0;0;0;0;106757.05;6913;2953;324603;;;A;INDEPENDENCIA 597 Rep.Nro.: 0 Piso:  Dpto:, 6100RUFINO CP:;
001872U;LLESGRE PAUL HERNAN;Ord. 3303/22 hormigon armado;INDEPENDENCIA 555;22B;50;1;49;0;0;0;260110.77;9406.74;0;9406.74;250704.03;0;2030.75;252734.78;0;0;0;0;0;31119;31531;323138;;;A;INDEPENDENCIA 540 Rep.Nro.: 0 Piso:  Dpto:, 6100RUFINO CP:;
001873U;LLESGRE PAUL HERNAN;Ord. 3303/22 hormigon armado;INDEPENDENCIA 545;22B;50;1;49;0;0;0;260110.77;9406.74;0;9406.74;250704.03;0;2030.75;252734.78;0;0;0;0;0;31119;31531;323140;;;A;INDEPENDENCIA 540  Rep.Nro.: 0 Piso:  Dpto:, 6100 RUFINO CP:;
001874U;VELAZQUEZ FELISA;Ord. 3303/22 hormigon armado;INDEPENDENCIA 535;22B;50;20;0;30;0;0;260576.25;149051.13;104663.23;253714.36;0;0;0;0;0;0;111525.12;0;0;17896;21927;324604;;;A;INDEPENDENCIA 535 Rep.Nro.: 0 Piso:  Dpto:, 6100RUFINO CP:;
001875U;AIME/BASSO JOSE LUIS;Ord. 3303/22 hormigon armado;INDEPENDENCIA 525;22B;50;1;49;0;0;0;260576.25;9406.74;0;9406.74;251159.06;2142.52;154296.14;407597.72;0;0;0;0;0;258;1741;322926;;;A;INDEPENDENCIA 525 Rep.Nro.: 0 Piso:  Dpto:, RUFINO CP:;
001958U;REBUFFO NESTOR R;Ord. 3303/22 hormigon armado;FERRARI 595;27A;50;4;46;0;0;0;258864.01;35934.36;4083.06;40017.42;222929.65;0;171044.31;393973.96;0;0;0;0;0;9181;1819;324605;;;A;FERRARI 595 Rep.Nro.: 0 Piso:  Dpto:, 6100RUFINO CP:;
002023U;BARBERIS EDUARDO;Ord. 3303/22 hormigon armado;CHACABUCO 614;4BD;1;0;1;0;0;0;145079.87;0;0;0;0;0;0;0;0;145079.87;0;0;0;1212;1449;323084;;;B;MORENO 045 Rep.Nro.: 0 Piso:  Dpto:, 6100 RUFINO CP:;
002023U;BARBERIS EDUARDO;Ord. 3303/22 hormigon armado;CHACABUCO 614;4BD;1;0;1;0;0;0;145079.87;0;0;0;130571.88;0;0;130571.88;0;0;0;0;0;1212;1449;323087;;;A;MORENO 045 Rep.Nro.: 0 Piso:  Dpto:, 6100 RUFINO CP:;
002024U;HERRERO GONZALO DAVID;Ord. 3303/22 hormigon armado;CHACABUCO 622;4B;50;27;23;0;0;0;208459.37;136062.13;154570.6;290632.73;72397.24;0;30660.36;103057.6;0;0;0;0;0;31123;31535;324606;;;A;CHACABUCO 622 Rep.Nro.: 0 Piso:  Dpto:, 6100 RUFINO CP:;
002025U;MON ROBERTO;Ord. 3303/22 hormigon armado;CHACABUCO 636;4BD;50;4;46;0;0;0;260576.25;30977.31;18912.61;49889.92;229598.94;0;204088.5;433687.44;0;0;0;0;0;6963;1883;324607;;;A;BV.BELGRANO 165 Rep.Nro.: 0 Piso:  Dpto:, 6100RUFINO CP:;
002026U;GUMA GUMERSINDO;Ord. 3303/22 hormigon armado;CHACABUCO 650 lot.b4-b7;4BD;50;0;50;0;0;0;261561.25;0;0;0;261561.25;0;5196.05;266757.3;0;0;0;0;0;5374;1884;324608;;;A;CHACABUCO 650 Rep.Nro.: 0 Piso:  Dpto:, 6100 RUFINO CP:;
002027U;GATICA JESUS;Ord. 3303/22 hormigon armado;CHACABUCO 660;4BD;50;0;50;0;0;0;248339.42;0;0;0;248152.37;0;1152.51;249304.88;0;187.05;0;0;0;4677;1885;324609;;;A;CHACABUCO 660 Rep.Nro.: 0 Piso:  Dpto:, 6100 RUFINO CP:;
002058U;RODRIGUEZ OSMAR W ;Ord. 3303/22 hormigon armado;CHACABUCO 635;6AC;50;10;40;0;0;0;199106.33;67083.79;23002.89;90086.68;132022.54;0;111094.85;243117.39;0;0;0;0;0;9467;14641;324610;;;A;CHACABUCO 635 Rep.Nro.: 0 Piso:  Dpto:, 6100RUFINO CP:;
002059U;AIMAR JOSE;Ord. 3303/22 hormigon armado;CHACABUCO 627;6AC;50;36;14;0;0;0;208459.37;151445.78;238676.96;390122.74;57013.59;0;13920.69;70934.28;0;0;0;0;0;240;1914;324611;;;A;B.FERREYRA 393 Rep.Nro.: 0 Piso:  Dpto:, 6100 RUFINO CP:;
002060U;CIANI JESUS ISIDRO;Ord. 3303/22 hormigon armado;CHACABUCO 615;6AC;50;6;0;44;0;0;234519.28;47520.72;9111.39;56632.11;0;0;0;0;0;0;186998.56;0;0;2832;6924;324612;;;A;CHACABUCO 615 Rep.Nro.: 0 Piso:  Dpto:, 6100 RUFINO CP:;
002078U;MUNICIPALIDAD/DUBRA DAMIAN NICOLAS;Venta de Terrenos Municipales;SAN JUAN 595;7D;29;1;28;0;0;0;19664524.17;494469.48;0;494469.48;19170054.69;0;7159754.4;26329809.09;0;0;0;0;0;44863;46419;350690;;;A;SAN JUAN 595 Rep.Nro.: 0 Piso:  Dpto:, 6100 RUFINO CP:;
002148U;MENDOZA ANSELMO;Ord. 3303/22 hormigon armado;MORENO 413;6AC;50;1;49;0;0;0;907688.39;32152.03;0;32152.03;875536.36;0;1082078.59;1957614.95;0;0;0;0;0;6746;1999;324613;;;A;MORENO 413 Rep.Nro.: 0 Piso:  Dpto:, 6100 RUFINO CP:;
002211U;TORTA FEDERICO NICOLAS;C.C. Res. 074/2026;IRIGOYEN.1615;117;4;0;4;0;0;0;128566.94;0;0;0;128566.94;0;14161.67;142728.61;0;0;0;0;0;28122;28776;382459;;;A;AZCUENAGA 315 Rep.Nro.: 0 Piso:  Dpto:, 6100 RUFINO CP:;
002213U;SOLA E./LUHACES HUGO;C.C. Res. 074/2026;IRIGOYEN.1625;117;4;4;0;0;0;0;40406.75;40406.75;4500.58;44907.33;0;0;0;0;0;0;0;0;0;10462;4333;382460;;;A;VICTORERO 495 Rep.Nro.: 0 Piso:  Dpto:, 6100RUFINO CP:;
002219U;ARGUELLES GERMAN ;Pavimiento Urbano;IRIGOYEN.1639;117;4;0;4;0;0;0;39828.24;0;0;0;0;0;0;0;0;39828.24;0;0;0;16710;16285;382468;;;B;IRIGOYEN.1639 Rep.Nro.: 0 Piso:  Dpto:, 6100RUFINO CP:;
002219U;ARGUELLES GERMAN ;C.C. Res. 074/2026;IRIGOYEN.1639;117;4;2;2;0;0;0;40406.75;20492.63;866.26;21358.89;19914.12;0;0;19914.12;0;0;0;0;0;16710;16285;382705;;;A;IRIGOYEN.1639 Rep.Nro.: 0 Piso:  Dpto:, 6100RUFINO CP:;
002224U;FREDES CLARA I.;Ord. 3303/22 hormigon armado;MORENO 478;6A;50;0;50;0;0;0;118130.14;0;0;0;118130.14;0;529.92;118660.06;0;0;0;0;0;19884;18625;324614;;;A;MORENO 544 Rep.Nro.: 0 Piso:  Dpto:, 6100RUFINO CP:;
002226U;PICCO ANDREA NOELIA;C.C. Res. 074/2026;IRIGOYEN.1649;117;4;1;3;0;0;0;40406.75;10535.57;0;10535.57;29871.18;0;1672.79;31543.97;0;0;0;0;0;8733;1372;382476;;;A;COLON 437 Rep.Nro.: 0 Piso:  Dpto:, 6100 RUFINO CP:;
002232U;HUERGA SL;C.C. Res. 074/2026;IRIGOYEN.1665;117;4;4;0;0;0;0;40406.75;40406.75;4500.58;44907.33;0;0;0;0;0;0;0;0;0;5503;2080;382489;;;A;MAGALLANES 435 Rep.Nro.: 0 Piso:  Dpto:, 6100RUFINO CP:;
002233U;CORDOBA OSCAR;C.C. Res. 074/2026;IRIGOYEN.1675;117;4;1;3;0;0;0;40406.75;10535.57;0;10535.57;29871.18;0;0;29871.18;0;0;0;0;0;47407;50094;382495;;;A;S.ORTIZ 120 Rep.Nro.: 0 Piso:  Dpto:, 6100RUFINO CP:;
002274U;SUAREZ NINFA ;Plan 50 ;FERRARI 703;27C;12;0;12;0;0;0;8455.35;0;0;0;8455.35;0;165.29;8620.64;0;0;0;0;0;10662;2119;276590;;CALLE 35 - FERRARI 700 - 800;A;FERRARI 703 Rep.Nro.: 0 Piso:  Dpto:, 6100 RUFINO CP:;
002275U;HERNANDEZ BLANCA DE;Plan 50 ;FERRARI 705;27C;12;0;12;0;0;0;11606.76;0;0;0;0;0;0;0;0;11606.76;0;0;0;5437;2120;276594;;CALLE 35 - FERRARI 700 - 800;B;FERRARI 705 Rep.Nro.: 0 Piso:  Dpto:, 6100RUFINO CP:;
002275U;HERNANDEZ BLANCA DE;Plan 50 ;FERRARI 705;27C;1;0;1;0;0;0;9558.5;0;0;0;9558.5;0;0;9558.5;0;0;0;0;0;5437;2120;278332;;calle 35 ferrari 700-800;A;FERRARI 705 Rep.Nro.: 0 Piso:  Dpto:, 6100RUFINO CP:;
002281U;FRANCESCATTO EDUARDO;Ord. 3303/22 hormigon armado;INDEPENDENCIA 564;22A;50;0;50;0;0;0;365289.94;0;0;0;365289.94;0;242195.08;607485.02;0;0;0;0;0;4277;2126;324615;;;A;INDEPENDENCIA 564 Rep.Nro.: 0 Piso:  Dpto:, 6100 RUFINO CP:;
002291U;CASTAÑO ISAAC C;Ord. 3303/22 hormigon armado;CHACABUCO 624;4BD;50;11;39;0;0;0;312691.09;109454.06;41460.79;150914.85;203237.03;0;355988.4;559225.43;0;0;0;0;0;2498;2136;324616;;;A;CHACABUCO 624 Rep.Nro.: 0 Piso:  Dpto:, 6100RUFINO CP:;
002295U;BELMUDEZ DELMAR ;C.C. Dec. 132/2017;F.A.GARIN 476;6C;1;0;0;1;0;0;1924.5;0;0;0;0;0;0;0;0;0;1924.5;0;0;1502;2140;223906;;;A;F.A.GARIN 476 Rep.Nro.: 0 Piso:  Dpto:, 6100-RUFINO;
002295U;BELMUDEZ DELMAR ;Ord. 3303/22 hormigon armado;F.A.GARIN 476;6C;50;50;0;0;0;0;260576.25;260576.25;422361.96;682938.21;0;0;0;0;0;0;0;0;0;1502;2140;324617;;;A;F.A.GARIN 476 Rep.Nro.: 0 Piso:  Dpto:, 6100RUFINO CP:;
002296U;FERRERO SILVINA DEL CARMEN;Pavimiento Urbano;F.A.GARIN 496;6C;168;0;168;0;0;0;7929.6;0;0;0;0;0;0;0;0;7929.6;0;0;0;4162;2141;221668;;;A;F.A.GARIN 496 Rep.Nro.: 0 Piso:  Dpto:, 6100-RUFINO;
002296U;FERRERO SILVINA DEL CARMEN;C.C. Dec. 132/2017;F.A.GARIN 496;6C;1;0;0;1;0;0;3849;0;0;0;0;0;0;0;0;0;3849;0;0;4162;2141;223910;;;A;F.A.GARIN 496 Rep.Nro.: 0 Piso:  Dpto:, 6100-RUFINO;
002296U;FERRERO SILVINA DEL CARMEN;Plan 50 ;F.A.GARIN 496;6C;12;0;3;0;0;9;16234.17;0;0;0;3277.2;0;4288.22;7565.42;0;0;0;0;12956.97;4162;2141;276895;;"CALLE 06 R.BOUSSY  700 - 800

";A;CARBALLEIRA.1350 Rep.Nro.: 0 Piso:  Dpto:, 6100RUFINO CP:;
002296U;FERRERO SILVINA DEL CARMEN;Ord. 3303/22 hormigon armado;F.A.GARIN 496;6C;50;11;0;0;0;39;771308.96;269988.79;102270.71;372259.5;0;0;0;0;0;0;0;0;501320.17;4162;2141;324618;;;A;CARBALLEIRA.1350 Rep.Nro.: 0 Piso:  Dpto:, 6100RUFINO CP:;
002297U;ARANGAY PEREZ MARIA FLORENCIA PILAR;Plan 50 ;R.BOUSSY 762;6C;12;0;12;0;0;0;16910.67;0;0;0;16910.67;0;22261.04;39171.71;0;0;0;0;0;23175;24155;276892;;CALLE 06 R.BOUSSY  700 - 800;A;R.BOUSSY 762 Rep.Nro.: 0 Piso:  Dpto:, 6100RUFINO CP:;
002297U;ARANGAY PEREZ MARIA FLORENCIA PILAR;Ord. 3303/22 hormigon armado;R.BOUSSY 762;6C;50;12;38;0;0;0;260576.25;98424.15;40832.55;139256.7;162152.1;0;118813.67;280965.77;0;0;0;0;0;23175;24155;324619;;;A;R.BOUSSY 762 Rep.Nro.: 0 Piso:  Dpto:, 6100RUFINO CP:;
002298U;VILLEGAS CARLOS ALBERTO;Plan 50 ;R.BOUSSY 746;6C;1;0;1;0;0;0;9558.5;0;0;0;9558.5;0;0;9558.5;0;0;0;0;0;15749;13999;276104;;calle 03 r. boussy 700-800;A;R.BOUSSY 760 Rep.Nro.: 0 Piso:  Dpto:, 6100RUFINO CP:;
002298U;VILLEGAS CARLOS ALBERTO;Ord. 3303/22 hormigon armado;R.BOUSSY 746;6C;50;0;50;0;0;0;258302.2;0;0;0;258302.2;0;78728.37;337030.57;0;0;0;0;0;15749;13999;324620;;;A;R.BOUSSY 760 Rep.Nro.: 0 Piso:  Dpto:, 6100RUFINO CP:;
002305U;RODRIGUEZ SIXTO;Adoquinado Barrio el Sol Ord. Nº 3413/2024;CENTENARIO.1195;15;20;20;0;0;0;0;496558.64;496558.64;355252.09;851810.73;0;0;0;0;0;0;0;0;0;9478;2150;361541;;;A;CAÑADA SECA Rep.Nro.: 0 Piso:  Dpto:, CAÑADA SECA CP:6105;
002306U;IPUCHA ALFREDO ANTONIO;Adoquinado Barrio el Sol Ord. Nº 3413/2024;ENTRE RIOS 176;15;20;0;20;0;0;0;525947.17;0;0;0;525947.17;0;29591.78;555538.95;0;0;0;0;0;5610;1201;361548;;;A;ENTRE RIOS 165 Rep.Nro.: 0 Piso:  Dpto:, 6100RUFINO CP:;
002307U;IPUCHA ALFREDO ANTONIO;Adoquinado Barrio el Sol Ord. Nº 3413/2024;ENTRE RIOS 160;15;20;0;20;0;0;0;675290.06;0;0;0;675290.06;0;37994.4;713284.46;0;0;0;0;0;5610;1201;361549;;;A;ENTRE RIOS 165 Rep.Nro.: 0 Piso:  Dpto:, 6100RUFINO CP:;
002308U;IPUCHA ALFREDO ANTONIO;Adoquinado Barrio el Sol Ord. Nº 3413/2024;ENTRE RIOS 136;15;20;0;20;0;0;0;1071373.39;0;0;0;1071373.39;0;60279.54;1131652.93;0;0;0;0;0;5610;1201;361553;;;A;ENTRE RIOS 165  Rep.Nro.: 0 Piso:  Dpto:, 6100 RUFINO CP:;
002309U;IPUCHA ALFREDO ANTONIO;Adoquinado Barrio el Sol Ord. Nº 3413/2024;ENTRE RIOS 120;15;20;15;5;0;0;0;1071373.39;850144.53;456665.9;1306810.43;221228.86;0;76199.97;297428.83;0;0;0;0;0;5610;1201;361554;;;A;MORENO 215 Rep.Nro.: 0 Piso:  Dpto:, 6100 RUFINO CP:;
002317U;SUPERIOR GOBIERNO PCIAL;Ord. 3303/22 hormigon armado;CENTRO EDUC.FISICA 018;4C;50;50;0;0;0;0;2605769.21;2605769.21;4223632.86;6829402.07;0;0;0;0;0;0;0;0;0;10684;15583;324621;;;A;SAAVEDRA 255 Rep.Nro.: 0 Piso:  Dpto:, 6100 RUFINO CP:;
002318U;FLORES CALAROTA SERGIO F;Plan 50 ;OMBU 320;27A;12;12;0;0;0;0;12683.01;12683.01;74817.73;87500.74;0;0;0;0;0;0;0;0;0;4231;2162;276663;;CALLE 43 - OMBU 300 - 400;A;OMBU 320 Rep.Nro.: 0 Piso:  Dpto:, 6100 RUFINO CP:;
002323U;AUDICIO OLGA/PEREZ;Plan 50 ;AYACUCHO.1065;10C;12;0;12;0;0;0;19799.76;0;0;0;0;0;0;0;0;19799.76;0;0;0;948;2166;276628;;"CALLE 37 - AYACUCHO 1000 - 1100

";B;AYACUCHO.1065 Rep.Nro.: 0 Piso:  Dpto:, 6100RUFINO CP:;
002323U;PEREZ ROBERTO OSCAR;Plan 50 ;AYACUCHO.1065;10C;48;18;30;0;0;0;64275.12;42776.16;181524.99;224301.15;21498.96;0;2319.08;23818.04;0;0;0;0;0;38601;39234;282116;;calle 37 - ayacucho 1000-1100;A;AYACUCHO.1065 Rep.Nro.: 0 Piso:  Dpto:, 6100RUFINO CP:;
002323U;PEREZ ROBERTO OSCAR;Pavimento Res. 046/2026;AYACUCHO.1065;10C;6;6;0;0;0;0;596222.4;596222.4;116068.16;712290.56;0;0;0;0;0;0;0;0;0;38601;39234;380077;;;A;AYACUCHO.1065 Rep.Nro.: 0 Piso:  Dpto:, 6100 RUFINO CP:;
002396U;ABBA LORENZO MIGUEL;Plan 50 ;SARG.CABRAL 595;21AC;12;8;4;0;0;0;9588.33;6715.36;39392.55;46107.91;2872.97;0;6042.88;8915.85;0;0;0;0;0;18011;17423;276647;;"CALLE 41 - SARG. CABRAL 500 - 600
";A;ASAMBLEA 869 Rep.Nro.: 0 Piso:  Dpto:, 6100 RUFINO CP:;
002396U;ABBA LORENZO MIGUEL;Plan 50 ;SARG.CABRAL 595;21AC;12;9;3;0;0;0;33821.22;26993.73;157694.74;184688.47;6827.49;0;9845.24;16672.73;0;0;0;0;0;18011;17423;276808;;CALLE 03 ASAMBLEA 800 - 900;A;ASAMBLEA 869 Rep.Nro.: 0 Piso:  Dpto:, 6100 RUFINO CP:;
002396U;ABBA LORENZO MIGUEL;Ord. 3303/22 hormigon armado;SARG.CABRAL 595;21AC;50;10;3;0;0;37;520780.35;167042.15;59287.82;226329.97;40267.22;0;0;40267.22;0;0;0;0;313470.98;18011;17423;324622;;;A;ASAMBLEA 869 Rep.Nro.: 0 Piso:  Dpto:, 6100 RUFINO CP:;
002397U;HEGLER JUAN;Plan 50 ;SARG.CABRAL 587;21;12;9;3;0;0;0;10992.03;8773.08;51251.49;60024.57;2218.95;0;3137.6;5356.55;0;0;0;0;0;5413;2230;276646;;CALLE 41 - SARG. CABRAL 500 - 600;A;SARG.CABRAL 587 Rep.Nro.: 0 Piso:  Dpto:, 6100RUFINO CP:;
002400U;MORALES JORGE OMAR;Plan 50 ;GARAY 995;CHA.3B;12;12;0;0;0;0;33821.22;33821.22;199513.11;233334.33;0;0;0;0;0;0;0;0;0;7052;2233;276947;;CALLE 08 GARAY 900-1000;A;M.ROCA 531 Rep.Nro.: 0 Piso:  Dpto:, 6100RUFINO CP:;
002401U;IRIARTE GUSTAVO ADRIAN;Plan 50 ;GARAY 975;CHA.3B;1;0;1;0;0;0;9558.5;0;0;0;9558.5;0;0;9558.5;0;0;0;0;0;5621;2234;275232;;desc. 30% contado;A;GARAY 975 Rep.Nro.: 0 Piso:  Dpto:, 6100RUFINO CP:;
002401U;IRIARTE GUSTAVO ADRIAN;Plan 50 ;GARAY 975;CHA.3B;12;0;12;0;0;0;11606.76;0;0;0;0;0;0;0;0;11606.76;0;0;0;5621;2234;276946;;CALLE 08 GARAY 900-1000;B;GARAY 975 Rep.Nro.: 0 Piso:  Dpto:, 6100RUFINO CP:;
002402U;DIMO GUSTAVO RUBEN;Plan 50 ;GARAY 965;CHA.3B;12;0;12;0;0;0;22667.36;0;0;0;22667.36;0;8436.82;31104.18;0;0;0;0;0;14013;13180;276945;;CALLE 08 GARAY 900-1000;A;CARBALLEIRA 118 Rep.Nro.: 0 Piso:  Dpto:, 6100 RUFINO CP:;
002403U;CORREA MARIO ALBERTO;Plan 50 ;GARAY 955;CHA.3B;1;0;1;0;0;0;9558.5;0;0;0;9558.5;0;0;9558.5;0;0;0;0;0;3190;2420;275612;;CALLE 08- GARAY 900-1000;A;M.ROCA 740 Rep.Nro.: 0 Piso:  Dpto:, 6100RUFINO CP:;
002404U;ZUBIMENDI GISELA LORENA;Plan 50 ;GARAY 937;CHA.3B;36;0;36;0;0;0;20514.86;0;0;0;20445.86;0;34.36;20480.22;0;69;0;0;0;22219;20051;275758;;CALLE 08 - GARAY 900 - 1000;A;GARAY 937 Rep.Nro.: 0 Piso:  Dpto:, 6100 RUFINO CP:;
002404U;ZUBIMENDI GISELA LORENA;Plan 50 ;GARAY 937;CHA.3B;12;0;12;0;0;0;13655.04;0;0;0;0;0;0;0;0;13655.04;0;0;0;22219;20051;276942;;CALLE 08 GARAY 900-1000;B;GARAY 937 Rep.Nro.: 0 Piso:  Dpto:, 6100 RUFINO CP:;
002405U;PRATTI RUBEN ANGEL;Plan 50 ;GARAY 929;CHA.3B;12;0;12;0;0;0;8455.35;0;0;0;8455.35;0;1361.03;9816.38;0;0;0;0;0;19001;17814;276941;;CALLE 08 GARAY 900-1000;A;GARAY 929 Rep.Nro.: 0 Piso:  Dpto:, 6100RUFINO CP:;
002406U;SUCESION DE ISSOGLIO JORGE CARLOS;Plan 50 ;GARAY 915;CHA.3B;1;0;1;0;0;0;11982.26;0;0;0;11982.26;0;0;11982.26;0;0;0;0;0;5670;2239;276033;;CALLE 08 GARAY 900-100;A;GARAY 925 Rep.Nro.: 0 Piso:  Dpto:, 6100 RUFINO CP:;
002407U;FESTINI FLAVIO MIGUEL;Plan 50 ;GARAY 901;CHA.3B;1;0;1;0;0;0;12426.05;0;0;0;12426.05;0;0;12426.05;0;0;0;0;0;4188;1427;275727;;CALLE8 - GARAY 900 - 1000;A;GARAY 901 Rep.Nro.: 0 Piso:  Dpto:, 6100RUFINO CP:;
002407U;FESTINI FLAVIO MIGUEL;Plan 50 ;GARAY 901;CHA.3B;12;0;12;0;0;0;15088.8;0;0;0;0;0;0;0;0;15088.8;0;0;0;4188;1427;276939;;"CALLE 08 GARAY 900-1000
";B;GARAY 901 Rep.Nro.: 0 Piso:  Dpto:, 6100RUFINO CP:;
002416U;MORALES/CORIA SILVIA;Plan 50 ;GARAY.1005;CHA.3B;36;0;36;0;0;0;23244.25;0;0;0;23244.25;0;27006.6;50250.85;0;0;0;0;0;7068;2247;276413;;CALLE 07 - GARAY 1000 - 1100;A;R.BOUSSY 760 Rep.Nro.: 0 Piso:  Dpto:, 6100RUFINO CP:;
002417U;ILLIANO OLGA R;Ord. 3303/22 hormigon armado;ALBERDI 376;27A;24;0;24;0;0;0;170792.23;0;0;0;170792.23;0;193968.34;364760.57;0;0;0;0;0;5565;2248;322290;;;A;ALBERDI 376 Rep.Nro.: 0 Piso:  Dpto:, 6100RUFINO CP:;
002418U;MARINELLI JUAN J/MILL, RICARDO;Ord. 3303/22 hormigon armado;ALBERDI 360;27A;50;0;50;0;0;0;356806.4;0;0;0;0;0;0;0;0;356806.4;0;0;0;6429;2249;324623;;;A;ALBERDI 360 Rep.Nro.: 0 Piso:  Dpto:, 6100 RUFINO CP:;
002468U;GIL RICARDO HUMBERTO;Cordon Cuneta;GRAL.LOPEZ 405;21B;34;34;0;0;0;0;340;340;4202.9;4542.9;0;0;0;0;0;0;0;0;0;25951;26815;281699;;Cordon Cuneta ;A;FORMOSA 095 Rep.Nro.: 0 Piso:  Dpto:, 6100RUFINO CP:;
002470U;BERTAGNINI CARLOS A;Plan 50 ;R.BOUSSY 786;6C;12;0;12;0;0;0;13410.93;0;0;0;5980.29;0;92.49;6072.78;0;7430.64;0;0;0;1604;2288;275707;;CALLE 06 - R.BOUSSY 700 - 800;A;R.BOUSSY 786 Rep.Nro.: 0 Piso:  Dpto:, 6100RUFINO CP:;
002470U;BERTAGNINI CARLOS A;Ord. 3303/22 hormigon armado;R.BOUSSY 786;6C;50;0;50;0;0;0;184058.12;0;0;0;183952.22;0;7271.58;191223.8;0;105.9;0;0;0;1604;2288;324624;;;A;R.BOUSSY 786 Rep.Nro.: 0 Piso:  Dpto:, 6100RUFINO CP:;
002478U;TURRI RICARDO ALFONSO;Plan 50 ;SOLIS ;27C;24;0;24;0;0;0;7431.99;0;0;0;7431.99;0;16547.72;23979.71;0;0;0;0;0;10975;2296;276026;;CALLE 51 - SOLIS 300 - 400;A;SOLIS 329 Rep.Nro.: 0 Piso:  Dpto:, 6100 RUFINO CP:;
002480U;MUNICIPALIDAD DE RUFINO;Plan 50 ;FERRARI 670;22BD;1;0;1;0;0;0;12289.5;0;0;0;0;0;0;0;0;12289.5;0;0;0;7461;15172;276471;;CALLE 36 - FERRARI 600 - 700;A;.ITALIA 127 Rep.Nro.: 0 Piso:  Dpto:, 6100RUFINO CP:;
002487U;RODRIGUEZ MA DEL PILAR;Plan 50 ;OMBU 435;22BD;12;0;12;0;0;0;6980.09;0;0;0;6876.6;0;13.83;6890.43;0;103.49;0;0;0;9461;2304;276382;;CALLE 44 - OMBU 400 - 500;A;27 DE FEBRERO 055 Rep.Nro.: 0 Piso:  Dpto:, 6100RUFINO CP:;
002490U;GARCIA/PEREZ OSCAR;Plan 50 ;FERRARI 650;22BD;48;18;2;28;0;0;28331.42;5424.44;30742.44;36166.88;435.26;0;178.57;613.83;0;0;22471.72;0;0;4620;2305;276032;;"CALLE 36 - FERRARI 600 - 700
";A;FERRARI 662 Rep.Nro.: 0 Piso:  Dpto:, 6100 RUFINO CP:;
002490U;GARCIA/PEREZ OSCAR;Plan 50 ;FERRARI 650;22BD;48;18;2;28;0;0;47218.7;9040.67;51237.03;60277.7;725.42;0;297.61;1023.03;0;0;37452.61;0;0;4620;2305;276036;;"CALLE 44 - OMBU 400 - 500
";A;FERRARI 662 Rep.Nro.: 0 Piso:  Dpto:, 6100 RUFINO CP:;
002492U;KELLY JORGE ELDO;Plan 50 ;FERRARI 660;22BD;12;0;12;0;0;0;15219.63;0;0;0;15219.63;0;2951.07;18170.7;0;0;0;0;0;37397;37940;276615;;CALLE 36 - FERRARI 600 - 700;A;AMERICA 029 Rep.Nro.: 0 Piso:  Dpto:, 6100 RUFINO CP:;
002494U;SEGOVIA ANA J;Plan 50 ;FERRARI 941;26AC;12;12;0;0;0;0;21814.65;21814.65;128685.75;150500.4;0;0;0;0;0;0;0;0;0;10147;15232;276949;;CALLE 33 - FERRARI 900 - 1000;A;FERRARI 941 Rep.Nro.: 0 Piso:  Dpto:, 6100 RUFINO CP:;
002495U;SOLA MARIA CRISTINA ;Plan 50 ;GUEMES 295;26BD;12;0;12;0;0;0;27599.01;0;0;0;27185.04;0;17157.25;44342.29;0;413.97;0;0;0;16126;16017;277043;;calle 21- guemes 200-300;A;J.B.JUSTO 580 Rep.Nro.: 0 Piso:  Dpto:, 6100 RUFINO CP:;
002495U;SOLA MARIA CRISTINA ;Ord. 3303/22 hormigon armado;GUEMES 295;26BD;50;1;49;0;0;0;520458.36;18813.51;0;18813.51;501644.85;0;16771.66;518416.51;0;0;0;0;0;16126;16017;324625;;;A;J.B.JUSTO 580 Rep.Nro.: 0 Piso:  Dpto:, 6100 RUFINO CP:;
002496U;BLANGHETTI RAUL;Plan 50 ;FERRARI 674;22BD;12;12;0;0;0;0;15219.63;15219.63;89781.38;105001.01;0;0;0;0;0;0;0;0;0;1768;2310;276616;;CALLE 36 - FERRARI 600 - 700;A;FERRARI 720 Rep.Nro.: 0 Piso:  Dpto:, 6100 RUFINO CP:;
002520U;MAGALLANES JUAN ;Plan 50 ;FERRARI 612;22BD;12;0;12;0;0;0;13080.54;0;0;0;12886.59;0;215.32;13101.91;0;193.95;0;0;0;6160;2332;275744;;CALLE 36 - FERRARI 600 - 700;A;FERRARI 612 Rep.Nro.: 0 Piso:  Dpto:, 6100RUFINO CP:;
002521U;DUTTO BLANCA ESTHER;Plan 50 ;FERRARI 736;22D;12;0;12;0;0;0;11606.52;0;0;0;0;0;0;0;0;11606.52;0;0;0;17272;16430;276581;;CALLE 35 - FERRARI 700 - 800;B;FERRARI 746 Rep.Nro.: 0 Piso:  Dpto:, 6100 RUFINO CP:;
002521U;DUTTO BLANCA ESTHER;Plan 50 ;FERRARI 736;22D;36;0;36;0;0;0;17299.41;0;0;0;17242.41;0;800.18;18042.59;0;57;0;0;0;17272;16430;277161;;calle 35 - ferrari 700-800;A;FERRARI 746 Rep.Nro.: 0 Piso:  Dpto:, 6100 RUFINO CP:;
002522U;ALE EDGARDO DANIEL;Plan 50 ;FERRARI 724;22D;24;0;24;0;0;0;23213.52;0;0;0;0;0;0;0;0;23213.52;0;0;0;335;2334;276575;;;B;FERRARI 724 Rep.Nro.: 0 Piso:  Dpto:, 6100 RUFINO CP:;
002522U;ALE EDGARDO DANIEL;Plan 50 ;FERRARI 724;22D;12;0;12;0;0;0;14374.05;0;0;0;14374.05;0;2372.34;16746.39;0;0;0;0;0;335;2334;276580;;CALLE 35 - FERRARI 700 - 800;A;FERRARI 724 Rep.Nro.: 0 Piso:  Dpto:, 6100 RUFINO CP:;
002523U;DUTTO BLANCA ESTHER;Plan 50 ;FERRARI 746;22D;12;0;12;0;0;0;11606.76;0;0;0;0;0;0;0;0;11606.76;0;0;0;17272;16430;276583;;CALLE 35 - FERRARI 700 - 800;B;FERRARI 746 Rep.Nro.: 0 Piso:  Dpto:, 6100RUFINO CP:;
002523U;DUTTO BLANCA ESTHER;Plan 50 ;FERRARI 746;22D;36;0;36;0;0;0;17299.41;0;0;0;17242.41;0;800.18;18042.59;0;57;0;0;0;17272;16430;277165;;calle 35- ferrari 700-800;A;FERRARI 746 Rep.Nro.: 0 Piso:  Dpto:, 6100RUFINO CP:;
002524U;LOMBARDI CARINA ANDREA;Ord. 3303/22 hormigon armado;ALBERDI 324;27A;50;28;22;0;0;0;338752.26;242558.78;238699.3;481258.08;96193.48;0;134549;230742.48;0;0;0;0;0;14549;14049;324626;;;A;ALBERDI 324 Rep.Nro.: 0 Piso:  Dpto:, 6100 RUFINO CP:;
002525U;VAZQUEZ CEFERINO;Ord. 3303/22 hormigon armado;ALBERDI 340;27A;50;19;0;0;0;31;521153.63;286715.99;191768.39;478484.38;0;0;0;0;0;0;0;0;234437.64;11138;2337;324627;;;A;ALBERDI 340 Rep.Nro.: 0 Piso:  Dpto:, 6100RUFINO CP:;
002527U;DALMAZZO STELLA MARIS;Plan 50 ;M.ROCA 634;27A;1;0;1;0;0;0;9558.5;0;0;0;9558.5;0;0;9558.5;0;0;0;0;0;35680;36207;275224;;Calle 43 Ombu 300 - 400;A;M.ROCA 634 Rep.Nro.: 0 Piso:  Dpto:, 6100RUFINO CP:;
002528U;ZAPATA CARLOS;Plan 50 ;FERRARI 615;27A;12;12;0;0;0;0;16217.28;16217.28;95666.57;111883.85;0;0;0;0;0;0;0;0;0;11513;2340;276618;;CALLE 36 - FERRARI 600 - 700;A;BV.SAN MARTIN 377 Rep.Nro.: 0 Piso:  Dpto:, 6100RUFINO CP:;
002529U;BLANGETTI FA;Plan 50 ;ALBERDI 387;27A;1;0;1;0;0;0;8602.7;0;0;0;8602.7;0;0;8602.7;0;0;0;0;0;1766;2341;275942;;calle 36-ferrari 600-700;A;ALBERDI 387 Rep.Nro.: 0 Piso:  Dpto:, 6100RUFINO CP:;
002529U;BLANGETTI FA;Ord. 3303/22 hormigon armado;ALBERDI 387;27A;50;2;48;0;0;0;1302884.55;92786.56;4529.52;97316.08;1148164.95;0;478053.13;1626218.08;0;61933.04;0;0;0;1766;2341;324628;;;A;ALBERDI 387 Rep.Nro.: 0 Piso:  Dpto:, 6100RUFINO CP:;
002536U;SALE JUAN PABLO;Plan 50 ;FERRARI 739;27C;12;0;12;0;0;0;26211.48;0;0;0;26211.48;0;41401.08;67612.56;0;0;0;0;0;31522;31911;276611;;CALLE 35 - FERRARI 700 - 800;A;JUJUY 220 Rep.Nro.: 0 Piso:  Dpto:, 6100 RUFINO CP:;
002537U;LIBORIO JUAN A;Plan 50 ;FERRARI 725;27C;12;0;12;0;0;0;12893.49;0;0;0;12893.49;0;1443.51;14337;0;0;0;0;0;5890;2348;276608;;CALLE 35 - FERRARI 700 - 800;A;FERRARI 725 Rep.Nro.: 0 Piso:  Dpto:, 6100RUFINO CP:;
002538U;TORRES LAURA VERONICA;Plan 50 ;FERRARI 723;27C;12;12;0;0;0;0;14374.05;14374.05;84793.26;99167.31;0;0;0;0;0;0;0;0;0;24391;28559;276597;;CALLE 35 - FERRARI 700 - 800;A;FERRARI 723 Rep.Nro.: 0 Piso:  Dpto:, 6100RUFINO CP:;
002539U;PEREYRA SA;Plan 50 ;FERRARI 687;27C;12;12;0;0;0;0;14204.88;14204.88;83795.34;98000.22;0;0;0;0;0;0;0;0;0;8562;2350;276620;;CALLE 36 - FERRARI 600 - 700;A;FERRARI 687 Rep.Nro.: 0 Piso:  Dpto:, 6100 RUFINO CP:;
002599U;CORRAL RUBEN;C.C. Dec. 139/2017;ITALIA 699;13A;1;0;0;1;0;0;3849;0;0;0;0;0;0;0;0;0;1487.8;0;0;3168;2405;225252;;;A;ITALIA 699 Rep.Nro.: 0 Piso:  Dpto:, 6100-RUFINO;
002599U;CORRAL RUBEN;Ord. 3303/22 hormigon armado;ITALIA 699;13A;50;0;7;43;0;0;521153.63;0;0;0;121620.47;0;3146.03;124766.5;0;0;399533.16;0;0;3168;2405;324629;;;A;ITALIA 699 Rep.Nro.: 0 Piso:  Dpto:, 6100RUFINO CP:;
002609U;AIME TERESA DE ;Plan 50 ;OMBU 430;22BD;12;0;12;0;0;0;9911.6;0;0;0;9761.54;0;689.66;10451.2;0;150.06;0;0;0;255;2415;276671;;CALLE 44 - OMBU 400 - 500;A;CHACABUCO 583 Rep.Nro.: 0 Piso:  Dpto:, 6100RUFINO CP:;
002613U;BONETTO MIRTA;Ord. 3303/22 hormigon armado;L.DE LA TORRE 106;28AC;50;6;44;0;0;0;188918.85;38280.72;7339.75;45620.47;150638.13;0;191161.88;341800.01;0;0;0;0;0;1887;2366;324630;;;A;BV.ESPAÑA 976 Rep.Nro.: 0 Piso:  Dpto:, 6100 RUFINO CP:;
002615U;GARBARINI NELSON O;Ord. 3303/22 hormigon armado;ALBERDI 305;27A;50;0;50;0;0;0;94777.48;0;0;0;0;0;0;0;0;94777.48;0;0;0;4529;2338;324631;;;A;M.ROCA 622 Rep.Nro.: 0 Piso:  Dpto:, 6100RUFINO CP:;
002640U;BAIARDI EDMUNDO ERICH;Plan 50 ;M.ROCA 744;27C;12;12;0;0;0;0;21138.33;21138.33;124696.1;145834.43;0;0;0;0;0;0;0;0;0;1060;2445;277172;;CALLE 51 SOLIS 300-400;A;M.ROCA 734 Rep.Nro.: 0 Piso:  Dpto:, 6100RUFINO CP:;
002641U;ARGUELLES/ROJO HECTOR;Plan 50 ;SOLIS 330;27C;12;0;12;0;0;0;8455.35;0;0;0;8455.35;0;11464.34;19919.69;0;0;0;0;0;844;2447;277173;;CALLE 51 SOLIS 300-400;A;J.B.JUSTO 579 Rep.Nro.: 0 Piso:  Dpto:, 6100RUFINO CP:;
002642U;PUCHETA ELIDA FELISA ;Ord. 3303/22 hormigon armado;ALBERDI 315;27A;50;20;0;0;0;30;351518.08;201070.13;141190.82;342260.95;0;0;0;0;0;0;0;0;150447.95;19411;18252;324632;;;A;ALBERDI 315 Rep.Nro.: 0 Piso:  Dpto:, 6100RUFINO CP:;
002652U;CILLEROS LORENA V;C.C. Ord. 3081/2016;AYACUCHO 726;6D;1;0;0;1;0;0;1924.5;0;0;0;0;0;0;0;0;0;1924.5;0;0;17264;16428;167781;;;A;CARBALLEIRA 533 Rep.Nro.: 0 Piso:  Dpto:, 6100RUFINO;
002652U;CILLEROS LORENA V;Pavimento Res. 046/2026;AYACUCHO 726;6D;1;0;1;0;0;0;2033570;0;0;0;1830213;0;0;1830213;0;0;0;0;0;17264;16428;379261;;;A;CARBALLEIRA 533 Rep.Nro.: 0 Piso:  Dpto:, 6100RUFINO CP:;
002653U;CILLEROS LORENA V;C.C. Ord. 3081/2016;AYACUCHO 736;6D;1;0;0;1;0;0;1924.5;0;0;0;0;0;0;0;0;0;1924.5;0;0;17264;16428;167782;;;A;CARBALLEIRA 533 Rep.Nro.: 0 Piso:  Dpto:, 6100 RUFINO;
002653U;CILLEROS LORENA V;Pavimento Res. 046/2026;AYACUCHO 736;6D;1;0;1;0;0;0;2033570;0;0;0;1830213;0;0;1830213;0;0;0;0;0;17264;16428;379262;;;A;CARBALLEIRA 533 Rep.Nro.: 0 Piso:  Dpto:, 6100 RUFINO CP:;
002654U;MANAZI DIEGO SEBASTIAN;C.C. Ord. 3081/2016;AYACUCHO 744;6D;1;0;1;0;0;0;1924.5;0;0;0;1924.5;0;0;1924.5;0;0;0;0;0;14633;13477;167783;;;A;AYACUCHO 744 Rep.Nro.: 0 Piso:  Dpto:, 6100RUFINO;
002654U;MANAZI DIEGO SEBASTIAN;Pavimento Res. 046/2026;AYACUCHO 744;6D;6;5;1;0;0;0;411187.86;343402.19;52458.24;395860.43;67785.67;0;19047.77;86833.44;0;0;0;0;0;14633;13477;380011;;;A;AYACUCHO 744 Rep.Nro.: 0 Piso:  Dpto:, 6100RUFINO CP:;
002655U;GONDOU/PALMERO ANTONIO;C.C. Ord. 3081/2016;AYACUCHO 754;6D;1;0;0;1;0;0;1924.5;0;0;0;0;0;0;0;0;0;1724.5;0;0;5044;2459;167785;;;A;AYACUCHO 754 Rep.Nro.: 0 Piso:  Dpto:, 6100RUFINO;
002655U;GONDOU/PALMERO ANTONIO;Pavimento Res. 046/2026;AYACUCHO 754;6D;6;1;5;0;0;0;411187.86;69276.95;0;69276.95;341910.91;0;25216.27;367127.18;0;0;0;0;0;5044;2459;380012;;;A;AYACUCHO 754 Rep.Nro.: 0 Piso:  Dpto:, 6100RUFINO CP:;
002656U;MARTINEZ HUGO;C.C. Ord. 3081/2016;AYACUCHO 766;6D;1;0;0;1;0;0;1924.5;0;0;0;0;0;0;0;0;0;1924.5;0;0;6574;2460;167786;;;A;AYACUCHO 758 Rep.Nro.: 0 Piso:  Dpto:, 6100RUFINO;
002656U;MARTINEZ YANINA VANESA;Pavimento Res. 046/2026;AYACUCHO 766;6D;6;1;5;0;0;0;411187.86;69276.95;0;69276.95;341910.91;0;0;341910.91;0;0;0;0;0;23038;24068;378834;;;A;AYACUCHO 758 Rep.Nro.: 0 Piso:  Dpto:, 6100 RUFINO CP:;
002657U;GERARDI ENZO BRUNO;C.C. Ord. 3081/2016;AYACUCHO 776;6D;1;0;0;1;0;0;1924.5;0;0;0;0;0;0;0;0;0;1924.5;0;0;4707;2461;167787;;;A;AYACUCHO 760 Rep.Nro.: 0 Piso:  Dpto:, 6100RUFINO;
002657U;GERARDI ENZO BRUNO;Pavimento Res. 046/2026;AYACUCHO 776;6D;7;0;7;0;0;0;994466.59;0;0;0;930166.59;0;0;930166.59;0;0;0;0;0;4707;2461;378128;;;A;AYACUCHO 760 Rep.Nro.: 0 Piso:  Dpto:, 6100 RUFINO CP:;
002658U;BURGOS IRMA;C.C. Ord. 3081/2016;F.A.GARIN 590;6D;1;0;0;1;0;0;3849;0;0;0;0;0;0;0;0;0;3849;0;0;2095;2462;167788;;;A;F.A.GARIN 590 Rep.Nro.: 0 Piso:  Dpto:, 6100RUFINO;
002658U;BURGOS IRMA;C.C. Dec. 132/2017;F.A.GARIN 590;6D;1;0;0;1;0;0;2623.09;0;0;0;0;0;0;0;0;0;1444.09;0;0;2095;2462;223939;;;A;F.A.GARIN 590 Rep.Nro.: 0 Piso:  Dpto:, 6100-RUFINO;
002658U;BURGOS IRMA;Pavimento Res. 046/2026;F.A.GARIN 590;6D;6;4;2;0;0;0;1382824.77;926898.37;104152.74;1031051.11;455926.4;0;47644.31;503570.71;0;0;0;0;0;2095;2462;380013;;"13.63 m POR CALLE GARIN
20 m POR CALLE AYACUCHO";A;F.A.GARIN 590 Rep.Nro.: 0 Piso:  Dpto:, 6100 RUFINO CP:;
002659U;GERARDI ENZO BRUNO;C.C. Dec. 132/2017;F.A.GARIN 580;6D;1;0;1;0;0;0;2309.4;0;0;0;2309.4;0;0;2309.4;0;0;0;0;0;4707;2461;223938;;;A;F.A.GARIN 580 Rep.Nro.: 0 Piso:  Dpto:, 6100-RUFINO;
002659U;GERARDI ENZO BRUNO;Pavimento Res. 046/2026;F.A.GARIN 580;6D;6;0;6;0;0;0;493425.42;0;0;0;493425.42;0;0;493425.42;0;0;0;0;0;4707;2461;378114;;;A;AYACUCHO 760 Rep.Nro.: 0 Piso:  Dpto:, 6100 RUFINO CP:;
002716U;DOMINGUEZ JOSE LUIS;C.C. Ord. 3081/2016;BOLIVAR 322;37;1;0;0;1;0;0;2755.9;0;0;0;0;0;0;0;0;0;2755.9;0;0;13973;13832;166427;;;A;BOLIVAR 322 Rep.Nro.: 0 Piso:  Dpto:, 6100RUFINO;
002721U;BERTOLIN OSCAR ALBERTO;C.C. Dec. 132/2017;F.A.GARIN 572;6D;1;0;1;0;0;0;1924.5;0;0;0;1924.5;0;0;1924.5;0;0;0;0;0;15825;13530;223937;;;A;F.A.GARIN 572 Rep.Nro.: 0 Piso:  Dpto:, 6100-RUFINO;
002721U;BERTOLIN OSCAR ALBERTO;Pavimento Res. 046/2026;F.A.GARIN 572;6D;6;1;5;0;0;0;411187.86;69276.95;0;69276.95;341910.91;0;0;341910.91;0;0;0;0;0;15825;13530;379174;;;A;F.A.GARIN 572 Rep.Nro.: 0 Piso:  Dpto:, 6100RUFINO CP:;
002722U;GIORDANO SILVIO ;C.C. Dec. 132/2017;F.A.GARIN 562;6D;1;0;0;1;0;0;1924.5;0;0;0;0;0;0;0;0;0;1924.5;0;0;4906;2524;223936;;;A;F.A.GARIN 562 Rep.Nro.: 0 Piso:  Dpto:, 6100-RUFINO;
002722U;GIORDANO SILVIO ;Pavimento Res. 046/2026;F.A.GARIN 562;6D;6;1;5;0;0;0;411187.86;69276.95;0;69276.95;341910.91;0;0;341910.91;0;0;0;0;0;4906;2524;380101;;;A;F.A.GARIN 562 Rep.Nro.: 0 Piso:  Dpto:, 6100RUFINO CP:;
002723U;GIORDANO SILVIO ;C.C. Dec. 132/2017;F.A.GARIN 550;6D;1;0;0;1;0;0;1924.5;0;0;0;0;0;0;0;0;0;1924.5;0;0;4906;2524;223935;;;A;F.A.GARIN 550 Rep.Nro.: 0 Piso:  Dpto:, 6100-RUFINO;
002723U;GIORDANO SILVIO ;Pavimento Res. 046/2026;F.A.GARIN 550;6D;6;1;5;0;0;0;411187.86;69276.95;0;69276.95;341910.91;0;0;341910.91;0;0;0;0;0;4906;2524;380099;;;A;F.A.GARIN 562 Rep.Nro.: 0 Piso:  Dpto:, 6100RUFINO CP:;
002724U;RESTAINO HECTOR;C.C. Ord. 3081/2016;MAGALLANES 360;36;1;0;0;1;0;0;1962.99;0;0;0;0;0;0;0;0;0;1962.99;0;0;9216;2508;168536;;;A;CATAMARCA 215 Rep.Nro.: 0 Piso:  Dpto:, 6100RUFINO;
002776U;DEHESA ROBERTO GUSTAVO;Concreto asfaltico plan parra;BV.SAN MARTIN.1359;50;50;10;40;0;0;0;273017.19;87341.33;34455.08;121796.41;185675.86;0;89653.18;275329.04;0;0;0;0;0;3470;2570;324552;;;A;BV.SAN MARTIN.1359 Rep.Nro.: 0 Piso:  Dpto:, 6100 RUFINO CP:;
002777U;CONCARO HUGO J ;Concreto asfaltico plan parra;BV.SAN MARTIN.1365;50;50;0;50;0;0;0;152627.7;0;0;0;139461.67;0;22.55;139484.22;0;83.03;0;0;0;3058;2571;322865;;;A;BV.SAN MARTIN.1365 Rep.Nro.: 0 Piso:  Dpto:, 6100 RUFINO CP:;
002778U;MUNIC/REGIS LUZ ;Concreto asfaltico plan parra;BV.SAN MARTIN.1375;50;50;1;49;0;0;0;273634.49;9210.62;2118.44;11329.06;264423.87;0;5695.63;270119.5;0;0;0;0;0;7398;2572;324553;;;A;BV.SAN MARTIN.1375 Rep.Nro.: 0 Piso:  Dpto:, 6100RUFINO CP:;
002779U;MUNIC/TORTA DANIEL ;Concreto asfaltico plan parra;J.HERNANDEZ 006;50;50;0;50;0;0;0;50;0;0;0;0;0;0;0;0;50;0;0;0;7430;2573;321758;;;B;J.HERNANDEZ 006 Rep.Nro.: 0 Piso:  Dpto:, 6100RUFINO CP:;
002779U;MUNIC/TORTA DANIEL ;Ord. 3303/22 hormigon armado;J.HERNANDEZ 006;50;50;1;49;0;0;0;145168.12;5244.28;0;5244.28;139923.84;0;29310.98;169234.82;0;0;0;0;0;7430;2573;321759;;;A;J.HERNANDEZ 006 Rep.Nro.: 0 Piso:  Dpto:, 6100RUFINO CP:;
002779U;MUNIC/TORTA DANIEL ;Concreto asfaltico plan parra;J.HERNANDEZ 006;50;50;1;49;0;0;0;274381.31;9957.44;0;9957.44;264423.87;0;55293.31;319717.18;0;0;0;0;0;7430;2573;321760;;;A;J.HERNANDEZ 006 Rep.Nro.: 0 Piso:  Dpto:, 6100RUFINO CP:;
002780U;SPADA OSVALDO JOSE;Ord. 3303/22 hormigon armado;J.HERNANDEZ 014;50;12;0;12;0;0;0;185343.38;0;0;0;185343.38;0;396652.86;581996.24;0;0;0;0;0;31956;32322;323091;;;A;J.HERNANDEZ 014 Rep.Nro.: 0 Piso:  Dpto:, 6100 RUFINO CP:;
002781U;BUFFA DOMINGA ANGELA;Ord. 3303/22 hormigon armado;J.HERNANDEZ 030;50;50;29;21;0;0;0;290338.28;197103.65;244727.22;441830.87;93234.63;3412.4;182673.88;279320.91;0;0;0;0;0;2082;2575;324633;;;A;J.HERNANDEZ 030 Rep.Nro.: 0 Piso:  Dpto:, 6100RUFINO CP:;
002782U;MUNIC/ACOSTA HUGO;Ord. 3303/22 hormigon armado;J.HERNANDEZ 036;50;50;3;3;44;0;0;287417.72;30277.52;2323.39;32600.91;27962.08;0;0;27962.08;0;0;229178.12;0;0;7251;2576;324634;;;A;J.HERNANDEZ 036 Rep.Nro.: 0 Piso:  Dpto:, 6100RUFINO CP:;
002783U;ITHURBIDE PATRICIA A;Ord. 3303/22 hormigon armado;J.HERNANDEZ 052;50;50;19;0;0;0;31;287676.92;158267.33;105856.2;264123.53;0;0;0;0;0;0;0;0;129409.59;5674;15243;324635;;;A;J.HERNANDEZ 052 Rep.Nro.: 0 Piso:  Dpto:, 6100RUFINO CP:;
002784U;MUNIC/CALDERON MAR;Ord. 3303/22 hormigon armado;J.HERNANDEZ 058;50;50;1;49;0;0;0;287034.28;10375.73;0;10375.73;276658.54;8403.6;13197.79;298259.93;0;0;0;0;0;7279;2577;324636;;;A;BV.ESPAÑA 101 Rep.Nro.: 0 Piso:  Dpto:, 6100 RUFINO CP:;
002785U;MUNIC/BECERRA CINTIA;Ord. 3303/22 hormigon armado;J.HERNANDEZ 074;50;50;9;41;0;0;0;290543.34;85091.86;26066.23;111158.09;205451.48;0;386265.66;591717.14;0;0;0;0;0;7267;2578;324637;;;A;J.HERNANDEZ 074 Rep.Nro.: 0 Piso:  Dpto:, 6100RUFINO CP:;
002786U;ZUBIMENDI GISELA LORENA;Ord. 3303/22 hormigon armado;J.HERNANDEZ 080;50;48;1;47;0;0;0;336832.46;8670.94;11419.63;20090.57;328161.55;5727.33;3506.41;337395.29;0;0;0;0;0;22219;20051;322788;;;A;J.HERNANDEZ 080 Rep.Nro.: 0 Piso:  Dpto:, 6100 RUFINO CP:;
002787U;AUDISIO EDITH E;Ord. 3303/22 hormigon armado;J.HERNANDEZ 090;50;1;0;1;0;0;0;157052.48;0;0;0;141347.23;0;0;141347.23;0;0;0;0;0;950;2580;322780;;;A;J.HERNANDEZ 090 Rep.Nro.: 0 Piso:  Dpto:, 6100 RUFINO CP:;
002794U;MUNIC/CROCCO ENRIQUE D;Concreto asfaltico plan parra;J.HERNANDEZ  042 BIS;51;50;11;26;0;0;13;295936.15;104062.15;39418.34;143480.49;102101.45;0;119387.69;221489.14;0;0;0;0;89772.55;7474;15247;324554;;;A;.ITALIA 127 Rep.Nro.: 0 Piso:  Dpto:, 6100RUFINO CP:;
002795U;FIXE MARGARITA C.;Concreto asfaltico plan parra;J.HERNANDEZ  032 BIS;51;50;7;43;0;0;0;293496.28;69377.2;15884;85261.2;223262.86;5613.08;2984.17;231860.11;0;856.22;0;0;0;16800;16286;322708;;;A;SAN LORENZO 420 Rep.Nro.: 0 Piso:  Dpto:, 6100 RUFINO CP:;
002796U;MUNIC/REBUFFO NESTOR;Concreto asfaltico plan parra;J.HERNANDEZ  022 BIS;51;50;10;0;0;0;40;295936.15;95669.4;32804.85;128474.25;0;0;0;0;0;0;0;0;200266.75;7472;15249;324555;;;A;.ITALIA 127 Rep.Nro.: 0 Piso:  Dpto:, 6100 RUFINO CP:;
002797U;NAVARRO SAMPIERI JOAQUIN AUGUSTO;Concreto asfaltico plan parra;J.HERNANDEZ  012 BIS;51;50;1;49;0;0;0;295503.91;10731.99;0;10731.99;284771.92;0;8310.91;293082.83;0;0;0;0;0;30302;30754;324556;;;A;J.HERNANDEZ 004 BIS Rep.Nro.: 0 Piso:  Dpto:, 6100 RUFINO CP:;
002798U;MUNIC/NAVARRO JOAQUIN;Concreto asfaltico plan parra;J.HERNANDEZ  004 BIS;51;50;1;49;0;0;0;421929.5;15323.43;0;15323.43;406606.07;0;9104.12;415710.19;0;0;0;0;0;7475;15251;321891;;;A;J.HERNANDEZ 004 BIS Rep.Nro.: 0 Piso:  Dpto:, 6100 RUFINO CP:;
002799U;MUNICIPALIDAD DE RUFINO;Concreto asfaltico plan parra;BV.SAN MARTIN.1376;51;50;50;0;0;0;0;274578.87;274578.87;443678.6;718257.47;0;0;0;0;0;0;0;0;0;7461;15172;324557;;;A;.ITALIA 127 Rep.Nro.: 0 Piso:  Dpto:, 6100RUFINO CP:;
002800U;MUNICIPALIDAD DE RUFINO;Concreto asfaltico plan parra;BV.SAN MARTIN.1368;51;50;50;0;0;0;0;274578.87;274578.87;443678.6;718257.47;0;0;0;0;0;0;0;0;0;7461;15172;324558;;;A;.ITALIA 127 Rep.Nro.: 0 Piso:  Dpto:, 6100RUFINO CP:;
002801U;MUNICIPALIDAD DE RUFINO;Concreto asfaltico plan parra;BV.SAN MARTIN.1358;51;50;50;0;0;0;0;274578.87;274578.87;443678.6;718257.47;0;0;0;0;0;0;0;0;0;7461;15172;324559;;;A;.ITALIA 127 Rep.Nro.: 0 Piso:  Dpto:, 6100RUFINO CP:;
002832U;PEREYRA MAURICIO RAUL;Plan 50 ;AZCUENAGA 495;5AC;36;0;36;0;0;0;40612.81;0;0;0;41094.98;0;33191.83;74286.81;0;137.99;0;0;0;35936;36451;275241;;CALLE 04 - R.BOUSSY 900 - 1000;A;AZCUENAGA 495 Rep.Nro.: 0 Piso:  Dpto:, 6100RUFINO CP:;
002832U;PEREYRA MAURICIO RAUL;Ord. 3303/22 hormigon armado;AZCUENAGA 495;5AC;50;10;40;0;0;0;521153.63;167711.58;57508;225219.58;353442.05;0;488360.32;841802.37;0;0;0;0;0;35936;36451;324638;;;A;AZCUENAGA 495 Rep.Nro.: 0 Piso:  Dpto:, 6100RUFINO CP:;
002833U;MAGALLANES ADRIANA MABEL;Plan 50 ;R.BOUSSY 926;5AC;12;0;12;0;0;0;18601.74;0;0;0;18601.74;0;5850.93;24452.67;0;0;0;0;0;14612;13939;276817;;CALLE 04 R.BOUSSY 900 - 1000;A;R.BOUSSY 926 Rep.Nro.: 0 Piso:  Dpto:, 6100 RUFINO CP:;
002833U;IBAÑEZ ALBERTENGO CONRADO A.;Ord. 3303/22 hormigon armado;R.BOUSSY 926;5AC;50;0;50;0;0;0;271009.84;0;0;0;271009.91;54516.87;5086.8;330613.58;0;0;0;0;0;40224;41067;324639;;;A;R.BOUSSY 926 Rep.Nro.: 0 Piso:  Dpto:, 6100 RUFINO CP:;
002834U;RAMOS JOSE;Plan 50 ;R.BOUSSY 936;5AC;1;0;1;0;0;0;9558.5;0;0;0;9558.5;0;0;9558.5;0;0;0;0;0;870;14802;274920;;calle 04-r. Boussy 900-1000 ;A;CARBALLEIRA.1074 Rep.Nro.: 0 Piso: - Dpto:-, 6100RUFINO CP:6100;
002834U;RAMOS JOSE;Ord. 3303/22 hormigon armado;R.BOUSSY 936;5AC;50;0;50;0;0;0;124139.3;0;0;0;0;0;0;0;0;124139.3;0;0;0;870;14802;324640;;;B;CARBALLEIRA.1074 Rep.Nro.: 0 Piso:  Dpto:, 6100RUFINO CP:;
002834U;RAMOS JOSE;Ord. 3303/22 hormigon armado;R.BOUSSY 936;5AC;1;0;1;0;0;0;56736.1;0;0;0;51062.49;0;0;51062.49;0;0;0;0;0;870;14802;325839;;;A;CARBALLEIRA.1074 Rep.Nro.: 0 Piso:  Dpto:, 6100RUFINO CP:;
002850U;ISASI NANCY;Plan 50 ;SARG.CABRAL 566;21A;12;0;12;0;0;0;5749.53;0;0;0;5749.53;0;5694.49;11444.02;0;0;0;0;0;5663;2633;276651;;CALLE 41 - SARG.CABRAL 500 - 600;A;IRIGOYEN 384 Rep.Nro.: 0 Piso:  Dpto:, 6100 RUFINO CP:;
002851U;CONTRERAS/POLO GUSTAVO;Plan 50 ;SARG.CABRAL 560;21A;1;0;1;0;0;0;3823.4;0;0;0;3823.4;0;0;3823.4;0;0;0;0;0;3082;2629;275626;;CONTADO 30 DESC. ;A;SARG.CABRAL 560 Rep.Nro.: 0 Piso:  Dpto:, 6100RUFINO CP:;
002852U;ESPINDOLA SANDRA BEATRIZ;Plan 50 ;SARG.CABRAL 550;21A;12;12;0;0;0;0;6764.31;6764.31;39903.01;46667.32;0;0;0;0;0;0;0;0;0;31999;32363;276649;;CALLE 41 - SARG. CABRAL 500 - 600;A;J.B.JUSTO 789 Rep.Nro.: 0 Piso:  Dpto:, 6100 RUFINO CP:;
002853U;BARRAZA/FERNANDEZ RAMON;Plan 50 ;SARG.CABRAL 542;21A;12;0;12;0;0;0;6764.31;0;0;0;6764.31;0;13779.25;20543.56;0;0;0;0;0;1279;2631;276648;;CALLE 41 - SARG. CABRAL 500 - 600;A;A.MARTIN 647 Rep.Nro.: 0 Piso:  Dpto:, 6100RUFINO CP:;
002854U;PLAZA MARIA DEL PILAR;Plan 50 ;SARG.CABRAL 534;21A;36;0;36;0;0;0;8397.19;0;0;0;8397.19;0;1021.86;9419.05;0;0;0;0;0;8802;2632;276016;;CALLE 41 - SARG.CABRAL 500 - 600;A;SARG.CABRAL 534 Rep.Nro.: 0 Piso:  Dpto:, 6100RUFINO CP:;
002861U;SALIETTI JUAN CARLOS ;Plan 50 ;FERRARI 815;26A;12;12;0;0;0;0;16910.67;16910.67;99756.9;116667.57;0;0;0;0;0;0;0;0;0;9857;2639;277024;;CALLE 34 - FERRARI 800 - 900;A;FERRARI 815 Rep.Nro.: 0 Piso:  Dpto:, 6100RUFINO CP:;
002926U;DRAMISINO HO;Plan 50 ;FERRARI 826;21B;12;12;0;0;0;0;18601.74;18601.74;109732.61;128334.35;0;0;0;0;0;0;0;0;0;3738;2704;277014;;CALLE 34 - FERRARI 800 - 900;A;FERRARI 826 Rep.Nro.: 0 Piso:  Dpto:, 6100RUFINO CP:;
003152U;ONETTO MERCEDES L;Plan 50 ;A.MARTIN 581;21A;24;20;4;0;0;0;14183.85;11183.15;63776.88;74960.03;3000.7;0;13846.66;16847.36;0;0;0;0;0;8070;2923;276012;;CALLE 41 - SARG.CABRAL 500 - 600;A;A.MARTIN 581 Rep.Nro.: 0 Piso:  Dpto:, 6100RUFINO CP:;
003155U;CAMPAL MANUEL;Plan 50 ;SARG.CABRAL 526;21A;36;33;3;0;0;0;12429.92;11860.97;61914.06;73775.03;568.95;0;0;568.95;0;0;0;0;0;2299;2926;276392;;CALLE 41 - SARG.CABRAL 500 - 600;A;SARG.CABRAL 520 Rep.Nro.: 0 Piso:  Dpto:, 6100RUFINO CP:;
003164U;SEGRETIN JORGE MARTIN;Plan 50 ;A.MARTIN 405;21B;12;0;12;0;0;0;27310.77;0;0;0;27310.77;0;0;27310.77;0;0;0;0;0;10156;2935;277013;;CALLE 34 - FERRARI 800 - 900;A;A.MARTIN 415 Rep.Nro.: 0 Piso:  Dpto:, 6100RUFINO CP:;
003165U;GRAVINO NELSON ;Plan 50 ;FERRARI 836;21B;12;0;12;0;0;0;13960.07;0;0;0;13753.08;0;40.18;13793.26;0;206.99;0;0;0;5288;14672;275292;;CALLE 34 - FERRARI 800 - 900;A;ESPERANZA 11 BIS Rep.Nro.: 0 Piso:  Dpto:, 6100RUFINO CP:;
003166U;FERRERO/FERRERO GRISELDA;Plan 50 ;FERRARI 846;21B;12;12;0;0;0;0;16910.67;16910.67;99756.9;116667.57;0;0;0;0;0;0;0;0;0;4170;2936;277017;;CALLE 34 - FERRARI 800 - 900;A;BV.ESPAÑA 773 Rep.Nro.: 0 Piso:  Dpto:, 6100 RUFINO CP:;
003167U;FERRERO/RODRIGUEZ/ROLON D;Plan 50 ;FERRARI 856;21B;12;11;1;0;0;0;16910.67;15772.75;92739.35;108512.1;1137.92;0;493.29;1631.21;0;0;0;0;0;4173;2937;277018;;CALLE 34 - FERRARI 800 - 900;A;CATAMARCA 379 Rep.Nro.: 0 Piso:  Dpto:, 6100RUFINO CP:;
003168U;UTRERA FJ;Plan 50 ;FERRARI 866;21B;24;0;24;0;0;0;8206.11;0;0;0;8206.11;0;4316.38;12522.49;0;0;0;0;0;11037;2938;276350;;CALLE 34 FERRARI 800 - 900;A;FERRARI 872 Rep.Nro.: 0 Piso:  Dpto:, 6100RUFINO CP:;
003169U;RODRIGUEZ ARACELI ;Plan 50 ;FERRARI 876;21B;12;0;12;0;0;0;11606.76;0;0;0;0;0;0;0;0;11606.76;0;0;0;9426;6611;277019;;CALLE 34 - FERRARI 800 - 900;B;FERRARI 876 Rep.Nro.: 0 Piso:  Dpto:, 6100 RUFINO CP:;
003169U;RODRIGUEZ ARACELI ;Plan 50 ;FERRARI 876;21B;24;0;24;0;0;0;8257.86;0;0;0;8257.86;0;15459.7;23717.56;0;0;0;0;0;9426;6611;278768;;CALLE 34 - FERRARI 800 - 900;A;FERRARI 876 Rep.Nro.: 0 Piso:  Dpto:, 6100 RUFINO CP:;
003170U;ACUTO AGUSTIN FELIX;Plan 50 ;FERRARI 888;21B;12;0;12;0;0;0;16910.67;0;0;0;16910.67;0;20488.67;37399.34;0;0;0;0;0;161;2940;277020;;CALLE 34 - FERRARI 800 - 900;A;MEUNIER 217 Rep.Nro.: 0 Piso:  Dpto:, 6100RUFINO CP:;
003184U;MOLINA JUAN C;Ord. 3303/22 hormigon armado;INDEPENDENCIA 597;22B;50;20;1;0;0;29;337448.53;193022.54;135539.73;328562.27;6174.71;5814.97;0;11989.68;0;0;0;0;138251.3;6913;2953;324641;;;A;INDEPENDENCIA 597 Rep.Nro.: 0 Piso:  Dpto:, 6100RUFINO CP:;
003186U;MENINI ANTONIA DE;Plan 50 ;INDEPENDENCIA 656;22AC;36;36;0;0;0;0;21131.15;21131.15;111179.62;132310.77;0;0;0;0;0;0;0;0;0;6783;2955;276388;;CALLE 31 - INDEPENDENCIA 600 - 700;A;ASAMBLEA 560 Rep.Nro.: 0 Piso:  Dpto:, 6100RUFINO CP:;
003187U;RABAGLIO H ;Plan 50 ;INDEPENDENCIA 666;22AC;12;6;6;0;0;0;13960.07;7949.7;45925.54;53875.24;5803.38;0;0;5803.38;0;206.99;0;0;0;9011;2956;276889;;CALLE 31 - INDEPENDENCIA 600 - 700;A;INDEPENDENCIA 666 Rep.Nro.: 0 Piso:  Dpto:, 6100RUFINO CP:;
003188U;ALEM LEANDRO N;Plan 50 ;INDEPENDENCIA 676;22AC;12;0;12;0;0;0;16910.67;0;0;0;14634.83;152.45;12531.23;27318.51;0;2275.84;0;0;0;348;2957;276893;;CALLE 31 - INDEPENDENCIA 600 - 700;A;INDEPENDENCIA 676 Rep.Nro.: 0 Piso:  Dpto:, 6100RUFINO CP:;
003189U;ZAPATA JOSE RAUL;Plan 50 ;INDEPENDENCIA 680;22AC;12;0;12;0;0;0;14374.05;0;0;0;0;0;0;0;0;14374.05;0;0;0;15796;12378;276898;;CALLE 31 - INDEPENDENCIA 600 - 700;B;INDEPENDENCIA 690 Rep.Nro.: 0 Piso:  Dpto:, 6100RUFINO CP:;
003189U;ZAPATA JUAN ;Plan 50 ;INDEPENDENCIA 680;22AC;12;0;12;0;0;0;7187.07;0;0;0;7187.07;0;1859.3;9046.37;0;0;0;0;0;35778;36315;288542;;CALLE 31 - INDEPENDENCIA 600 - 700;A;INDEPENDENCIA 690 Rep.Nro.: 0 Piso:  Dpto:, 6100RUFINO CP:;
003190U;DI BELO PEDRO;Plan 50 ;ALBERDI 495;22BD;12;12;0;0;0;0;33652.05;33652.05;198515.17;232167.22;0;0;0;0;0;0;0;0;0;3535;2958;276919;;CALLE 31 - INDEPENDENCIA 600 - 700;A;ALBERDI 495 Rep.Nro.: 0 Piso:  Dpto:, 6100RUFINO CP:;
003198U;CORREA NELSON A;Plan 50 ;OMBU 456;22BD;12;0;12;0;0;0;6876.48;0;0;0;6876.48;0;37.5;6913.98;0;0;0;0;0;3195;2966;276674;;CALLE 44 - OMBU 400 - 500;A;ALBERDI 455 Rep.Nro.: 0 Piso:  Dpto:, 6100RUFINO CP:;
003199U;GIZZI YANINA PAOLA;Plan 50 ;INDEPENDENCIA 722;22C;12;0;12;0;0;0;16910.67;0;0;0;16910.67;0;28596.8;45507.47;0;0;0;0;0;24217;25179;276860;;CALLE 30 - INDEPENDENCIA 700 - 800;A;INDEPENDENCIA 722 Rep.Nro.: 0 Piso:  Dpto:, 6100RUFINO CP:;
003200U;SALINAS/AZCURRA ;Plan 50 ;INDEPENDENCIA 730;22C;12;0;12;0;0;0;14374.05;0;0;0;14374.05;0;30514.16;44888.21;0;0;0;0;0;9870;2968;276863;;CALLE 30 - INDEPENDENCIA 700 - 800;A;J.A.PERO 278 Rep.Nro.: 0 Piso:  Dpto:, 6100RUFINO CP:;
003201U;SALINAS ALBERTO ;Plan 50 ;INDEPENDENCIA 740;22C;12;0;12;0;0;0;14374.05;0;0;0;14374.05;0;10760.51;25134.56;0;0;0;0;0;9867;2969;276865;;CALLE 30 - INDEPENDENCIA 700 - 800;A;INDEPENDENCIA 780 Rep.Nro.: 0 Piso:  Dpto:, 6100RUFINO CP:;
003202U;SALINAS ALBERTO ;Plan 50 ;INDEPENDENCIA 756;22C;12;12;0;0;0;0;21730.17;21730.17;128187.39;149917.56;0;0;0;0;0;0;0;0;0;9867;2969;276866;;CALLE 30 - INDEPENDENCIA 700 - 800;A;OMBU 350 Rep.Nro.: 0 Piso:  Dpto:, 6100RUFINO CP:;
003203U;MOLINARI/BECERRA OSCAR;Plan 50 ;INDEPENDENCIA 772;22C;12;12;0;0;0;0;23674.86;23674.86;139659.21;163334.07;0;0;0;0;0;0;0;0;0;6934;2971;276868;;CALLE 30 - INDEPENDENCIA 700 - 800;A;INDEPENDENCIA 789 Rep.Nro.: 0 Piso:  Dpto:, 6100RUFINO CP:;
003204U;MUNIC/PAEZ MARISABEL;Plan 50 ;INDEPENDENCIA 790;22C;12;12;0;0;0;0;33821.22;33821.22;199513.11;233334.33;0;0;0;0;0;0;0;0;0;15953;15949;275287;;CALLE 30 - INDEPENDENCIA 700 - 800;A;A.MARTIN 502 Rep.Nro.: 0 Piso:  Dpto:, 6100 RUFINO CP:;
003210U;ESCUDERO UBALDO;Plan 50 ;SOLIS 351;27C;12;12;0;0;0;0;9960.33;9960.33;58756.51;68716.84;0;0;0;0;0;0;0;0;0;3853;2977;277178;;CALLE 51 SOLIS 300-400;A;SOLIS 351 Rep.Nro.: 0 Piso:  Dpto:, 6100RUFINO CP:;
003211U;BOLDT ERICA;Plan 50 ;RIVADAVIA 479;22D;36;0;36;0;0;0;8763.12;0;0;0;0;0;0;0;0;8763.12;0;0;0;33291;33726;275444;;CALLE 42 - RIVADAVIA 400 - 500;B;RIVADAVIA 479 Rep.Nro.: 0 Piso:  Dpto:, 6100RUFINO CP:;
003211U;BOLDT ERICA;Plan 50 ;RIVADAVIA 479;22D;36;0;36;0;0;0;4381.56;0;0;0;0;0;0;0;0;4381.56;0;0;0;33291;33726;275872;;CALLE 42 - RIVADAVIA 400 - 500;B;RIVADAVIA 479 Rep.Nro.: 0 Piso:  Dpto:, 6100RUFINO CP:;
003211U;BOLDT ERICA;Plan 50 ;RIVADAVIA 479;22D;36;0;36;0;0;0;8763.12;0;0;0;0;0;0;0;0;8763.12;0;0;0;33291;33726;276239;;CALLE 42 - RIVADAVIA 400 - 500;B;RIVADAVIA 479 Rep.Nro.: 0 Piso:  Dpto:, 6100RUFINO CP:;
003211U;BOLDT ERICA;Plan 50 ;RIVADAVIA 479;22D;12;0;12;0;0;0;8139.21;0;0;0;8139.21;0;0;8139.21;0;0;0;0;0;33291;33726;296687;;CALLE 42 - RIVADAVIA 400 500;A;RIVADAVIA 479 Rep.Nro.: 0 Piso:  Dpto:, 6100 RUFINO CP:;
003212U;CARYUSA CASIMIRO;Plan 50 ;RIVADAVIA 451;22D;12;12;0;0;0;0;29593.56;29593.56;174573.93;204167.49;0;0;0;0;0;0;0;0;0;2470;2979;276657;;"CALLE 42 - RIVADAVIA 400 - 500
";A;RIVADAVIA 451 Rep.Nro.: 0 Piso:  Dpto:, 6100RUFINO CP:;
003213U;ALE EDGARDO DANIEL;Plan 50 ;RIVADAVIA 445;22D;12;0;12;0;0;0;21561;0;0;0;21561;0;72626.1;94187.1;0;0;0;0;0;335;2334;276656;;"CALLE 42 - RIVADAVIA 400 - 500
";A;FERRARI 724 Rep.Nro.: 0 Piso:  Dpto:, 6100RUFINO CP:;
003214U;RIEZT WILHELM  ;Plan 50 ;RIVADAVIA 425;22D;12;12;0;0;0;0;33821.22;33821.22;199513.11;233334.33;0;0;0;0;0;0;0;0;0;9276;2981;276654;;CALLE 42 - RIVADAVIA 400 - 500;A;RIVADAVIA 720 Rep.Nro.: 0 Piso:  Dpto:, 6100RUFINO CP:;
003215U;PIRLES ATILIO E;Plan 50 ;FERRARI 758;22D;36;20;16;0;0;0;31075.35;20301.4;103167.14;123468.54;10773.95;0;1426.07;12200.02;0;0;0;0;0;8781;2982;275708;;CALLE 35 - FERRARI 700 - 800;A;FERRARI 758 Rep.Nro.: 0 Piso:  Dpto:, 6100RUFINO CP:;
003216U;GHIBAUDO CARLOS J;Plan 50 ;FERRARI 768;22D;12;0;12;0;0;0;13483.17;0;0;0;10797.37;0;5084.71;15882.08;0;2685.8;0;0;0;4720;2983;276584;;CALLE 35 - FERRARI 700 - 800;A;FERRARI 768 Rep.Nro.: 0 Piso:  Dpto:, 6100RUFINO CP:;
003217U;ALVAREZ LEOPOLDO M.U. ;Plan 50 ;FERRARI 778;22D;12;12;0;0;0;0;13468.44;13468.44;79451.02;92919.46;0;0;0;0;0;0;0;0;0;510;2984;276585;;CALLE 35 - FERRARI 700 - 800;A;COBO 279 Rep.Nro.: 0 Piso:  Dpto:, 6100 RUFINO CP:;
003218U;BRUNELLI CARLOS A;Plan 50 ;A.MARTIN 402;22D;12;0;12;0;0;0;26951.4;0;0;0;0;0;0;0;0;26951.4;0;0;0;2025;2985;276587;;CALLE 35 - FERRARI 700 - 800;B;A.MARTIN 402 Rep.Nro.: 0 Piso:  Dpto:, 6100RUFINO CP:;
003218U;BRUNELLI CARLOS A;Plan 50 ;A.MARTIN 402;22D;36;0;36;0;0;0;39621.64;0;0;0;39621.64;0;85800.13;125421.77;0;0;0;0;0;2025;2985;298354;;CALLE 35 - FERRARI 700 - 800;A;A.MARTIN 402 Rep.Nro.: 0 Piso:  Dpto:, 6100RUFINO CP:;
003227U;AGUERO DOMINGA;Plan 50 ;A.MARTIN 395;26A;12;12;0;0;0;0;14158.41;14158.41;83521.18;97679.59;0;0;0;0;0;0;0;0;0;193;2994;277022;;CALLE 34 - FERRARI 800 - 900;A;A.MARTIN 395 Rep.Nro.: 0 Piso:  Dpto:, 6100RUFINO CP:;
003232U;TORRES/LAFON ENRIQUE;Plan 50 ;FERRARI 875;26A;12;12;0;0;0;0;16910.67;16910.67;99756.9;116667.57;0;0;0;0;0;0;0;0;0;10920;2997;277032;;CALLE 34 - FERRARI 800 - 900;A;BALCARCE 305 Rep.Nro.: 0 Piso:  Dpto:, 6100RUFINO CP:;
003233U;CISTERNA OLGA;Plan 50 ;FERRARI 865;26A;12;0;12;0;0;0;16910.67;0;0;0;16910.67;0;47807.33;64718;0;0;0;0;0;2882;2998;277030;;CALLE 34 - FERRARI 800 - 900;A;FERRARI 849 Rep.Nro.: 0 Piso:  Dpto:, 6100 RUFINO CP:;
003234U;CORONEL RICARDO;Plan 50 ;FERRARI 853;26A;12;1;11;0;0;0;10567.99;826.61;4721.6;5548.21;7465.54;0;154.84;7620.38;0;2275.84;0;0;0;3157;2999;277029;;CALLE 34 - FERRARI 800 - 900;A;FERRARI 853 Rep.Nro.: 0 Piso:  Dpto:, 6100 RUFINO CP:;
003235U;TAPIA LILIANA MARINA;Plan 50 ;FERRARI 845;26A;36;0;36;0;0;0;20993.15;0;0;0;20836.63;0;1033.63;21870.26;0;156.52;0;0;0;10740;3000;275710;;"CALLE 34 - FERRARI 800 - 900
";A;FERRARI 845 Rep.Nro.: 0 Piso:  Dpto:, 6100 RUFINO CP:;
003236U;ROMERO HUMBERTO;Plan 50 ;FERRARI 831;26A;12;0;12;0;0;0;14374.05;0;0;0;14374.05;0;1532.49;15906.54;0;0;0;0;0;9610;3001;277026;;CALLE 34 - FERRARI 800 - 900;A;FERRARI 831 Rep.Nro.: 0 Piso:  Dpto:, 6100RUFINO CP:;
003237U;SPADA JOSE CEFERINO;Plan 50 ;FERRARI 825;26A;1;0;1;0;0;0;9558.5;0;0;0;9558.5;0;0;9558.5;0;0;0;0;0;10543;14665;275775;;CALLE 34 - FERRARI 800 - 900;A;A.MARTIN 375 Rep.Nro.: 0 Piso:  Dpto:, 6100RUFINO CP:;
003238U;ZUECCO HERNANDO DAVID;Plan 50 ;GUEMES 226;26B;12;0;12;0;0;0;16721.77;0;0;0;16721.77;0;59665.7;76387.47;0;0;0;0;0;15812;13523;277025;;CALLE 21-GUEMES 200-300;A;BV.ESPAÑA 906 Rep.Nro.: 0 Piso:  Dpto:, 6100 RUFINO CP:;
003238U;ZUECCO HERNANDO DAVID;Ord. 3303/22 hormigon armado;GUEMES 226;26B;50;24;26;0;0;0;260576.25;170213.76;141237.2;311450.96;90362.49;0;96866.66;187229.15;0;0;0;0;0;15812;13523;324642;;;A;BV.ESPAÑA 906 Rep.Nro.: 0 Piso:  Dpto:, 6100 RUFINO CP:;
003239U;ROSETTO GASTON GERARDO ;Plan 50 ;GUEMES 225;26BD;12;0;12;0;0;0;14374.05;0;0;0;14374.05;0;1590.11;15964.16;0;0;0;0;0;19356;17993;275277;;CALLE 21 - GUEMES 200 - 300;A;CENTENARIO 916 Rep.Nro.: 0 Piso:  Dpto:, 6100 RUFINO CP:;
003239U;ROSETTO GASTON GERARDO ;Ord. 3303/22 hormigon armado;GUEMES 225;26BD;50;50;0;0;0;0;260576.25;260576.25;422361.96;682938.21;0;0;0;0;0;0;0;0;0;19356;17993;324643;;;A;CENTENARIO 916 Rep.Nro.: 0 Piso:  Dpto:, 6100 RUFINO CP:;
003247U;BOERO LIDIA N;Ord. 3303/22 hormigon armado;ALBERDI 331;27A;36;0;36;0;0;0;311281.2;0;0;0;0;0;0;0;0;311281.2;0;0;0;1791;3011;322622;;;B;ALBERDI 331 Rep.Nro.: 0 Piso:  Dpto:, 6100RUFINO CP:;
003247U;BOERO LIDIA N;Ord. 3303/22 hormigon armado;ALBERDI 331;27A;36;0;36;0;0;0;366509.73;0;0;0;366483.58;5356.31;9646.92;381486.81;0;0;0;0;0;1791;3011;322625;;;A;ALBERDI 331 Rep.Nro.: 0 Piso:  Dpto:, 6100RUFINO CP:;
003248U;HIRIART RAUL ;Plan 50 ;OMBU 348;27A;24;0;24;0;0;0;12231.34;0;0;0;12231.34;0;5665.9;17897.24;0;0;0;0;0;14428;12152;275589;;CALLE 43 - OMBU 300 - 400;A;OMBU 348 Rep.Nro.: 0 Piso:  Dpto:, 6100RUFINO CP:;
003248U;HIRIART RAUL ;Ord. 3303/22 hormigon armado;OMBU 348;27A;50;17;1;32;0;0;390865.9;197181.16;118212.57;315393.73;4201.12;0;147.04;4348.16;0;0;189483.62;0;0;14428;12152;324644;;;A;OMBU 348 Rep.Nro.: 0 Piso:  Dpto:, 6100RUFINO CP:;
003249U;MERCANDINO PEDRO;Plan 50 ;OMBU 360;27A;1;0;1;0;0;0;3828.2;0;0;0;3828.2;0;0;3828.2;0;0;0;0;0;6796;3013;275980;;CALLE 43-OMBU 300-400;A;VICTORERO 309 Rep.Nro.: 0 Piso:  Dpto:, 6100RUFINO CP:;
003250U;RANGONE/PICCINI O.;Plan 50 ;OMBU 374;27A;12;0;12;0;0;0;9300.78;0;0;0;9300.78;0;10975.4;20276.18;0;0;0;0;0;9129;3014;276665;;"CALLE 43 - OMBU 300 - 400
";A;OMBU 374 Rep.Nro.: 0 Piso:  Dpto:, 6100RUFINO CP:;
003251U;RAVASOTTI RAUL JOSE;Plan 50 ;FERRARI 667;27C;1;0;1;0;0;0;9558.5;0;0;0;9558.5;0;0;9558.5;0;0;0;0;0;9158;3015;275789;;CALLE 36 FERRARI  600 - 700;A;FERRARI 667 Rep.Nro.: 0 Piso:  Dpto:, 6100RUFINO CP:;
003252U;HENRY PEDRO;Plan 50 ;OMBU 355;27C;12;6;6;0;0;0;8725.06;4968.57;28703.51;33672.08;3627.12;0;0;3627.12;0;129.37;0;0;0;31348;34336;275777;;CALLE 43 - OMBU 300 - 400;A;OMBU 385 Rep.Nro.: 0 Piso:  Dpto:, 6100RUFINO CP:;
003253U;VELAZQUEZ ALBERTO ;Plan 50 ;OMBU 347;27C;12;2;10;0;0;0;12317.73;2479.82;14220.53;16700.35;8920.87;0;1598.24;10519.11;0;917.04;0;0;0;11151;3017;276667;;"CALLE 43 - OMBU 300 - 400
";A;OMBU 347 Rep.Nro.: 0 Piso:  Dpto:, 6100RUFINO CP:;
003254U;GARBARINI PATRICIA MSD;Plan 50 ;OMBU 331;27C;12;0;12;0;0;0;10470.02;0;0;0;9362.04;0;85.72;9447.76;0;1107.98;0;0;0;4531;3018;275712;;CALLE 43 - OMBU 300 - 400;A;M.ROCA 622 Rep.Nro.: 0 Piso:  Dpto:, 6100RUFINO CP:;
003255U;VILLEGAS FELIX;Plan 50 ;SOLIS 336;27C;12;0;12;0;0;0;12683.01;0;0;0;12683.01;0;42454.11;55137.12;0;0;0;0;0;11349;3019;277174;;CALLE 51 SOLIS 300-400;A;SOLIS 336 Rep.Nro.: 0 Piso:  Dpto:, 6100RUFINO CP:;
003256U;FLANAGHAN M ;Plan 50 ;FERRARI 771;27C;12;12;0;0;0;0;84553.11;84553.11;498783.12;583336.23;0;0;0;0;0;0;0;0;0;4222;3020;276613;;CALLE 35 - FERRARI 700 - 800 ;A;FERRARI 771 Rep.Nro.: 0 Piso:  Dpto:, 6100RUFINO CP:;
003256U;FLANAGHAN M ;Plan 50 ;FERRARI 771;27C;12;12;0;0;0;0;29593.56;29593.56;174432.75;204026.31;0;0;0;0;0;0;0;0;0;4222;3020;277259;;CALLE 51 - SOLIS 300 - 400;A;FERRARI 771 Rep.Nro.: 0 Piso:  Dpto:, 6100RUFINO CP:;
003257U;HAMILTON RODOLFO O;Plan 50 ;SOLIS 365;27C;1;0;1;0;0;0;2327.49;0;0;0;2327.49;0;0;2327.49;0;0;0;0;0;5411;3021;275699;;CALLE 51 SOLIS 300 - 400;A;SOLIS 365 Rep.Nro.: 0 Piso:  Dpto:, 6100 RUFINO CP:;
003258U;CONTELLI JUAN CARLOS;Plan 50 ;SOLIS 341;27C;12;12;0;0;0;0;11287.92;11287.92;66588;77875.92;0;0;0;0;0;0;0;0;0;3061;3022;277177;;CALLE 51 SOLIS 300-400;A;SOLIS 341 Rep.Nro.: 0 Piso:  Dpto:, 6100 RUFINO CP:;
003259U;TURRI AUDON A;Plan 50 ;SOLIS;27C;12;0;12;0;0;0;21983.82;0;0;0;21983.82;0;41047.61;63031.43;0;0;0;0;0;10973;3023;277176;;CALLE 51 SOLIS 300-400;A;M.ROCA 760 Rep.Nro.: 0 Piso:  Dpto:, 6100RUFINO CP:;
003325U;AUTINO GUILLERMO M;Ord. 3303/22 hormigon armado;F.A.GARIN 206;3A;50;0;50;0;0;0;259872.88;0;0;0;259872.88;0;4592.96;264465.84;0;0;0;0;0;969;3086;324645;;;A;CARBALLEIRA 811 Rep.Nro.: 0 Piso:  Dpto:, 6100 RUFINO CP:;
003326U;AUTINO GUILLERMO M;Ord. 3303/22 hormigon armado;F.A.GARIN 216;3A;50;0;50;0;0;0;259949.77;0;0;0;259860.63;0;6135.29;265995.92;0;89.14;0;0;0;969;3086;324646;;;A;CARBALLEIRA 811 Rep.Nro.: 0 Piso:  Dpto:, 6100RUFINO CP:;
003327U;FREDES JORGE ARIEL;Ord. 3303/22 hormigon armado;F.A.GARIN 225;3A;50;1;49;0;0;0;260576.25;9406.74;0;9406.74;251169.51;0;230425.6;481595.11;0;0;0;0;0;33391;33786;324647;;;A;F.A.GARIN 225 Rep.Nro.: 0 Piso:  Dpto:, 6100 RUFINO CP:;
003328U;ACOSTA BRISSIO ;Ord. 3303/22 hormigon armado;F.A.GARIN 235;3A;50;2;4;44;0;0;260576.25;18107.95;2001.28;20109.23;34692.68;0;1573.01;36265.69;0;0;207775.62;0;0;146;3088;324649;;;A;F. A. GARIN 235 Rep.Nro.: 0 Piso:  Dpto:, 6100RUFINO CP:;
003329U;MIRANDA LEONEL O;Ord. 3303/22 hormigon armado;F.A.GARIN 245;3A;50;4;46;0;0;0;260127.37;36151.12;4107.69;40258.81;223976.25;0;16348.63;240324.88;0;0;0;0;0;6877;3089;324648;;;A;ITALIA 117 Rep.Nro.: 0 Piso:  Dpto:, 6100RUFINO CP:;
003330U;FROMAN EDUARDO A;Ord. 3303/22 hormigon armado;F.A.GARIN 255;3A;50;7;0;43;0;0;260576.25;60810.13;14032.38;74842.51;0;0;0;0;0;0;199766.12;0;0;4356;3090;324650;;;A;F.A.GARIN 255 Rep.Nro.: 0 Piso:  Dpto:, 6100RUFINO CP:;
003331U;GONZALEZ IRINEO V;Ord. 3303/22 hormigon armado;F.A.GARIN 265;3A;50;0;50;0;0;0;255832.62;0;0;0;255832.62;253097.72;600434.64;1109364.98;0;0;0;0;0;5099;3091;324651;;;A;F.A.GARIN 265 Rep.Nro.: 0 Piso:  Dpto:, 6100RUFINO CP:;
003332U;GONZALEZ IRINEO V;Ord. 3303/22 hormigon armado;F.A.GARIN 275;3A;50;0;50;0;0;0;255832.62;0;0;0;255832.62;253097.72;600434.64;1109364.98;0;0;0;0;0;5099;3091;324652;;;A;F.A.GARIN 265 Rep.Nro.: 0 Piso:  Dpto:, 6100RUFINO CP:;
003352U;FERREYRA L;C.C. Dec. 132/2017;F.A.GARIN 431;5A;1;0;0;1;0;0;2405.63;0;0;0;0;0;0;0;0;0;2405.63;0;0;4181;3110;223887;;;A;F.A.GARIN 431 Rep.Nro.: 0 Piso:  Dpto:, 6100-RUFINO;
003352U;FERREYRA L;Ord. 3303/22 hormigon armado;F.A.GARIN 431;5A;50;11;0;0;0;39;325722.87;114015.93;43188.81;157204.74;0;0;0;0;0;0;0;0;211706.94;4181;3110;324653;;;A;F.A.GARIN 431 Rep.Nro.: 0 Piso:  Dpto:, 6100RUFINO CP:;
003353U;GIUDICE ANTONIO P;C.C. Dec. 132/2017;F.A.GARIN 443;5A;1;0;0;1;0;0;1924.5;0;0;0;0;0;0;0;0;0;1924.5;0;0;4946;14680;223891;;;A;F.A.GARIN 443 Rep.Nro.: 0 Piso:  Dpto:, 6100-RUFINO;
003353U;GIUDICE ANTONIO P;Ord. 3303/22 hormigon armado;F.A.GARIN 443;5A;50;1;49;0;0;0;260263.5;9406.74;0;9406.74;244448.87;0;1784.71;246233.58;0;6407.89;0;0;0;4946;14680;324654;;;A;R.BOUSSY 685 Rep.Nro.: 0 Piso:  Dpto:, 6100RUFINO CP:;
003354U;TORTA OSCAR DOMINGO;C.C. Dec. 132/2017;F.A.GARIN 455;5A;1;0;1;0;0;0;2309.4;0;0;0;0;0;0;0;0;2309.4;0;0;0;10931;863;223892;;;A;F.A.GARIN 455 Rep.Nro.: 0 Piso:  Dpto:, 6100-RUFINO;
003354U;TORTA OSCAR DOMINGO;Ord. 3303/22 hormigon armado;F.A.GARIN 455;5A;50;6;44;0;0;0;312691.09;63360.53;12148.44;75508.97;249330.56;0;214013.07;463343.63;0;0;0;0;0;10931;863;324655;;;A;F.A.GARIN 455 Rep.Nro.: 0 Piso:  Dpto:, 6100 RUFINO CP:;
003355U;ALVAREZ PABLO RUBEN;C.C. Dec. 132/2017;F.A.GARIN 469;5A;1;0;0;1;0;0;2405.63;0;0;0;0;0;0;0;0;0;2405.63;0;0;529;9821;223895;;;A;F.A.GARIN 469 Rep.Nro.: 0 Piso:  Dpto:, 6100-RUFINO;
003355U;ALVAREZ PABLO RUBEN;Ord. 3303/22 hormigon armado;F.A.GARIN 469;5A;50;3;47;0;0;0;325521.62;34312.66;2495.78;36808.44;291208.96;0;7274.92;298483.88;0;0;0;0;0;529;9821;323010;;;A;F.A.GARIN 469 Rep.Nro.: 0 Piso:  Dpto:, 6100RUFINO CP:;
003356U;ALVAREZ PEDRO;C.C. Dec. 132/2017;F.A.GARIN 475;5A;1;0;0;1;0;0;2405.63;0;0;0;0;0;0;0;0;0;2405.63;0;0;530;3113;223898;;;A;F.A.GARIN 475 Rep.Nro.: 0 Piso:  Dpto:, 6100-RUFINO;
003356U;ALVAREZ PEDRO;Ord. 3303/22 hormigon armado;F.A.GARIN 475;5A;50;1;49;0;0;0;325342.82;11758.52;0;11758.52;307971.42;11567.67;5908.97;325448.06;0;5612.92;0;0;0;530;3113;323011;;;A;F.A.GARIN 475 Rep.Nro.: 0 Piso:  Dpto:, 6100RUFINO CP:;
003357U;PONCE MIGUEL A;C.C. Dec. 132/2017;F.A.GARIN 563;5B;1;0;0;1;0;0;1924.5;0;0;0;0;0;0;0;0;0;797.7;0;0;8861;3114;223927;;;A;F.A.GARIN 563 Rep.Nro.: 0 Piso:  Dpto:, 6100-RUFINO;
003357U;PONCE MIGUEL A;Pavimento Res. 046/2026;F.A.GARIN 563;5B;6;6;0;0;0;0;411187.86;411187.86;80047.01;491234.87;0;0;0;0;0;0;0;0;0;8861;3114;380102;;;A;F.A.GARIN 563 Rep.Nro.: 0 Piso:  Dpto:, 6100 RUFINO CP:;
003358U;GOMEZ MARIEL R;Ord. 3303/22 hormigon armado;MORENO 460;6A;1;0;1;0;0;0;35213.56;0;0;0;31692.2;0;0;31692.2;0;0;0;0;0;5010;3115;322171;;;A;MORENO 460 Rep.Nro.: 0 Piso:  Dpto:, 6100 RUFINO CP:;
003359U;PALMERO CANDIDA FLORENCIA;Ord. 3303/22 hormigon armado;MORENO 450;6A;50;11;1;0;0;38;65143.82;22803.08;8637.72;31440.8;586.89;0;1899.18;2486.07;0;0;0;0;41753.85;22187;24441;324656;;;A;ITALIA 633 Rep.Nro.: 0 Piso:  Dpto:, 6100 RUFINO CP:;
003360U;TISEIRA MARIA GABRIELA;Ord. 3303/22 hormigon armado;MORENO 440;6A;50;1;12;37;0;0;260576.25;9406.74;0;9406.74;91364.98;0;15169.12;106534.1;0;0;159804.53;0;0;10853;3117;324657;;;A;MEUNIER 469 Rep.Nro.: 0 Piso:  Dpto:, 6100RUFINO CP:;
003361U;CUNIBERTI ANTONELLA BEATRIZ Y OTRO;Ord. 3303/22 hormigon armado;MORENO 430;6A;50;9;41;0;0;0;208330.58;61051.62;18701.95;79753.57;125289.49;0;35412.29;160701.78;0;21989.47;0;0;0;47562;50243;324658;;;A;SAN LORENZO 655 Rep.Nro.: 0 Piso:  Dpto:, 6100 RUFINO CP:;
003362U;FERRERO PELEGRINI MATEO;Ord. 3303/22 hormigon armado;MORENO 424;6A;50;0;50;0;0;0;175187.25;0;0;0;0;0;0;0;0;175187.25;0;0;0;4117;3119;324659;;;A;MORENO 424 Rep.Nro.: 0 Piso:  Dpto:, 6100 RUFINO CP:;
003377U;RIOBONDA ELBA C;Ord. 3303/22 hormigon armado;MORENO 427;6AC;50;0;50;0;0;0;126248.93;0;0;0;99998.66;0;841.23;100839.89;0;26250.27;0;0;0;9327;14681;324660;;;A;MORENO 431 Rep.Nro.: 0 Piso:  Dpto:, 6100 RUFINO CP:;
003378U;FRANCO JUAN A;Ord. 3303/22 hormigon armado;MORENO 439;6AC;50;0;50;0;0;0;117378.5;0;0;0;0;0;0;0;0;117378.5;0;0;0;4328;3133;324661;;;A;MORENO 439 Rep.Nro.: 0 Piso:  Dpto:, 6100 RUFINO CP:;
003379U;SPEZZAPRIA OSCAR;Ord. 3303/22 hormigon armado;MORENO 449;6AC;50;1;7;42;0;0;283247.7;10225.17;0;10225.17;64369.75;0;0;64369.75;0;0;208652.78;0;0;10572;3134;324662;;;A;MORENO 449 Rep.Nro.: 0 Piso:  Dpto:, 6100 RUFINO CP:;
003380U;LAMBERTI CRISTIAN GASTON;Ord. 3303/22 hormigon armado;MORENO 459;6AC;50;50;0;0;0;0;231392.49;231392.49;375058.86;606451.35;0;0;0;0;0;0;0;0;0;36848;37400;324663;;;A;MORENO 459 Rep.Nro.: 0 Piso:  Dpto:, 6100 RUFINO CP:;
003381U;LOPEZ ARMANDO;Ord. 3303/22 hormigon armado;MORENO 473;6AC;50;5;45;0;0;0;390865.9;66898.6;10178.5;77077.1;323967.3;0;523614.11;847581.41;0;0;0;0;0;5968;3136;324664;;;A;MORENO 473 Rep.Nro.: 0 Piso:  Dpto:, 6100 RUFINO CP:;
003382U;CHIAROTTO/GIUDICE JAVIER;Ord. 3303/22 hormigon armado;MORENO 487;6AC;50;1;49;0;0;0;260288.16;9406.74;0;9406.74;250881.43;4490.3;6869.7;262241.43;0;0;0;0;0;2814;3137;324665;;;A;MORENO 487 Rep.Nro.: 0 Piso:  Dpto:, 6100 RUFINO CP:;
003388U;LONGO AMATORE;C.C. Dec. 132/2017;F.A.GARIN 456;6C;1;0;0;1;0;0;1924.5;0;0;0;0;0;0;0;0;0;1924.5;0;0;5941;3143;223904;;;A;F.A.GARIN 456 Rep.Nro.: 0 Piso:  Dpto:, 6100-RUFINO;
003388U;LONGO AMATORE;Ord. 3303/22 hormigon armado;F.A.GARIN 456;6C;50;0;0;50;0;0;259804.26;0;0;0;0;0;0;0;0;0;259804.26;0;0;5941;3143;324666;;;A;F.A.GARIN 456 Rep.Nro.: 0 Piso:  Dpto:, 6100RUFINO CP:;
003389U;FERRERO JAVIER A ;C.C. Dec. 132/2017;F.A.GARIN 540;6D;1;0;1;0;0;0;1732.05;0;0;0;1732.05;0;0;1732.05;0;0;0;0;0;17453;16700;223934;;;A;F.A.GARIN 540 Rep.Nro.: 0 Piso:  Dpto:, 6100-RUFINO;
003389U;MARIANO NICOLAS BRARDA;Pavimento Res. 046/2026;F.A.GARIN 540;6D;6;6;0;0;0;0;370069.08;370069.08;72042.31;442111.39;0;0;0;0;0;0;0;0;0;28036;28686;380097;;;A;F.A.GARIN 540 Rep.Nro.: 0 Piso:  Dpto:, 6100 RUFINO CP:;
003390U;BASAVILBASO EMILIO;C.C. Dec. 132/2017;F.A.GARIN 530;6D;1;0;1;0;0;0;1732.05;0;0;0;1732.05;0;0;1732.05;0;0;0;0;0;1361;3145;223933;;;A;F.A.GARIN 530 Rep.Nro.: 0 Piso:  Dpto:, 6100-RUFINO;
003390U;BASAVILBASO EMILIO;Pavimento Res. 046/2026;F.A.GARIN 530;6D;6;1;5;0;0;0;462586.38;77936.58;0;77936.58;384649.8;0;0;384649.8;0;0;0;0;0;1361;3145;379506;;;A;F.A.GARIN 530 Rep.Nro.: 0 Piso:  Dpto:, 6100RUFINO CP:;
003391U;POZZI BARTOLO;C.C. Dec. 132/2017;F.A.GARIN 520;6D;1;0;0;1;0;0;1732.05;0;0;0;0;0;0;0;0;0;174.45;0;0;8922;3146;223932;;;A;F.A.GARIN 520 Rep.Nro.: 0 Piso:  Dpto:, 6100-RUFINO;
003391U;POZZI BARTOLO;Pavimento Res. 046/2026;F.A.GARIN 520;6D;6;5;1;0;0;0;370069.08;309061.98;47212.42;356274.4;61007.1;0;18912.2;79919.3;0;0;0;0;0;8922;3146;380096;;;A;SOLIS 329 Rep.Nro.: 0 Piso:  Dpto:, 6100RUFINO CP:;
003429U;SERVERA MIGUEL FELIPE;Ord. 3303/22 hormigon armado;MORENO 723;11BD;24;0;24;0;0;0;201794.1;0;0;0;201397.34;15668.95;82.58;217148.87;0;396.79;0;0;0;42724;43939;323455;;;A;MORENO 723 Rep.Nro.: 0 Piso:  Dpto:, 6100RUFINO CP:;
003430U;RIVA JOSE;Ord. 3303/22 hormigon armado;MORENO 733;11BD;50;6;44;0;0;0;260211.31;52800.63;10123.74;62924.37;207410.64;20970.15;17409.81;245790.6;0;0;0;0;0;9349;3185;324667;;;A;MORENO 733 Rep.Nro.: 0 Piso:  Dpto:, 6100RUFINO CP:;
003431U;BELIERA PABLO JAVIER ;Ord. 3303/22 hormigon armado;MORENO 739;11BD;50;22;28;0;0;0;260576.25;159945.13;122642.78;282587.91;100631.12;0;117201.06;217832.18;0;0;0;0;0;13448;13350;324668;;;A;MORENO 739 Rep.Nro.: 0 Piso:  Dpto:, 6100 RUFINO CP:;
003432U;BRANCA HUGO ALBERTO;Ord. 3303/22 hormigon armado;MORENO 759;11BD;50;2;48;0;0;0;266402.81;18983.97;926.73;19910.7;246930.17;12879.46;11294.46;271104.09;0;488.71;0;0;0;13560;12731;324669;;;A;MORENO 759 Rep.Nro.: 0 Piso:  Dpto:, 6100RUFINO CP:;
003433U;BALDOR RAMON ;Ord. 3303/22 hormigon armado;MORENO 769;11BD;50;11;0;0;0;39;270220.32;94587.86;35829.54;130417.4;0;0;0;0;0;0;0;0;175632.46;1121;3188;324670;;;A;MORENO 769 Rep.Nro.: 0 Piso:  Dpto:, 6100RUFINO CP:;
003434U;DIAZ SANTIAGO;Ord. 3303/22 hormigon armado;MORENO 773;11BD;50;0;50;0;0;0;174025.83;0;0;0;174025.83;0;317.39;174343.22;0;0;0;0;0;3588;3189;324671;;;A;MORENO 773 Rep.Nro.: 0 Piso:  Dpto:, 6100RUFINO CP:;
003524U;TAIS ANTONIO ;Ord. 3303/22 hormigon armado;CHACABUCO 595;6A;50;0;50;0;0;0;205046.25;0;0;0;99537;0;406.11;99943.11;0;105509.25;0;0;0;10727;3268;324672;;;B;CHACABUCO 595 Rep.Nro.: 0 Piso:  Dpto:, 6100RUFINO CP:;
003524U;TAIS ANTONIO ;Ord. 3303/22 hormigon armado;CHACABUCO 595;6A;24;0;24;0;0;0;162905.44;0;0;0;162281.98;0;0;162281.98;0;623.46;0;0;0;10727;3268;325527;;;A;CHACABUCO 595 Rep.Nro.: 0 Piso:  Dpto:, 6100RUFINO CP:;
003525U;RAMIREZ RAMON;C.C. Dec. 132/2017;F.A.GARIN 575;5B;1;0;0;1;0;0;1732.05;0;0;0;0;0;0;0;0;0;1732.05;0;0;12936;10700;223928;;;A;F.A.GARIN 575 Rep.Nro.: 0 Piso:  Dpto:, 6100-RUFINO;
003525U;FERNANDEZ GRISELDA V;Pavimento Res. 046/2026;F.A.GARIN 575;5B;6;6;0;0;0;0;370069.08;370069.08;72042.31;442111.39;0;0;0;0;0;0;0;0;0;18692;17533;380103;;;A;SAAVEDRA 025 Rep.Nro.: 0 Piso:  Dpto:, 6100 RUFINO CP:;
003526U;NAVARRO VICTOR N;C.C. Dec. 132/2017;F.A.GARIN 495;5A;1;0;1;0;0;0;2405.63;0;0;0;0;0;0;0;0;2405.63;0;0;0;7636;3270;223900;;;A;F.A.GARIN 495 Rep.Nro.: 0 Piso:  Dpto:, 6100-RUFINO;
003526U;NAVARRO VICTOR N;Plan 50 ;F.A.GARIN 495;5A;12;0;12;0;0;0;19464.48;0;0;0;0;0;0;0;0;19464.48;0;0;0;7636;3270;276832;;CALLE 05 R.BOUSSY  800 - 900;B;F.A.GARIN 495 Rep.Nro.: 0 Piso:  Dpto:, 6100RUFINO CP:;
003526U;NAVARRO VICTOR N;Plan 50 ;F.A.GARIN 495;5A;12;0;12;0;0;0;11642.88;0;0;0;0;0;0;0;0;11642.88;0;0;0;7636;3270;277150;;CALLE 05 - R.BOUSSY 800 - 900;B;F.A.GARIN 495 Rep.Nro.: 0 Piso:  Dpto:, 6100RUFINO CP:;
003526U;NAVARRO VICTOR N;Plan 50 ;F.A.GARIN 495;5A;60;0;60;0;0;0;16846.96;0;0;0;16817.37;0;19.48;16836.85;0;29.59;0;0;0;7636;3270;277345;;CALLE 05 - R.BOUSSY 800 - 900;A;F.A.GARIN 495 Rep.Nro.: 0 Piso:  Dpto:, 6100RUFINO CP:;
003526U;NAVARRO VICTOR N;Ord. 3303/22 hormigon armado;F.A.GARIN 495;5A;50;0;50;0;0;0;751943.52;0;0;0;751943.57;13143.14;458713.55;1223800.26;0;0;0;0;0;7636;3270;324673;;;A;F.A.GARIN 495 Rep.Nro.: 0 Piso:  Dpto:, 6100RUFINO CP:;
003531U;ZAPATA JOSE RAUL;Plan 50 ;FERRARI 710;22D;48;0;48;0;0;0;62674.14;0;0;0;62674.14;0;14488.31;77162.45;0;0;0;0;0;15796;12378;275767;;CALLE 35 - FERRARI 700 - 800;A;M.ROCA 140 Rep.Nro.: 0 Piso:  Dpto:, 6100RUFINO CP:;
003531U;ZAPATA JOSE RAUL;Plan 50 ;FERRARI 710;22D;48;0;48;0;0;0;47088.55;0;0;0;47088.55;0;10490.62;57579.17;0;0;0;0;0;15796;12378;275768;;CALLE 42 - RIVADAVIA 400 - 500;A;M.ROCA 140 Rep.Nro.: 0 Piso:  Dpto:, 6100RUFINO CP:;
003532U;ZARATE FERMINA ;Plan 50 ;A.MARTIN 492;22D;12;0;12;0;0;0;25366.02;0;0;0;25366.02;0;84278.63;109644.65;0;0;0;0;0;11554;3276;276883;;CALLE 30 - INDEPENDENCIA 700 - 800;A;SAN JUAN 535 Rep.Nro.: 0 Piso:  Dpto:, 6100RUFINO CP:;
003534U;CHIAPPERO TERESITA ANGELA;Plan 50 ;FERRARI 602;22BD;12;0;12;0;0;0;11333.59;0;0;0;11002.41;0;266.47;11268.88;0;331.18;0;0;0;33648;34045;276004;;CALLE 36 - FERRARI 600 - 700;A;FERRARI 602 Rep.Nro.: 0 Piso:  Dpto:, 6100RUFINO CP:;
003535U;INGELMO BENITO ;C.C. Ord. 3081/2016;INDEPENDENCIA 694;22AC;1;0;0;1;0;0;3849;0;0;0;0;0;0;0;0;0;3849;0;0;5586;3278;169043;;;A;INDEPENDENCIA 694 Rep.Nro.: 0 Piso:  Dpto:, 6100RUFINO;
003535U;INGELMO BENITO ;Plan 50 ;INDEPENDENCIA 694;22AC;12;0;12;0;0;0;14374.05;0;0;0;0;0;0;0;0;14374.05;0;0;0;5586;3278;276906;;CALLE 31 - INDEPENDENCIA 600 - 700;B;INDEPENDENCIA 694 Rep.Nro.: 0 Piso:  Dpto:, 6100RUFINO CP:;
003535U;INGELMO BENITO ;Plan 50 ;INDEPENDENCIA 694;22AC;12;0;12;0;0;0;10780.62;0;0;0;10780.62;0;6455.53;17236.15;0;0;0;0;0;5586;3278;291223;;CALLE 31 - INDEPDNENCIA 600 - 700;A;INDEPENDENCIA 694 Rep.Nro.: 0 Piso:  Dpto:, 6100RUFINO CP:;
003536U;ARNAUDO JOSE ;Plan 50 ;ALBERDI 515;22AC;1;0;1;0;0;0;16727.37;0;0;0;16727.37;0;0;16727.37;0;0;0;0;0;885;6629;275731;;CALLE 31 - INDEPENDENCIA  600 - 700;A;INDEPENDENCIA 610 Rep.Nro.: 0 Piso:  Dpto:, 6100RUFINO CP:;
003538U;LURA/CORONEL GABRIEL;Plan 50 ;FERRARI 896;21B;12;0;12;0;0;0;14167.06;0;0;0;13960.07;0;5901.95;19862.02;0;206.99;0;0;0;6118;3281;277021;;CALLE 34 - FERRARI 800 - 900;A;FERRARI 853 Rep.Nro.: 0 Piso:  Dpto:, 6100RUFINO CP:;
003538U;LURA/CORONEL GABRIEL;Plan 50 ;FERRARI 896;21B;12;0;12;0;0;0;41880.23;0;0;0;41259.27;0;13437.36;54696.63;0;620.96;0;0;0;6118;3281;277182;;CALLE 23 - GUEMES 400 - 500;A;FERRARI 853 Rep.Nro.: 0 Piso:  Dpto:, 6100RUFINO CP:;
003539U;RODRIGUEZ/ARIAS OSCAR A;Plan 50 ;A.MARTIN 505;21A;12;6;0;0;0;6;42276.57;18895.11;114316.59;133211.7;0;0;0;0;0;0;0;0;23381.46;9484;3282;276834;;CALLE 29 - INDEPENDENCIA 800 - 900;A;ASAMBLEA 907 Rep.Nro.: 0 Piso:  Dpto:, 6100RUFINO CP:;
003540U;DIAZ RAUL M ;Plan 50 ;A.MARTIN 601;20B;12;0;12;0;0;0;33821.22;0;0;0;0;0;0;0;0;33821.22;0;0;0;3584;3283;276788;;CALLE 03 ASAMBLEA 800- 900;B;A.MARTIN 601 Rep.Nro.: 0 Piso:  Dpto:, 6100RUFINO CP:;
003540U;DIAZ RAUL M ;Plan 50 ;A.MARTIN 601;20B;12;12;0;0;0;0;16910.67;16910.67;99676.22;116586.89;0;0;0;0;0;0;0;0;0;3584;3283;291220;;CALLE 03 - ASAMBLEA 800 - 900;A;A.MARTIN 601 Rep.Nro.: 0 Piso:  Dpto:, 6100RUFINO CP:;
003540U;DIAZ RAUL M ;Ord. 3303/22 hormigon armado;A.MARTIN 601;20B;50;11;13;0;0;26;521153.63;182424.35;69101.66;251526.01;73132.79;0;42862.84;115995.63;0;0;0;0;265596.49;3584;3283;324674;;;A;A.MARTIN 601 Rep.Nro.: 0 Piso:  Dpto:, 6100RUFINO CP:;
003541U;FERNANDEZ M ;Plan 50 ;A.MARTIN 617;20B;12;12;0;0;0;0;14374.05;14374.05;84793.26;99167.31;0;0;0;0;0;0;0;0;0;4055;3284;276790;;CALLE 03 ASAMBLEA 800 - 900;A;A.MARTIN 607 Rep.Nro.: 0 Piso:  Dpto:, 6100RUFINO CP:;
003541U;FERNANDEZ M ;Ord. 3303/22 hormigon armado;A.MARTIN 617;20B;50;11;0;0;0;39;260576.25;91212.02;34550.78;125762.8;0;0;0;0;0;0;0;0;169364.23;4055;3284;324675;;;A;A.MARTIN 617 Rep.Nro.: 0 Piso:  Dpto:, 6100 RUFINO CP:;
003544U;ESPINOZA MARTA;Ord. 3303/22 hormigon armado;F.A.GARIN 295;3A;50;0;50;0;0;0;141950.73;0;0;0;0;0;0;0;0;141950.73;0;0;0;3874;3287;324677;;;A;F.A.GARIN 295 Rep.Nro.: 0 Piso:  Dpto:, 6100RUFINO CP:;
003553/0U;GHIGLIA SILVINA ;Plan 50 ;FERRARI 745;27C;12;12;0;0;0;0;16910.67;16910.67;99756.9;116667.57;0;0;0;0;0;0;0;0;0;23851;24841;276612;;CALLE 35 - FERRARI 700 - 800;A;COLON 526 Rep.Nro.: 0 Piso:  Dpto:, 6100 RUFINO CP:;
003553/1U;TORRES LORENA CARINA ;Plan 50 ;SOLIS 394;27C;1;0;1;0;0;0;9558.5;0;0;0;0;0;0;0;0;9558.5;0;0;0;25908;26710;276009;;CALLE 51 SOLIS 300-400;B;SAAVEDRA 068 Rep.Nro.: 0 Piso:  Dpto:, 6100 RUFINO CP:;
003553/1U;TORRES LORENA CARINA ;Plan 50 ;SOLIS 394;27C;1;0;1;0;0;0;8335.1;0;0;0;0;0;0;0;0;8335.1;0;0;0;25908;26710;276010;;CALLE 35 FERRARI 700-800;B;SAAVEDRA 068 Rep.Nro.: 0 Piso:  Dpto:, 6100 RUFINO CP:;
003553/1U;TORRES LORENA CARINA ;Plan 50 ;SOLIS 394;27C;1;0;1;0;0;0;9558.5;0;0;0;9558.5;0;0;9558.5;0;0;0;0;0;25908;26710;276011;;CALLE 35 FERRARI 700-800;A;SAAVEDRA 068 Rep.Nro.: 0 Piso:  Dpto:, 6100 RUFINO CP:;
003553/1U;TORRES LORENA CARINA ;Plan 50 ;SOLIS 394;27C;1;0;1;0;0;0;8335.1;0;0;0;8335.1;0;0;8335.1;0;0;0;0;0;25908;26710;276013;;CALLE 51 SOLIS 300-400;A;SAAVEDRA 068 Rep.Nro.: 0 Piso:  Dpto:, 6100 RUFINO CP:;
003553/2U;MARELLO JUAN C;Plan 50 ;SOLIS 374;27C;1;0;1;0;0;0;5325.45;0;0;0;5325.45;0;0;5325.45;0;0;0;0;0;6380;2376;275030;;CALLE 51 SOLIS 300 - 400;A;CARBALLEIRA 682 Rep.Nro.: 0 Piso:  Dpto:, 6100 RUFINO CP:;
003553/3U;FRAGANTE LILIANA CORINA;Plan 50 ;SOLIS 364;27C;24;0;24;0;0;0;8257.86;0;0;0;8257.86;0;8262;16519.86;0;0;0;0;0;22428;23376;275295;;CALLE 51 - SOLIS 300 - 400;A;LORENZETTI 140 Rep.Nro.: 0 Piso:  Dpto:, 6100 RUFINO CP:;
003553/4U;LOPEZ ROBERTO A.;Plan 50 ;SOLIS 354;27C;24;1;23;0;0;0;8014.47;74.25;384.54;458.79;7523.81;0;50.71;7574.52;0;51.75;0;0;0;6012;1439;275999;;CALLE 51 - SOLIS 300 - 400;A;SAAVEDRA 025 Rep.Nro.: 0 Piso:  Dpto:, 6100 RUFINO CP:;
003554U;BARONIO RUBEN E;Plan 50 ;M.ROCA 646;27C;1;0;1;0;0;0;9558.5;0;0;0;9558.5;0;0;9558.5;0;0;0;0;0;1251;3297;275657;;CONTADO 30% DESC;A;M.ROCA 646 Rep.Nro.: 0 Piso:  Dpto:, 6100 RUFINO CP:;
003555U;HENRY PEDRO;Plan 50 ;OMBU 385;27C;1;0;1;0;0;0;2327.49;0;0;0;0;0;0;0;0;2327.49;0;0;0;31348;34336;275633;;CONTADO 30% DESC.;B;OMBU 385 Rep.Nro.: 0 Piso:  Dpto:, 6100RUFINO CP:;
003555U;HENRY PEDRO;Plan 50 ;OMBU 385;27C;12;12;0;0;0;0;17967.57;17967.57;105991.62;123959.19;0;0;0;0;0;0;0;0;0;31348;34336;275776;;CALLE 43 - OMBU 300 - 400;A;OMBU 385 Rep.Nro.: 0 Piso:  Dpto:, 6100RUFINO CP:;
003555U;HENRY PEDRO;Plan 50 ;OMBU 385;27C;12;6;6;0;0;0;13960.07;7949.7;45925.54;53875.24;5803.38;0;0;5803.38;0;206.99;0;0;0;31348;34336;275816;;CALLE 36 - FERRARI 600 - 700;A;OMBU 385 Rep.Nro.: 0 Piso:  Dpto:, 6100RUFINO CP:;
003556U;ZAPATA JORGE ALBERTO;Plan 50 ;FERRARI 635;27A;12;0;0;0;0;12;34514.61;0;0;0;0;0;0;0;0;0;0;0;34514.61;19174;17915;276619;;CALLE 36 - FERRARI 600 - 700;A;BV.BELGRANO 247 Rep.Nro.: 0 Piso:  Dpto:, 6100 RUFINO CP:;
003556U;ZAPATA JORGE ALBERTO;Plan 50 ;FERRARI 635;27A;12;0;0;0;0;12;18669.36;0;0;0;0;0;0;0;0;0;0;0;18669.36;19174;17915;276789;;CALLE 43 - OMBU 300 - 400;A;BV.BELGRANO 247 Rep.Nro.: 0 Piso:  Dpto:, 6100 RUFINO CP:;
003562U;CASTRO/GARBERO ARMANDO;Ord. 3303/22 hormigon armado;MORENO 797;11BD;50;0;0;50;0;0;493307.99;0;0;0;0;0;0;0;0;0;493307.99;0;0;2585;3303;324678;;;A;PEAT.NORTE 1145 Rep.Nro.: 0 Piso:  Dpto:, 6100 RUFINO CP:;
003563U;PERALTA JOSEFA FREDES;Pavimiento Urbano;AYACUCHO 620;6BD;78;78;0;0;0;0;3059.6;3059.6;27520.53;30580.13;0;0;0;0;0;0;0;0;0;8498;3304;271133;;;A;MORENO 589 Rep.Nro.: 0 Piso:  Dpto:, 6100RUFINO CP:;
003563U;PERALTA JOSEFA FREDES;Pavimento Res. 046/2026;AYACUCHO 620;6BD;6;1;5;0;0;0;822375.69;138553.9;0;138553.9;683821.79;0;48398.97;732220.76;0;0;0;0;0;8498;3304;379995;;;A;MORENO 589 Rep.Nro.: 0 Piso:  Dpto:, 6100RUFINO CP:;
003564U;SPEZZAPRIA HECTOR;Ord. 3303/22 hormigon armado;MORENO 495;6AC;50;0;50;0;0;0;505247.94;0;0;0;0;0;0;0;0;505247.94;0;0;0;10570;3132;324679;;;A;GALAN 078 Rep.Nro.: 0 Piso:  Dpto:, 6100RUFINO CP:;
003565U;FERRERO SILVINA DEL CARMEN;C.C. Dec. 132/2017;F.A.GARIN 416;6C;1;0;0;1;0;0;2405.63;0;0;0;0;0;0;0;0;0;2405.63;0;0;4162;2141;223902;;;A;F.A.GARIN 416 Rep.Nro.: 0 Piso:  Dpto:, 6100-RUFINO;
003565U;FERRERO SILVINA DEL CARMEN;Ord. 3303/22 hormigon armado;F.A.GARIN 416;6C;50;11;0;0;0;39;325722.87;114015.93;43188.81;157204.74;0;0;0;0;0;0;0;0;211706.94;4162;2141;324680;;;A;F.A.GARIN 416 Rep.Nro.: 0 Piso:  Dpto:, 6100RUFINO CP:;
003568U;HORNO GUSTAVO;Plan 50 ;OMBU 367;27C;12;0;12;0;0;0;8854.43;0;0;0;8854.43;0;133.45;8987.88;0;0;0;0;0;32719;33350;275770;;CALLE 43 - OMBU 300 - 400;A;OMBU 367 Rep.Nro.: 0 Piso:  Dpto:, 6100 RUFINO CP:;
003570U;AIME/TORTA OSCAR D ;Plan 50 ;R.BOUSSY 824;5A;12;0;12;0;0;0;13917.51;0;0;0;13917.51;0;21837.06;35754.57;0;0;0;0;0;259;3310;276849;;CALLE 05 R.BOUSSY  800 - 900;A;COBO 522 Rep.Nro.: 0 Piso:  Dpto:, 6100RUFINO CP:;
003570U;AIME/TORTA OSCAR D ;Ord. 3303/22 hormigon armado;R.BOUSSY 824;5A;50;11;7;0;0;32;214454.41;75067.57;28435.32;103502.89;14737.05;0;2467.69;17204.74;0;0;0;0;124649.79;259;3310;324683;;;A;COBO 522 Rep.Nro.: 0 Piso:  Dpto:, 6100 RUFINO CP:;
003571U;CABRERA OSCAR A;C.C. Ord. 3081/2016;MAGALLANES 361;37;1;0;0;1;0;0;2213.18;0;0;0;0;0;0;0;0;0;2213.18;0;0;2204;3311;168551;;;A;MAGALLANES 361 Rep.Nro.: 0 Piso:  Dpto:, 6100RUFINO;
003578U;MADERA SELVA DE;C.C. Ord. 3081/2016;DORREGO 109;14;1;0;0;1;0;0;1924.5;0;0;0;0;0;0;0;0;0;1924.5;0;0;6145;3317;166129;;;A;DORREGO 109 Rep.Nro.: 0 Piso:  Dpto:, 6100RUFINO;
003581U;BERTOLUSSO FRANCISCO;PAVIMENTO CALLE SANTA ROSA;SANTA ROSA 395;35;48;0;0;0;0;48;140675.9;0;0;0;0;0;0;0;0;0;0;0;140675.9;1622;3320;308711;;"Pavimento en Calle Santa Rosa 395 - No se presento
";A;SANTA ROSA 389 Rep.Nro.: 0 Piso:  Dpto:, 6100 RUFINO CP:;
003597U;PEREZ BRAVO AGUSTINA;Plan 50 ;OMBU 470;22BD;12;0;12;0;0;0;8455.35;0;0;0;8455.35;0;9641.94;18097.29;0;0;0;0;0;8571;3335;276675;;CALLE 44 - OMBU 400 - 500;A;OMBU 470 Rep.Nro.: 0 Piso:  Dpto:, 6100RUFINO CP:;
003598U;SALINAS AP ;Plan 50 ;OMBU 480;22BD;12;0;12;0;0;0;8455.35;0;0;0;8455.35;0;2260.09;10715.44;0;0;0;0;0;9866;3336;276677;;CALLE 44 - OMBU 400 - 500;A;R.ESCALADA 175 Rep.Nro.: 0 Piso:  Dpto:, 6100RUFINO CP:;
003599U;RODRIGUEZ HECTOR;Plan 50 ;OMBU 490;22BD;12;0;12;0;0;0;8455.35;0;0;0;8455.35;0;12109.13;20564.48;0;0;0;0;0;29522;30012;276678;;CALLE 44 - OMBU 400 - 500;A;OMBU 490 Rep.Nro.: 0 Piso:  Dpto:, 6100 RUFINO CP:;
003600U;LOPEZ JUAN ANIBAL;Plan 50 ;INDEPENDENCIA 631;22BD;12;2;10;0;0;0;7083.46;1405.22;7996.41;9401.63;5678.24;0;740.31;6418.55;0;0;0;0;0;5994;3338;276679;;"CALLE 44 - OMBU 400 - 500
";A;INDEPENDENCIA 631 Rep.Nro.: 0 Piso:  Dpto:, 6100RUFINO CP:;
003600U;LOPEZ JUAN ANIBAL;Plan 50 ;INDEPENDENCIA 631;22BD;12;0;12;0;0;0;21542.16;0;0;0;0;0;0;0;0;21542.16;0;0;0;5994;3338;276922;;CALLE 31 - INDEPENDENCIA 600 - 700;B;INDEPENDENCIA 631 Rep.Nro.: 0 Piso:  Dpto:, 6100RUFINO CP:;
003600U;LOPEZ JUAN ANIBAL;Plan 50 ;INDEPENDENCIA 631;22BD;48;5;11;0;0;32;80004.18;3505.82;18744.38;22250.2;6866.15;0;990.07;7856.22;0;0;0;0;69632.21;5994;3338;284074;;CALLE 31 - INDEPENDENCIA 600 - 700;A;INDEPENDENCIA 631 Rep.Nro.: 0 Piso:  Dpto:, 6100RUFINO CP:;
003601U;SALINAS/RODRIGUEZ C.R ;Plan 50 ;INDEPENDENCIA 665;22BD;12;12;0;0;0;0;12615.36;12615.36;74418.66;87034.02;0;0;0;0;0;0;0;0;0;9871;3339;276681;;"CALLE 44 - OMBU 400 - 500
";A;EVA PERON 299 Rep.Nro.: 0 Piso:  Dpto:, 6100RUFINO CP:;
003601U;SALINAS/RODRIGUEZ C.R ;Plan 50 ;INDEPENDENCIA 665;22BD;12;12;0;0;0;0;42276.57;42276.57;249391.67;291668.24;0;0;0;0;0;0;0;0;0;9871;3339;276924;;CALLE 31 - INDEPENDENCIA 600 - 700;A;EVA PERON 299 Rep.Nro.: 0 Piso:  Dpto:, 6100RUFINO CP:;
003602U;BERTOLUSSO ARIEL GABRIEL;Plan 50 ;INDEPENDENCIA 683;22BD;12;12;0;0;0;0;21446.19;21446.19;126512.17;147958.36;0;0;0;0;0;0;0;0;0;1620;3340;276661;;"CALLE 42 - RIVADAVIA 400 - 500
";A;M.ROCA 637 Rep.Nro.: 0 Piso:  Dpto:, 6100 RUFINO CP:;
003602U;BERTOLUSSO ARIEL GABRIEL;Plan 50 ;INDEPENDENCIA 683;22BD;12;12;0;0;0;0;33577.77;33577.77;198076.98;231654.75;0;0;0;0;0;0;0;0;0;1620;3340;276927;;CALLE 31 - INDEPENDENCIA 600 - 700;A;M.ROCA 637 Rep.Nro.: 0 Piso:  Dpto:, 6100 RUFINO CP:;
003603U;STEFANICH HORACIO MAURICIO;Plan 50 ;OMBU 475;22BD;12;0;12;0;0;0;24858.69;0;0;0;24858.69;0;12439.37;37298.06;0;0;0;0;0;15593;13267;276659;;CALLE 42 - RIVADAVIA 400 - 500;A;EVA PERON 011 P2.D.A Rep.Nro.: 0 Piso:  Dpto:, 6100RUFINO CP:;
003603U;STEFANICH HORACIO MAURICIO;Plan 50 ;OMBU 475;22BD;12;0;12;0;0;0;12429.3;0;0;0;12429.3;0;6219.66;18648.96;0;0;0;0;0;15593;13267;276794;;CALLE 44 - OMBU 400 - 500;A;EVA PERON 011 P2.D.A Rep.Nro.: 0 Piso:  Dpto:, 6100RUFINO CP:;
003604U;ALVAREZ RAQUEL MARIA;Plan 50 ;OMBU 465;22BD;1;0;1;0;0;0;21506.65;0;0;0;21506.65;0;0;21506.65;0;0;0;0;0;19991;18605;275917;;CALLE 42-RIVADAVIA 400-500;A;J.B.JUSTO 434 Rep.Nro.: 0 Piso:  Dpto:, 6100 RUFINO CP:;
003605U;REYNOSO EDGARDO;Plan 50 ;OMBU 445;22BD;12;12;0;0;0;0;10780.5;10780.5;63594.73;74375.23;0;0;0;0;0;0;0;0;0;9231;3343;275656;;CALLE 44 - OMBU 400 - 500;A;OMBU 445 Rep.Nro.: 0 Piso:  Dpto:, 6100RUFINO CP:;
003605U;REYNOSO EDGARDO;Plan 50 ;OMBU 445;22BD;36;14;22;0;0;0;31696.47;9703.61;54452.87;64156.48;21992.86;0;77517.02;99509.88;0;0;0;0;0;9231;3343;276518;;"CALLE 42 - RIVADAVIA 400 - 500
";A;OMBU 445 Rep.Nro.: 0 Piso:  Dpto:, 6100RUFINO CP:;
003649U;GOROSITO AURELIA;C.C. Ord. 3081/2016;MORENO 896;1;1;0;0;1;0;0;3849;0;0;0;0;0;0;0;0;0;3849;0;0;5219;3386;169053;;;A;ECHEVERRIA 594 Rep.Nro.: 0 Piso:  Dpto:, 6100 RUFINO;
003650U;SANTILLAN SANDRA CRISTINA;C.C. Ord. 3081/2016;MORENO 876;1;1;0;0;1;0;0;1924.5;0;0;0;0;0;0;0;0;0;1924.5;0;0;10019;3387;169052;;;A;MORENO 876 Rep.Nro.: 0 Piso:  Dpto:, 6100RUFINO;
003651U;PERALTA JUAN C ;C.C. Ord. 3081/2016;MORENO 866;1;1;0;0;1;0;0;1924.5;0;0;0;0;0;0;0;0;0;1924.5;0;0;8499;3388;169050;;;A;MORENO 862 Rep.Nro.: 0 Piso:  Dpto:, 6100RUFINO;
003652U;LUCCONI EDMUNDO ;C.C. Ord. 3081/2016;MORENO 856;1;1;0;0;1;0;0;1924.5;0;0;0;0;0;0;0;0;0;1924.5;0;0;6047;3389;169049;;;A;MORENO 856 Rep.Nro.: 0 Piso:  Dpto:, 6100RUFINO;
003653U;ZANET RAIMUNDO ;C.C. Ord. 3081/2016;MORENO 846;1;1;0;0;1;0;0;1924.5;0;0;0;0;0;0;0;0;0;1924.5;0;0;11502;3390;169048;;;A;MORENO 844 Rep.Nro.: 0 Piso:  Dpto:, 6100RUFINO;
003654U;DANIELE DANIEL ALBERTO;C.C. Ord. 3081/2016;MORENO 836;1;1;0;0;1;0;0;1924.5;0;0;0;0;0;0;0;0;0;1924.5;0;0;3384;273;169047;;;A;GARAY 575 Rep.Nro.: 0 Piso:  Dpto:, 6100RUFINO;
003655U;DANIELE DANIEL ALBERTO;C.C. Ord. 3081/2016;MORENO 826;1;1;0;0;1;0;0;1924.5;0;0;0;0;0;0;0;0;0;1924.5;0;0;3384;273;169046;;;A;GARAY 575 Rep.Nro.: 0 Piso:  Dpto:, 6100RUFINO;
003656U;BOCIO HERIBERTO;C.C. Ord. 3081/2016;GARAY 593;1;1;0;0;1;0;0;3849;0;0;0;0;0;0;0;0;0;3849;0;0;1788;3393;169045;;;A;GARAY 593 Rep.Nro.: 0 Piso:  Dpto:, 6100RUFINO;
003685U;BIANCO ALEJANDRA E;Plan 50 ;ITALIA 795;13B;12;0;12;0;0;0;29074.92;0;0;0;0;0;0;0;0;29074.92;0;0;0;1673;3421;276975;;CALLE 10 GARAY 100-200;B;GARAY 545 Rep.Nro.: 0 Piso:  Dpto:, 6100 RUFINO CP:;
003685U;BIANCO ALEJANDRA E;Plan 50 ;ITALIA 795;13B;12;0;12;0;0;0;25680.72;0;0;0;25680.72;0;6893.74;32574.46;0;0;0;0;0;1673;3421;277204;;CALLE 10 - GARAY 100 - 200;A;GARAY 545 Rep.Nro.: 0 Piso:  Dpto:, 6100 RUFINO CP:;
003685U;BIANCO ALEJANDRA E;Ord. 3303/22 hormigon armado;ITALIA 795;13B;50;1;49;0;0;0;651555.26;23563.9;0;23563.9;627028.1;66464.93;814.95;694307.98;0;963.41;0;0;0;1673;3421;324684;;;A;GARAY 545 Rep.Nro.: 0 Piso:  Dpto:, 6100 RUFINO CP:;
003708U;SERRANO ELISA/TORTA;C.C. Dec. 132/2017;F.A.GARIN 461;5A;1;0;0;1;0;0;577.35;0;0;0;0;0;0;0;0;0;438.25;0;0;10225;3440;223893;;;A;F.A.GARIN 461 Rep.Nro.: 0 Piso:  Dpto:, 6100-RUFINO;
003708U;SERRANO ELISA/TORTA;Ord. 3303/22 hormigon armado;F.A.GARIN 461;5A;50;0;50;0;0;0;76044.61;0;0;0;76044.61;0;45639.34;121683.95;0;0;0;0;0;10225;3440;324685;;;A;COBO 522 Rep.Nro.: 0 Piso:  Dpto:, 6100RUFINO CP:;
003710U;ELBUSTO PEDRO J.;C.C. Dec. 132/2017;F.A.GARIN 430;6C;1;0;0;1;0;0;4811.25;0;0;0;0;0;0;0;0;0;2903.75;0;0;26047;27061;223903;;;A;F.A.GARIN 430 Rep.Nro.: 0 Piso:  Dpto:, 6100-RUFINO;
003710U;ELBUSTO PEDRO J.;Ord. 3303/22 hormigon armado;F.A.GARIN 430;6C;50;0;50;0;0;0;649513.57;0;0;0;649513.57;0;763442.42;1412955.99;0;0;0;0;0;26047;27061;324686;;;A;M.ROCA 114 Rep.Nro.: 0 Piso:  Dpto:, 6100RUFINO CP:;
003713U;CORREA DOMINGO;Plan 50 ;ITALIA 798;14D;12;12;0;0;0;0;47349.81;47349.81;279318.95;326668.76;0;0;0;0;0;0;0;0;0;3180;3445;276991;;CALLE 11 GARAY 000-100;A;ITALIA 798 Rep.Nro.: 0 Piso:  Dpto:, 6100RUFINO CP:;
003713U;CORREA DOMINGO;Ord. 3303/22 hormigon armado;ITALIA 798;14D;50;11;0;0;0;39;713981.96;249921.95;94669.49;344591.44;0;0;0;0;0;0;0;0;464060.01;3180;3445;324687;;;A;ITALIA 798 Rep.Nro.: 0 Piso:  Dpto:, 6100RUFINO CP:;
003722U;TACCHI ALBERTO N;Ord. 3303/22 hormigon armado;GARAY 590;11B;50;0;50;0;0;0;294867.41;0;0;0;0;0;0;0;0;294867.41;0;0;0;10692;3568;324688;;;B;GARAY 580 Rep.Nro.: 0 Piso:  Dpto:, 6100RUFINO CP:;
003722U;TACCHI ALBERTO N;Ord. 3303/22 hormigon armado;GARAY 590;11B;1;0;1;0;0;0;106572.78;0;0;0;95915.5;0;0;95915.5;0;0;0;0;0;10692;3568;328184;;Segun Resol.258/22 - Se compensa el 70 %;A;GARAY 580 Rep.Nro.: 0 Piso:  Dpto:, 6100RUFINO CP:;
003724U;EDITH SAENZ Y LONEGRO ;Ord. 3303/22 hormigon armado;SAN LORENZO 591;11B;50;0;50;0;0;0;770960.75;0;0;0;0;0;0;0;0;770960.75;0;0;0;3782;3455;324689;;;A;LAVALLE 350 Rep.Nro.: 0 Piso:  Dpto:, 6100 RUFINO CP:;
003733U;SANCHEZ OMAR A;Plan 50 ;R.BOUSSY 785;6D;12;0;12;0;0;0;15726.84;0;0;0;15726.84;0;57614.48;73341.32;0;0;0;0;0;9973;3464;276909;;CALLE 06 R.BOUSSY  700 - 800;A;R.BOUSSY 791 Rep.Nro.: 0 Piso:  Dpto:, 6100RUFINO CP:;
003733U;SANCHEZ OMAR A;Ord. 3303/22 hormigon armado;R.BOUSSY 785;6D;50;1;49;0;0;0;242336.11;8748.27;0;8748.27;233587.84;0;142187.57;375775.41;0;0;0;0;0;9973;3464;324690;;;A;R.BOUSSY 791 Rep.Nro.: 0 Piso:  Dpto:, 6100 RUFINO CP:;
003734U;MANAVELLA MIRIAN LICENA;C.C. Dec. 132/2017;R.BOUSSY 799;6D;1;0;0;1;0;0;3454.48;0;0;0;0;0;0;0;0;0;3454.48;0;0;35302;35860;223931;;;A;R.BOUSSY 799 Rep.Nro.: 0 Piso:  Dpto:, 6100-RUFINO;
003734U;MANAVELLA MIRIAN LICENA;Plan 50 ;R.BOUSSY 799;6D;12;0;12;0;0;0;18094.38;0;0;0;18094.38;0;6584.29;24678.67;0;0;0;0;0;35302;35860;276912;;CALLE 06 R.BOUSSY  700 - 800;A;R.BOUSSY 799 Rep.Nro.: 0 Piso:  Dpto:, 6100RUFINO CP:;
003734U;MANAVELLA MIRIAN LICENA;Ord. 3303/22 hormigon armado;R.BOUSSY 799;6D;50;1;49;0;0;0;278160.75;10065.24;0;10065.24;267806.51;0;6797.56;274604.07;0;289;0;0;0;35302;35860;324691;;;A;R.BOUSSY 799 Rep.Nro.: 0 Piso:  Dpto:, 6100 RUFINO CP:;
003734U;MANAVELLA MIRIAN LICENA;Pavimento Res. 046/2026;R.BOUSSY 799;6D;6;1;5;0;0;0;738082.2;124352.13;0;124352.13;613730.07;0;10950.77;624680.84;0;0;0;0;0;35302;35860;380092;;;A;R.BOUSSY 799 Rep.Nro.: 0 Piso:  Dpto:, 6100 RUFINO CP:;
003736U;CAMPAL CARINA VIVIANA;Plan 50 ;A.MARTIN 495;21B;12;0;12;0;0;0;43122.15;0;0;0;40579.35;0;37204.35;77783.7;0;2542.8;0;0;0;2296;3467;276843;;CALLE 29 - INDEPENDENCIA 800 - 900;A;L.A.VIETTI.1345 Rep.Nro.: 0 Piso:  Dpto:, 6100RUFINO CP:;
003750U;CABRERA PATRICIA LAURA;Plan 50 ;OMBU 410;22BD;12;12;0;0;0;0;16910.67;16910.67;99756.9;116667.57;0;0;0;0;0;0;0;0;0;26701;27497;276669;;CALLE 44 - OMBU 400 - 500;A;OMBU 410 Rep.Nro.: 0 Piso:  Dpto:, 6100 RUFINO CP:;
003751U;MOLINA EUSTAQUIO A;Plan 50 ;OMBU 446;22BD;12;12;0;0;0;0;8455.35;8455.35;49878.55;58333.9;0;0;0;0;0;0;0;0;0;6906;3480;276673;;CALLE 44 - OMBU 400 - 500;A;OMBU 446 Rep.Nro.: 0 Piso:  Dpto:, 6100RUFINO CP:;
003752U;BAUDUCCO MIGUEL ANGEL;Ord. 3303/22 hormigon armado;MORENO 468;6A;50;11;13;0;0;26;208459.37;72968.83;27640.3;100609.13;29253.03;0;63.85;29316.88;0;0;0;0;106237.51;18693;17513;324693;;;A;GARAY 505 Rep.Nro.: 0 Piso:  Dpto:, 6100RUFINO CP:;
003771U;PALOMA HUGO WALTER;Ord. 3303/22 hormigon armado;MORENO 423;6AC;50;0;50;0;0;0;102875.66;0;0;0;72874.36;0;366.44;73240.8;0;30001.3;0;0;0;8256;14699;324695;;;A;MORENO 427 Rep.Nro.: 0 Piso:  Dpto:, 6100 RUFINO CP:;
003781U;CORONEL W SUC ;Plan 50 ;FERRARI 897;26A;12;6;6;0;0;0;33821.22;15116.07;91453.15;106569.22;18705.15;0;75064.07;93769.22;0;0;0;0;0;3159;3507;277033;;CALLE 34 - FERRARI 800 - 900;A;FERRARI 897 Rep.Nro.: 0 Piso:  Dpto:, 6100RUFINO CP:;
003781U;CORONEL W SUC ;Plan 50 ;FERRARI 897;26A;12;0;12;0;0;0;13655.04;0;0;0;0;0;0;0;0;13655.04;0;0;0;3159;3507;277052;;CALLE 22 GUEMES 300-400;B;FERRARI 897 Rep.Nro.: 0 Piso:  Dpto:, 6100RUFINO CP:;
003781U;CORONEL W SUC ;Plan 50 ;FERRARI 897;26A;12;6;6;0;0;0;50731.89;22674.12;137117.67;159791.79;28057.77;0;112464.21;140521.98;0;0;0;0;0;3159;3507;277171;;CALLE 22 - GUEMES 300 - 400;A;FERRARI 897 Rep.Nro.: 0 Piso:  Dpto:, 6100RUFINO CP:;
003792U;BARALE ENZO GASTON;Pavimiento Urbano;IRIGOYEN.1132;16;35;0;35;0;0;0;1036;0;0;0;1036;0;5702.44;6738.44;0;0;0;0;0;27845;28445;32599;;;A;CATAMARCA 055 Rep.Nro.: 0 Piso:  Dpto:, 6100RUFINO;
003801U;VIALE ANGEL AS;Ord. 3303/22 hormigon armado;MORENO 755;11BD;50;11;0;0;0;39;259013.91;90665.1;34343.59;125008.69;0;0;0;0;0;0;0;0;168348.81;11202;3527;324697;;;A;MORENO 755 Rep.Nro.: 0 Piso:  Dpto:, 6100 RUFINO CP:;
003811U;ARAIZ OSCAR RAMON;Plan 50 ;FERRARI 636;22BD;1;0;1;0;0;0;9558;0;0;0;9558;0;0;9558;0;0;0;0;0;657;5142;276506;;calle 36-ferrari 600-700;A;IRIGOYEN 162 1RO.A Rep.Nro.: 0 Piso:  Dpto:, 6100RUFINO CP:;
003811U;ARAIZ OSCAR RAMON;Plan 50 ;FERRARI 636;22BD;1;0;1;0;0;0;1383;0;0;0;1383;0;0;1383;0;0;0;0;0;657;5142;276606;;CALLE 44 OMBU 400-500;A;IRIGOYEN 162 1RO.A Rep.Nro.: 0 Piso:  Dpto:, 6100RUFINO CP:;
003812U;MARENCO JUAN CARLOS;Ord. 3303/22 hormigon armado;R.BOUSSY 588;6A;50;18;32;0;0;0;148527.81;78370.81;49733.31;128104.12;70157;0;92639.63;162796.63;0;0;0;0;0;6387;3537;324701;;;A;R.BOUSSY 588 Rep.Nro.: 0 Piso:  Dpto:, 6100 RUFINO CP:;
003813U;THAMIS JOSE MANUEL;Plan 50 ;INDEPENDENCIA 640;22AC;12;12;0;0;0;0;25366.02;25366.02;149635.46;175001.48;0;0;0;0;0;0;0;0;0;10797;7998;276886;;CALLE 31 - INDEPENDENCIA 600 - 700;A;INDEPENDENCIA 640 Rep.Nro.: 0 Piso:  Dpto:, 6100 RUFINO CP:;
003815U;ALEM OLGA BEATRIZ;Plan 50 ;RIVADAVIA 475;22;36;0;36;0;0;0;21025.71;0;0;0;21025.71;0;10052.8;31078.51;0;0;0;0;0;349;3540;275445;;CALLE 42 - RIVADAVIA 400 - 500;A;RIVADAVIA 475 Rep.Nro.: 0 Piso:  Dpto:, 6100RUFINO CP:;
003820U;ROBLES ELVIRA;C.C. Ord. 3081/2016;ASAMBLEA 685;22AC;1;0;0;1;0;0;3849;0;0;0;0;0;0;0;0;0;3849;0;0;9372;3545;169037;;;A;MARMOL 323 Rep.Nro.: 0 Piso:  Dpto:, 6100RUFINO;
003821U;MOREL EMMANUEL LEANDRO ;C.C. Dec. 132/2017;F.A.GARIN 585;5B;1;0;1;0;0;0;1878.31;0;0;0;1878.31;0;0;1878.31;0;0;0;0;0;17634;26272;223929;;;A;F.A.GARIN 585 Rep.Nro.: 0 Piso:  Dpto:, 6100-RUFINO;
003821U;MOREL EMMANUEL LEANDRO ;Pavimento Res. 046/2026;F.A.GARIN 585;5B;6;6;0;0;0;0;401319.33;401319.33;78125.88;479445.21;0;0;0;0;0;0;0;0;0;17634;26272;380105;;;A;F.A.GARIN 585 Rep.Nro.: 0 Piso:  Dpto:, 6100RUFINO CP:;
003822U;GAROLA ANDRES;C.C. Ord. 3081/2016;F.A.GARIN 595;5B;1;0;0;1;0;0;3849;0;0;0;0;0;0;0;0;0;3849;0;0;4664;3547;167796;;;A;F.A.GARIN 595 Rep.Nro.: 0 Piso:  Dpto:, 6100RUFINO;
003822U;GAROLA ANDRES;C.C. Dec. 132/2017;F.A.GARIN 595;5B;1;0;0;1;0;0;2163.14;0;0;0;0;0;0;0;0;0;2163.14;0;0;4664;3547;223930;;;A;F.A.GARIN 595 Rep.Nro.: 0 Piso:  Dpto:, 6100-RUFINO;
003822U;GAROLA ANDRES;Pavimento Res. 046/2026;F.A.GARIN 595;5B;6;1;5;0;0;0;1284550.83;216421.19;0;216421.19;1068129.64;0;93778.56;1161908.2;0;0;0;0;0;4664;3547;380035;;"11.24m POR CALLE AYACUCHO
20m POR CALLE GARIN";A;F.A.GARIN 595 Rep.Nro.: 0 Piso:  Dpto:, 6100RUFINO CP:;
003833U;SALOMONE JOSE ;C.C. Dec. 132/2017;F.A.GARIN 515;5B;1;0;0;1;0;0;2472.98;0;0;0;0;0;0;0;0;0;2472.98;0;0;5909;3558;223914;;;A;F.A.GARIN 515 Rep.Nro.: 0 Piso:  Dpto:, 6100-RUFINO;
003833U;MOLINA FERNANDO OSCAR;Pavimento Res. 046/2026;F.A.GARIN 515;5B;6;5;1;0;0;0;528376.38;439355.5;95115.58;534471.08;89020.88;0;0;89020.88;0;0;0;0;0;36909;37464;380095;;;A;MARMOL Rep.Nro.: 495 Piso:  Dpto:, 6100 RUFINO CP:;
003834U;INBERNOS ANDRES A;C.C. Dec. 132/2017;F.A.GARIN 525;5B;1;0;0;1;0;0;1376.02;0;0;0;0;0;0;0;0;0;252.02;0;0;5571;3559;223915;;;A;F.A.GARIN 525 Rep.Nro.: 0 Piso:  Dpto:, 6100-RUFINO;
003834U;BRARDA MELINA CELESTE Y OTRAS;Pavimento Res. 046/2026;F.A.GARIN 525;5B;6;0;6;0;0;0;734998.29;0;0;0;734998.29;0;0;734998.29;0;0;0;0;0;42554;43755;379906;;;A;BELGRANO 563 Rep.Nro.: 0 Piso:  Dpto:, 6100 RUFINO CP:;
003835U;ABDO ALICIA J;C.C. Dec. 132/2017;F.A.GARIN 535;5B;1;0;0;1;0;0;1924.5;0;0;0;0;0;0;0;0;0;1924.5;0;0;21;3560;223916;;;A;F.A.GARIN 535 Rep.Nro.: 0 Piso:  Dpto:, 6100-RUFINO;
003835U;AUDISIO GUSTAVO DANIEL;Pavimento Res. 046/2026;F.A.GARIN 535;5B;6;1;5;0;0;0;1027969.65;173192.38;0;173192.38;854777.27;0;0;854777.27;0;0;0;0;0;34546;35014;378509;;;A;GALAN 728 Rep.Nro.: 0 Piso:  Dpto:, 6100 RUFINO CP:;
003837U;ALANIS PEDRO A;C.C. Dec. 132/2017;F.A.GARIN 545;5B;1;0;1;0;0;0;1828.28;0;0;0;0;0;0;0;0;1828.28;0;0;0;274;3562;223918;;;A;F.A.GARIN 545 Rep.Nro.: 0 Piso:  Dpto:, 6100-RUFINO;
003837U;ALANIS PEDRO A;Pavimento Res. 046/2026;F.A.GARIN 545;5B;6;6;0;0;0;0;390628.44;390628.44;76044.66;466673.1;0;0;0;0;0;0;0;0;0;274;3562;380098;;;A;M.ROCA 043 Rep.Nro.: 0 Piso:  Dpto:, 6100 RUFINO CP:;
003838U;GIRAUDO/GOMEZ DANIEL A.;C.C. Dec. 132/2017;F.A.GARIN 557;5B;1;0;0;1;0;0;2020.73;0;0;0;0;0;0;0;0;0;1735.23;0;0;4944;3563;223919;;;A;F.A.GARIN 557 Rep.Nro.: 0 Piso:  Dpto:, 6100-RUFINO;
003838U;GIRAUDO/GOMEZ DANIEL A.;Pavimento Res. 046/2026;F.A.GARIN 557;5B;6;0;6;0;0;0;431747.25;0;0;0;431747.25;0;0;431747.25;0;0;0;0;0;4944;3563;380100;;;A;F.A.GARIN 557 Rep.Nro.: 0 Piso:  Dpto:, 6100 RUFINO CP:;
003842U;MOLINA SILVINA L;Ord. 3303/22 hormigon armado;INDEPENDENCIA 585;22B;50;50;0;0;0;0;183708.28;183708.28;297767.76;481476.04;0;0;0;0;0;0;0;0;0;6920;3566;324702;;;A;INDEPENDENCIA 585 Rep.Nro.: 0 Piso:  Dpto:, 6100RUFINO CP:;
003843U;PESAMOSCA LAURA VANESA;Ord. 3303/22 hormigon armado;MORENO 486;6A;50;0;50;0;0;0;210896.38;0;0;0;12949.19;0;5604.66;18553.85;197947.19;0;0;0;0;8710;3567;324704;;;A;MORENO 486 Rep.Nro.: 0 Piso:  Dpto:, 6100 RUFINO CP:;
003846U;TACCHI ALBERTO N;Ord. 3303/22 hormigon armado;MORENO 788;11B;50;0;50;0;0;0;140413.26;0;0;0;0;0;0;0;0;140413.26;0;0;0;10692;3568;324708;;;B;GARAY 580 Rep.Nro.: 0 Piso:  Dpto:, 6100 RUFINO CP:;
003846U;TACCHI ALBERTO N;Ord. 3303/22 hormigon armado;MORENO 788;11B;1;0;1;0;0;0;50748.93;0;0;0;45674.04;0;0;45674.04;0;0;0;0;0;10692;3568;328186;;Resol.258/22 - Se compensa el 70 % - Nuevo plan;A;GARAY 580 Rep.Nro.: 0 Piso:  Dpto:, 6100 RUFINO CP:;
003847U;TACCHI ALBERTO N;Ord. 3303/22 hormigon armado;MORENO 776;11B;50;0;50;0;0;0;140413.26;0;0;0;0;0;0;0;0;140413.26;0;0;0;10692;3568;324709;;;B;GARAY 580 Rep.Nro.: 0 Piso:  Dpto:, 6100 RUFINO CP:;
003847U;TACCHI ALBERTO N;Ord. 3303/22 hormigon armado;MORENO 776;11B;1;0;1;0;0;0;50748.93;0;0;0;45674.04;0;0;45674.04;0;0;0;0;0;10692;3568;328187;;Resol.258/22 - Se compensa el 70 % - Nuevo plan;A;GARAY 580 Rep.Nro.: 0 Piso:  Dpto:, 6100 RUFINO CP:;
003848U;TACCHI ALBERTO N;Ord. 3303/22 hormigon armado;MORENO 768;11B;50;0;50;0;0;0;140413.26;0;0;0;0;0;0;0;0;140413.26;0;0;0;10692;3568;324710;;;B;GARAY 580 Rep.Nro.: 0 Piso:  Dpto:, 6100 RUFINO CP:;
003848U;TACCHI ALBERTO N;Ord. 3303/22 hormigon armado;MORENO 768;11B;1;0;1;0;0;0;50748.93;0;0;0;45674.04;0;0;45674.04;0;0;0;0;0;10692;3568;328188;;Resol.258/22 - Se compensa el 70 % - Nuevo plan;A;GARAY 580 Rep.Nro.: 0 Piso:  Dpto:, 6100 RUFINO CP:;
003849U;TACCHI ALBERTO N;Ord. 3303/22 hormigon armado;MORENO 756;11B;50;0;50;0;0;0;140413.26;0;0;0;0;0;0;0;0;140413.26;0;0;0;10692;3568;324711;;;B;GARAY 580 Rep.Nro.: 0 Piso:  Dpto:, 6100 RUFINO CP:;
003849U;TACCHI ALBERTO N;Ord. 3303/22 hormigon armado;MORENO 756;11B;1;0;1;0;0;0;50748.93;0;0;0;45674.03;0;0;45674.03;0;0;0;0;0;10692;3568;328189;;Resol.258/22 - Se compensa el 70 % - Nuevo plan;A;GARAY 580 Rep.Nro.: 0 Piso:  Dpto:, 6100 RUFINO CP:;
003850U;GIORDANO ANALIA V;Ord. 3303/22 hormigon armado;MORENO 748;11B;50;0;50;0;0;0;140413.26;0;0;0;0;0;0;0;0;140413.26;0;0;0;4907;3574;324712;;;B;MORENO 617 Rep.Nro.: 0 Piso:  Dpto:, 6100RUFINO CP:;
003850U;GIORDANO ANALIA V;Ord. 3303/22 hormigon armado;MORENO 748;11B;1;0;1;0;0;0;145480;0;0;0;0;0;0;0;0;145480;0;0;0;4907;3574;328048;;sE COMPNSO 14% POR PLAN PAVIM.P/TODOS;B;MORENO 617 Rep.Nro.: 0 Piso:  Dpto:, 6100RUFINO CP:;
003850U;GIORDANO ANALIA V;Ord. 3303/22 hormigon armado;MORENO 748;11B;12;0;12;0;0;0;166283.64;0;0;0;0;0;0;0;0;166283.64;0;0;0;4907;3574;330828;;;B;MORENO 617 Rep.Nro.: 0 Piso:  Dpto:, 6100RUFINO CP:;
003850U;GIORDANO ANALIA V;Ord. 3303/22 hormigon armado;MORENO 748;11B;12;0;12;0;0;0;196658.59;0;0;0;196658.59;0;2069.51;198728.1;0;0;0;0;0;4907;3574;330831;;;A;MORENO 617 Rep.Nro.: 0 Piso:  Dpto:, 6100RUFINO CP:;
003863U;GIORDANO ADOLFO DAVID;Ord. 3303/22 hormigon armado;MORENO 785;11BD;50;0;50;0;0;0;111725.46;0;0;0;0;0;0;0;0;111725.46;0;0;0;4882;3586;324713;;;A;L.A.VIETTI.1453 Rep.Nro.: 0 Piso:  Dpto:, 6100 RUFINO CP:;
003868U;SPERTE MARISA LEONOR;Ord. 3303/22 hormigon armado;COLON 697;4D;50;0;50;0;0;0;352974.94;0;0;0;352974.94;0;343899.91;696874.85;0;0;0;0;0;30558;31229;324714;;;A;COLON 697 Rep.Nro.: 0 Piso:  Dpto:, 6100 RUFINO CP:;
003874U;ARREBILLAGA ALBERTO ;Ord. 3303/22 hormigon armado;PJE.TORRES 698;4D;50;0;25;25;0;0;296473.24;0;0;0;176840.48;0;336.9;177177.38;0;0;119632.76;0;0;908;3595;324716;;;A;PJE.TORRES 698 Rep.Nro.: 0 Piso:  Dpto:, 6100 RUFINO CP:;
003880U;TORRES SILVANA E;Ord. 3303/22 hormigon armado;PJE.TORRES 697;4D;50;1;49;0;0;0;364547.65;13169.5;0;13169.5;351378.15;0;67995.47;419373.62;0;0;0;0;0;10917;3598;324718;;;A;IRIGOYEN 228 Rep.Nro.: 0 Piso:  Dpto:, 6100 RUFINO CP:;
003886U;CONCARO NESTOR M;Ord. 3303/22 hormigon armado;ALFANI 698;4D;50;11;0;0;0;39;364808.94;127697.48;48371.33;176068.81;0;0;0;0;0;0;0;0;237111.46;3059;6749;324719;;;A;ALFANI 698 Rep.Nro.: 0 Piso:  Dpto:, 6100 RUFINO CP:;
003892U;CHARRUFF MIGUEL ANGEL;Ord. 3303/22 hormigon armado;ALFANI 699;4D;50;0;50;0;0;0;364450.24;0;0;0;364450.24;0;552216.54;916666.78;0;0;0;0;0;2744;3607;324720;;;A;M.ROCA 734 Rep.Nro.: 0 Piso:  Dpto:, 6100 RUFINO CP:;
003893U;BRARDA ORLANDA DE;Ord. 3303/22 hormigon armado;CHACABUCO 670;4D;50;21;29;0;0;0;188918.85;112070.13;82337.19;194407.32;76848.72;0;19669.55;96518.27;0;0;0;0;0;1974;3608;324721;;;A;CHACABUCO 670 Rep.Nro.: 0 Piso:  Dpto:, 6100RUFINO CP:;
003894U;LAPERROUZAS JUAN;Ord. 3303/22 hormigon armado;CHACABUCO 672;4D;50;2;9;39;0;0;185010.95;13175.77;643.2;13818.97;16871.49;0;13137.95;30009.44;0;0;154963.69;0;0;5797;3609;324722;;;A;CHACABUCO 672 Rep.Nro.: 0 Piso:  Dpto:, 6100 RUFINO CP:;
003895U;JUAN EDER RAMON ROSALEZ;Ord. 3303/22 hormigon armado;CHACABUCO 678;4D;1;0;1;0;0;0;100006.51;0;0;0;90005.86;0;0;90005.86;0;0;0;0;0;34315;34772;323133;;;A;CHACABUCO 678 Rep.Nro.: 0 Piso:  Dpto:, 6100 RUFINO CP:;
003896U;ARIAS ESTHER P;Ord. 3303/22 hormigon armado;CHACABUCO 686;4D;50;38;12;0;0;0;185010.95;161423.15;205202.33;366625.48;23587.8;0;72784.2;96372;0;0;0;0;0;854;3611;324723;;;A;CHACABUCO 686 Rep.Nro.: 0 Piso:  Dpto:, 6100 RUFINO CP:;
003897U;PAGANTI PEDRO M ;Ord. 3303/22 hormigon armado;CHACABUCO 692;4D;50;2;48;0;0;0;185010.95;13175.77;643.2;13818.97;171835.18;0;16707.69;188542.87;0;0;0;0;0;8203;3612;324725;;;A;CHACABUCO 692 Rep.Nro.: 0 Piso:  Dpto:, 6100RUFINO CP:;
003898U;BIANCHINI OSCAR ALBERTO;Ord. 3303/22 hormigon armado;CHACABUCO 698;4D;50;0;50;0;0;0;273967.16;0;0;0;273614.22;0;352.8;273967.02;0;352.94;0;0;0;1665;3613;323546;;;A;CHACABUCO 698 Rep.Nro.: 0 Piso:  Dpto:, 6100RUFINO CP:;
003906U;ELBUSTO PEDRO J.;C.C. Dec. 132/2017;F.A.GARIN 406;6C;1;0;1;0;0;0;2405.63;0;0;0;0;0;0;0;0;2405.63;0;0;0;26047;27061;223901;;;A;CHACABUCO 785 Rep.Nro.: 0 Piso:  Dpto:, 6100-RUFINO;
003906U;GIZZI ARIEL ALEJANDRO;Ord. 3303/22 hormigon armado;F.A.GARIN 406;6C;50;11;39;0;0;0;846877.53;296440.79;112290.66;408731.45;550436.74;0;950929.26;1501366;0;0;0;0;0;14314;13864;324728;;;A;COLON 866 Rep.Nro.: 0 Piso:  Dpto:, 6100 RUFINO CP:;
003907U;CHIAPELLA/ELBUSTO PEDRO;Ord. 3303/22 hormigon armado;CHACABUCO 755;6C;50;0;50;0;0;0;233824.49;0;0;0;233824.49;0;234202.39;468026.88;0;0;0;0;0;2775;3622;324729;;;A;M.ROCA 114 Rep.Nro.: 0 Piso:  Dpto:, 6100RUFINO CP:;
003908U;PLUS/EL BUSTO PEDRO;Ord. 3303/22 hormigon armado;CHACABUCO 745;6C;50;10;40;0;0;0;274907.83;88467.62;30335.4;118803.02;186440.21;0;208716.82;395157.03;0;0;0;0;0;8804;3623;324730;;;A;M.ROCA 114 Rep.Nro.: 0 Piso:  Dpto:, 6100 RUFINO CP:;
003918U;MUNIC/REVERON MANUEL;Plan 50 ;FERRARI 690;22BD;12;0;12;0;0;0;54620.04;0;0;0;0;0;0;0;0;54620.04;0;0;0;7410;3629;276658;;"CALLE 42 - RIVADAVIA 400 - 500
";B;INDEPENDENCIA 339 Rep.Nro.: 0 Piso:  Dpto:, 6100RUFINO CP:;
003918U;MUNIC/REVERON MANUEL;Plan 50 ;FERRARI 690;22BD;12;0;12;0;0;0;57496.2;0;0;0;57496.2;0;0;57496.2;0;0;0;0;0;7410;3629;277031;;CALLE 42 - RIVADAVIA 400 - 500;A;INDEPENDENCIA 339 Rep.Nro.: 0 Piso:  Dpto:, 6100RUFINO CP:;
003918U;MUNIC/REVERON MANUEL;Plan 50 ;FERRARI 690;22BD;12;0;12;0;0;0;12377.85;0;0;0;12377.85;0;227.74;12605.59;0;0;0;0;0;7410;3629;277193;;CALLE 36 - FERRARI 600 - 700;A;INDEPENDENCIA 339 Rep.Nro.: 0 Piso:  Dpto:, 6100RUFINO CP:;
003927U;MADERA ALBERTO S;C.C. Ord. 3081/2016;MAGALLANES 383;37;1;0;0;1;0;0;2213.18;0;0;0;0;0;0;0;0;0;2213.18;0;0;6141;3637;168553;;;A;MAGALLANES 383 Rep.Nro.: 0 Piso:  Dpto:, 6100RUFINO;
003928U;LUNA RUBEN VICENTE ;C.C. Ord. 3081/2016;BERUTTI 317;37;1;0;0;1;0;0;2309.4;0;0;0;0;0;0;0;0;0;2309.4;0;0;6108;3638;168554;;;A;MAGALLANES 399 Rep.Nro.: 0 Piso:  Dpto:, 6100RUFINO;
003938U;MUNIC/MANDOLINI D;Concreto asfaltico plan parra;J.HERNANDEZ 063;60A;50;11;0;0;0;39;409109.06;143857.85;54492.81;198350.66;0;0;0;0;0;0;0;0;265251.21;7358;3645;324560;;;A;BV.SAN MARTIN 377 Rep.Nro.: 0 Piso:  Dpto:, 6100RUFINO CP:;
003938U;MUNIC/MANDOLINI D;Ord. 3303/22 hormigon armado;J.HERNANDEZ 063;60A;50;11;0;0;0;39;293147.12;102613;38869.41;141482.41;0;0;0;0;0;0;0;0;190534.12;7358;3645;324774;;;A;BV.SAN MARTIN 377 Rep.Nro.: 0 Piso:  Dpto:, 6100RUFINO CP:;
003939U;ANANIA CARMELA Y OTRA;Concreto asfaltico plan parra;PEATONAL.1429;60A;50;22;28;0;0;0;192750.42;119549.74;91455.38;211005.12;73200.68;0;16130.9;89331.58;0;0;0;0;0;44054;45498;322390;;;A;PEATONAL.1429 Rep.Nro.: 0 Piso:  Dpto:, 6100RUFINO CP:;
003940U;GOMEZ MARIEL ROXANA;Concreto asfaltico plan parra;PEATONAL.1433;60A;12;0;12;0;0;0;123129.96;0;0;0;121653.49;0;25.41;121678.9;0;1476.47;0;0;0;5011;3647;322212;;;A;MORENO 450 Rep.Nro.: 0 Piso:  Dpto:, 6100RUFINO CP:;
003941U;MUNIC/LOPEZ CARLOS;Concreto asfaltico plan parra;PEATONAL.1449;60A;12;0;12;0;0;0;123129.96;0;0;0;123129.96;0;15204.67;138334.63;0;0;0;0;0;7349;3648;322184;;;A;CATAMARCA 059 Rep.Nro.: 0 Piso:  Dpto:, 6100RUFINO CP:;
003942U;MUNIC/GALVANI JORGE;Concreto asfaltico plan parra;PEATONAL.1453;60A;36;0;36;0;0;0;183452.64;0;0;0;183452.64;0;26509.75;209962.39;0;0;0;0;0;7320;3649;322817;;;A;EVA PERON 022 Rep.Nro.: 0 Piso:  Dpto:, 6100 RUFINO CP:;
003943U;PRONELLO ESTER EVA;Concreto asfaltico plan parra;PEATONAL.1461;60A;1;0;1;0;0;0;134878.93;0;0;0;121391.04;0;0;121391.04;0;0;0;0;0;28716;29309;317776;;;A;GRAL.LOPEZ 345 Rep.Nro.: 0 Piso:  Dpto:, 6100RUFINO CP:;
003944U;MUNIC/LAPENTA CR;Concreto asfaltico plan parra;PEATONAL.1473;60A;50;10;0;0;0;40;194143.43;62761.95;21520.96;84282.91;0;0;0;0;0;0;0;0;131381.48;7344;3650;324562;;;A;PEATONAL.1473 Rep.Nro.: 0 Piso:  Dpto:, 6100 RUFINO CP:;
003945U;MUNIC/OGNI MARTA;Concreto asfaltico plan parra;27 DE FEBRERO 062;60A;50;1;49;0;0;0;375497.88;13641.59;0;13641.59;361433.07;0;2208.06;363641.13;0;423.22;0;0;0;7373;3651;322754;;;A;27 DE FEBRERO 062 Rep.Nro.: 0 Piso:  Dpto:, 6100RUFINO CP:;
003946U;BARALE OLGA RAQUEL;Concreto asfaltico plan parra;27 DE FEBRERO 068;60A;50;0;13;37;0;0;342290.73;0;0;0;129675.42;5884.36;2144.83;137704.61;0;0;212615.33;0;0;1201;3652;324563;;;A;27 DE FEBRERO 068 Rep.Nro.: 0 Piso:  Dpto:, 6100RUFINO CP:;
003947U;MUNIC/FUERTES PAUL;Concreto asfaltico plan parra;27 DE FEBRERO 084;60A;48;0;48;0;0;0;184583.52;0;0;0;0;0;0;0;0;184583.52;0;0;0;7319;15287;323162;;;B;27 DE FEBRERO 084 Rep.Nro.: 0 Piso:  Dpto:, 6100RUFINO CP:;
003947U;MUNIC/FUERTES PAUL;Concreto asfaltico plan parra;27 DE FEBRERO 084;60A;1;0;1;0;0;0;184583.5;0;0;0;166125.16;0;0;166125.16;0;0;0;0;0;7319;15287;323181;;;A;27 DE FEBRERO 084 Rep.Nro.: 0 Piso:  Dpto:, 6100RUFINO CP:;
003948U;SANTI SEBASTIAN;Concreto asfaltico plan parra;27 DE FEBRERO 090;60A;36;0;36;0;0;0;323531.84;0;0;0;323531.84;0;3204.43;326736.27;0;0;0;0;0;25939;26728;321689;;;A;27 DE FEBRERO 090 Rep.Nro.: 0 Piso:  Dpto:, 6100 RUFINO CP:;
003955U;MUNIC/SANTILLAN AR ;Ord. 3303/22 hormigon armado;J.HERNANDEZ 091;60A;50;10;0;0;0;40;293147.12;94337.13;32348.02;126685.15;0;0;0;0;0;0;0;0;198809.99;7412;3660;324775;;;A;J.HERNANDEZ 091 Rep.Nro.: 0 Piso:  Dpto:, 6100 RUFINO CP:;
003956U;MUNIC/CHAVES FRANCISCO;Ord. 3303/22 hormigon armado;J.HERNANDEZ 085;60A;50;1;10;39;0;0;293147.12;10582.53;0;10582.53;86395.62;0;30678.97;117074.59;0;0;196168.97;0;0;7290;3661;324776;;;A;J.HERNANDEZ 085 Rep.Nro.: 0 Piso:  Dpto:, 6100 RUFINO CP:;
003957U;CABRERA CARINA DEOLINDA;Ord. 3303/22 hormigon armado;J.HERNANDEZ 069;60A;50;12;0;38;0;0;293147.12;110726.6;45936.36;156662.96;0;0;0;0;0;0;182420.52;0;0;2192;9533;324777;;;A;J.HERNANDEZ 069 Rep.Nro.: 0 Piso:  Dpto:, 6100 RUFINO CP:;
003958U;MUNIC/CARRETERO NESTOR;Concreto asfaltico plan parra;J.HERNANDEZ 007;60B;50;2;48;0;0;0;314548.29;22514.11;965.84;23479.95;291587.37;0;14274.11;305861.48;0;446.81;0;0;0;7285;15288;321811;;;A;J.HERNANDEZ 007 Rep.Nro.: 0 Piso:  Dpto:, 6100RUFINO CP:;
003958U;MUNIC/CARRETERO NESTOR;Ord. 3303/22 hormigon armado;J.HERNANDEZ 007;60B;50;2;48;0;0;0;146503.55;10438.56;447.81;10886.37;135855.82;0;6509.33;142365.15;0;209.17;0;0;0;7285;15288;321815;;;A;J.HERNANDEZ 007 Rep.Nro.: 0 Piso:  Dpto:, 6100RUFINO CP:;
003959U;MUNIC/CELIS TC;Concreto asfaltico plan parra;BV.SAN MARTIN.1427;60B;50;10;0;0;0;40;298680.01;96556.23;33108.94;129665.17;0;0;0;0;0;0;0;0;202123.78;7289;3663;324564;;;A;BV.SAN MARTIN.1427 Rep.Nro.: 0 Piso:  Dpto:, 6100RUFINO CP:;
003960U;MUNIC/NOCETO CAROLINA A;Concreto asfaltico plan parra;BV.SAN MARTIN.1435;60B;50;10;0;0;0;40;298680.01;96556.23;33108.94;129665.17;0;0;0;0;0;0;0;0;202123.78;7370;3664;324565;;;A;BV.SAN MARTIN.1435 Rep.Nro.: 0 Piso:  Dpto:, 6100RUFINO CP:;
003961U;CASEDA ADELA EMILIA;Concreto asfaltico plan parra;BV.SAN MARTIN.1445;60B;50;0;50;0;0;0;141567.24;0;0;0;141567.24;0;358.74;141925.98;0;0;0;0;0;2491;3665;324566;;;A;BV.SAN MARTIN.1445 Rep.Nro.: 0 Piso:  Dpto:, 6100RUFINO CP:;
003962U;ALASIA JORGE JOSE ;Concreto asfaltico plan parra;BV.SAN MARTIN.1455;60B;50;1;49;0;0;0;298153.37;10831.47;0;10831.47;286765.6;0;5649.41;292415.01;0;556.3;0;0;0;282;6204;324567;;;A;CHACABUCO 557 Rep.Nro.: 0 Piso:  Dpto:, 6100RUFINO CP:;
003963U;LOVERA/IRIARTE VERONICA A;Concreto asfaltico plan parra;BV.SAN MARTIN.1465;60B;50;0;50;0;0;0;145568.35;0;0;0;131830.72;0;91.02;131921.74;0;0;0;0;0;20650;19145;324568;;;A;BV.SAN MARTIN.1465 Rep.Nro.: 0 Piso:  Dpto:, 6100 RUFINO CP:;
003964U;MUNIC/BETTINI ENZO;Concreto asfaltico plan parra;BV.SAN MARTIN.1475;60B;50;1;8;41;0;0;298680.01;10831.47;0;10831.47;77042.45;0;0;77042.45;0;0;210806.09;0;0;7271;3668;324569;;;A;BV.SAN MARTIN.1475 Rep.Nro.: 0 Piso:  Dpto:, 6100RUFINO CP:;
003965U;MUNIC/TULENTINATTI ;Concreto asfaltico plan parra;27 DE FEBRERO 006;60B;50;10;0;0;0;40;486309.83;157212.6;53702.03;210914.63;0;0;0;0;0;0;0;0;329097.23;7431;3669;322872;;;A;27 DE FEBRERO 006 Rep.Nro.: 0 Piso:  Dpto:, 6100RUFINO CP:;
003966U;MUNIC/SILVA RAUL ;Concreto asfaltico plan parra;27 DE FEBRERO 016;60B;50;3;47;0;0;0;342977.31;36321.28;2787.17;39108.45;306656.06;7752.3;12770.51;327178.87;0;0;0;0;0;7420;3670;324570;;;A;27 DE FEBRERO 016 Rep.Nro.: 0 Piso:  Dpto:, 6100RUFINO CP:;
003967U;BRUNELLI FABRICIO;Concreto asfaltico plan parra;27 DE FEBRERO 028;60B;50;15;35;0;0;0;342977.31;156223.6;84418.75;240642.35;186753.71;0;18066.34;204820.05;0;0;0;0;0;7273;3671;324571;;;A;27 DE FEBRERO 028 Rep.Nro.: 0 Piso:  Dpto:, 6100RUFINO CP:;
003968U;MUNIC/ALESIUNAS;Concreto asfaltico plan parra;27 DE FEBRERO 036;60B;50;39;11;0;0;0;752333.21;666230.19;865700.75;1531930.94;86103.02;0;288722.38;374825.4;0;0;0;0;0;7254;3672;324572;;;A;27 DE FEBRERO 036 Rep.Nro.: 0 Piso:  Dpto:, 6100RUFINO CP:;
003969U;POLITANO SOFIA ELENA ;Concreto asfaltico plan parra;PEATONAL.1472;60B;50;0;50;0;0;0;193951.67;0;0;0;193951.69;3328.46;210420.21;407700.36;0;0;0;0;0;8836;3673;324573;;;A;BV.ESPAÑA 784 Rep.Nro.: 0 Piso:  Dpto:, 6100 RUFINO CP:;
003970U;MUNIC/PIRLES MARCELO;Concreto asfaltico plan parra;PEATONAL.1464;60B;1;0;1;0;0;0;104408.6;0;0;0;93967.74;0;0;93967.74;0;0;0;0;0;7391;3674;322884;;;A;PEATONAL.1464 Rep.Nro.: 0 Piso:  Dpto:, 6100RUFINO CP:;
003971U;MUNIC/ABOMNEL JUAN CARLOS;Concreto asfaltico plan parra;PEATONAL.1452;60B;12;0;12;0;0;0;123129.96;0;0;0;123129.96;0;77746.78;200876.74;0;0;0;0;0;7249;3675;322730;;;A;PEATONAL.1452 Rep.Nro.: 0 Piso:  Dpto:, 6100RUFINO CP:;
003972U;MUNIC/LUDUEÑA;Concreto asfaltico plan parra;PEATONAL.1446;60B;36;0;0;0;0;36;183580.3;0;0;0;0;0;0;0;0;0;0;0;183580.3;7352;3676;322930;;;A;PEATONAL.1446 Rep.Nro.: 0 Piso:  Dpto:, 6100RUFINO CP:;
003973U;MUNIC/GARCIA HILDA;Concreto asfaltico plan parra;PEATONAL.1436;60B;36;0;36;0;0;0;183340.5;0;0;0;183147.67;0;13872.62;197020.29;0;192.83;0;0;0;7321;3677;322882;;;A;VEGA GUERRA 255 Rep.Nro.: 0 Piso:  Dpto:, 6100 RUFINO CP:;
003974U;BAJO LUCIANO OSCAR;Concreto asfaltico plan parra;PEATONAL.1424;60B;24;0;24;0;0;0;149281.94;0;0;0;149281.94;0;0;149281.94;0;0;0;0;0;1097;14708;322297;;;A;COBO.1030 Rep.Nro.: 0 Piso:  Dpto:, 6100 RUFINO CP:;
003975U;RIGONAT WALTER RUBEN;Concreto asfaltico plan parra;J.HERNANDEZ 035;60B;24;0;24;0;0;0;314574.55;0;0;0;314574.55;0;6771.42;321345.97;0;0;0;0;0;15254;13247;322542;;;A;ALBERDI 266 Rep.Nro.: 0 Piso:  Dpto:, 6100RUFINO CP:;
003975U;RIGONAT WALTER RUBEN;Ord. 3303/22 hormigon armado;J.HERNANDEZ 035;60B;50;1;49;0;0;0;292613.05;10582.53;0;10582.53;282030.52;0;4030.7;286061.22;0;0;0;0;0;15254;13247;324778;;;A;ALBERDI 266 Rep.Nro.: 0 Piso:  Dpto:, 6100RUFINO CP:;
003976U;MUNIC/LUNA SILVIO;Ord. 3303/22 hormigon armado;J.HERNANDEZ 029;60B;24;1;23;0;0;0;214820.13;7877.09;31776.18;39653.27;206943.04;0;8237.62;215180.66;0;0;0;0;0;7355;3679;322191;;;A;J.HERNANDEZ 029 Rep.Nro.: 0 Piso:  Dpto:, 6100RUFINO CP:;
003977U;MARINI MARINA MABEL;Ord. 3303/22 hormigon armado;J.HERNANDEZ 013;60B;50;11;0;0;0;39;293147.12;102613;38869.41;141482.41;0;0;0;0;0;0;0;0;190534.12;23897;24896;324781;;;A;J.HERNANDEZ 013 Rep.Nro.: 0 Piso:  Dpto:, 6100 RUFINO CP:;
003978U;MUNIC/LATTANZI MARISOL;Concreto asfaltico plan parra;27 DE FEBRERO 005;70;1;0;1;0;0;0;164074.22;0;0;0;147666.8;0;0;147666.8;0;0;0;0;0;7346;3681;322581;;;A;27 DE FEBRERO 005 Rep.Nro.: 0 Piso:  Dpto:, 6100RUFINO CP:;
003979U;MUNIC/PALAVECINO N;Concreto asfaltico plan parra;27 DE FEBRERO 015;70;48;0;27;21;0;0;353495;0;0;0;189881.86;0;1978.15;191860.01;0;0;163613.14;0;0;7379;3682;321985;;;A;27 DE FEBRERO 015 Rep.Nro.: 0 Piso:  Dpto:, 6100RUFINO CP:;
003980U;MUNIC/SZPEKNACOWSKI;Concreto asfaltico plan parra;27 DE FEBRERO 025;70;50;10;40;0;0;0;305086.92;98627.36;33819.12;132446.48;206459.56;0;301264.8;507724.36;0;0;0;0;0;7425;3683;324574;;;A;27 DE FEBRERO 025 Rep.Nro.: 0 Piso:  Dpto:, 6100RUFINO CP:;
003981U;MUNIC/SCALERO S;Concreto asfaltico plan parra;27 DE FEBRERO 035;70;50;1;49;0;0;0;303284.38;11063.81;0;11063.81;292220.55;14974.97;307.21;307502.73;0;0;0;0;0;7417;3684;322635;;;A;27 DE FEBRERO 035 Rep.Nro.: 0 Piso:  Dpto:, 6100RUFINO CP:;
003982U;COLOMBO CARLOS FERNANDO;Concreto asfaltico plan parra;27 DE FEBRERO 047;70;36;0;36;0;0;0;286148.49;0;0;0;286148.49;0;6.45;286154.94;0;0;0;0;0;3040;3685;323022;;;A;27 DE FEBRERO 047 Rep.Nro.: 0 Piso:  Dpto:, 6100 RUFINO CP:;
003983U;SANCHEZ GUILLERMO ARIEL;Concreto asfaltico plan parra;27 DE FEBRERO 055;70;12;0;12;0;0;0;186962.48;0;0;0;182885.69;15318.84;49.22;198253.75;0;4076.78;0;0;0;29208;30047;322671;;;A;27 DE FEBRERO 055 Rep.Nro.: 0 Piso:  Dpto:, 6100 RUFINO CP:;
003984U;MUNIC/BAINOTTI RICARDO;Concreto asfaltico plan parra;27 DE FEBRERO 065;70;48;0;48;0;0;0;351306.36;0;0;0;346849.57;56523.52;25.64;403398.73;0;4456.82;0;0;0;7263;3687;322264;;;A;27 DE FEBRERO 065 Rep.Nro.: 0 Piso:  Dpto:, 6100 RUFINO CP:;
003985U;BRONDINO ANDREA VERONICA ;Concreto asfaltico plan parra;27 DE FEBRERO 075;70;48;0;48;0;0;0;353011.43;0;0;0;353011.46;6538.17;2548.56;362098.19;0;0;0;0;0;23431;24405;323074;;;A;27 DE FEBRERO 075 Rep.Nro.: 0 Piso:  Dpto:, 6100 RUFINO CP:;
003986U;MUNIC/CLAVERO M;Concreto asfaltico plan parra;27 DE FEBRERO 085;70;50;10;0;40;0;0;305086.92;98627.36;33819.12;132446.48;0;0;0;0;0;0;206459.56;0;0;7294;3689;324575;;;A;27 DE FEBRERO 085 Rep.Nro.: 0 Piso:  Dpto:, 6100RUFINO CP:;
003987U;SUPERIOR GOBIERNO PCIAL;Ord. 3303/22 hormigon armado;ESC.EDUC.TECNICA 286;4ACD;50;50;0;0;0;0;5211540.73;5211540.73;8447269.67;13658810.4;0;0;0;0;0;0;0;0;0;10684;15583;324782;;;A;F.A.GARIN 350 Rep.Nro.: 0 Piso:  Dpto:, 6100 RUFINO CP:;
003990U;ARREBILLAGA MAURICIO A.Y OTRO;Concreto asfaltico plan parra;27 DE FEBRERO 095;70;50;1;49;0;0;0;304867.41;11063.81;0;11063.81;293803.6;0;0;293803.6;0;0;0;0;0;41010;41921;322815;;;A;BENITO A.BIANCO 325 Rep.Nro.: 0 Piso:  Dpto:, 6100 RUFINO CP:;
003991U;MUNICIPALIDAD DE RUFINO;Concreto asfaltico plan parra;27 DE FEBRERO  043 BIS;71;50;50;0;0;0;0;295936.15;295936.15;478188.05;774124.2;0;0;0;0;0;0;0;0;0;7461;15172;324576;;;A;.ITALIA 127 Rep.Nro.: 0 Piso:  Dpto:, 6100RUFINO CP:;
003992U;MUNICIPALIDAD DE RUFINO;Concreto asfaltico plan parra;27 DE FEBRERO  033 BIS;71;50;50;0;0;0;0;295936.15;295936.15;478188.05;774124.2;0;0;0;0;0;0;0;0;0;7461;15172;324577;;;A;.ITALIA 127 Rep.Nro.: 0 Piso:  Dpto:, 6100RUFINO CP:;
003993U;MUNICIPALIDAD DE RUFINO;Concreto asfaltico plan parra;27 DE FEBRERO  023 BIS;71;50;50;0;0;0;0;295936.15;295936.15;478188.05;774124.2;0;0;0;0;0;0;0;0;0;7461;15172;324578;;;A;.ITALIA 127 Rep.Nro.: 0 Piso:  Dpto:, 6100RUFINO CP:;
003994U;MUNICIPALIDAD DE RUFINO;Concreto asfaltico plan parra;27 DE FEBRERO  015 BIS;71;50;50;0;0;0;0;295936.15;295936.15;478188.05;774124.2;0;0;0;0;0;0;0;0;0;7461;15172;324579;;;A;.ITALIA 127 Rep.Nro.: 0 Piso:  Dpto:, 6100RUFINO CP:;
003995U;MUNICIPALIDAD DE RUFINO;Concreto asfaltico plan parra;27 DE FEBRERO  005 BIS;71;50;50;0;0;0;0;295936.15;295936.15;478188.05;774124.2;0;0;0;0;0;0;0;0;0;7461;15172;324580;;;A;SANTA FE 645 Rep.Nro.: 0 Piso:  Dpto:, 6100 RUFINO CP:;
004028U;CABRERA SERGIO IVAN;Ord. 3303/22 hormigon armado;BENITO A.BIANCO 011;6;50;0;19;31;0;0;263701.35;0;0;0;145076.78;0;39498.38;184575.16;0;0;118624.57;0;0;2213;15296;324783;;;A;.ITALIA 127 Rep.Nro.: 0 Piso:  Dpto:, 6100RUFINO CP:;
004029U;MARDONES TERESA C;Ord. 3303/22 hormigon armado;9 DE JULIO 230;6;50;0;50;0;0;0;194281.95;0;0;0;194281.95;0;217762.34;412044.29;0;0;0;0;0;6371;3722;324784;;;A;9 DE JULIO 230 Rep.Nro.: 0 Piso:  Dpto:, 6100 RUFINO CP:;
004030U;MAREGA RAUL/VIVAS JOSE;Ord. 3303/22 hormigon armado;9 DE JULIO 240;6;50;1;19;30;0;0;260576.25;9406.74;0;9406.74;83404.64;0;122724.39;206129.03;0;0;167764.87;0;0;6376;3723;324786;;;A;BENITO A.BIANCO 035 Rep.Nro.: 0 Piso:  Dpto:, 6100RUFINO CP:;
004031U;MAREGA ELINO A. ;Ord. 3303/22 hormigon armado;9 DE JULIO 270;6;50;20;0;0;0;30;351778.1;201218.88;141295.17;342514.05;0;0;0;0;0;0;0;0;150559.22;6373;3724;324787;;;A;9 DE JULIO 270 Rep.Nro.: 0 Piso:  Dpto:, 6100 RUFINO CP:;
004032U;SALE ALEJANDRO ;Ord. 3303/22 hormigon armado;9 DE JULIO 290;6;50;0;24;26;0;0;553798.49;0;0;0;186307.07;0;56679.62;242986.69;0;0;362900.98;0;0;18975;17802;324788;;;A;JUJUY 220 Rep.Nro.: 0 Piso:  Dpto:, 6100 RUFINO CP:;
004038U;INMOBILIARIAS CUYANAS SA ;Ord. 3303/22 hormigon armado;R.ESCALADA 184;7;50;27;23;0;0;0;650476.28;461307.19;426643.85;887951.04;188557.65;12234.34;4946.47;205738.46;0;605.88;0;0;0;5595;427;324789;;;A;P.PERON 042 Rep.Nro.: 0 Piso:  Dpto:, 6100 RUFINO CP:;
004039U;GONZALEZ BEATRIZ C DE;Ord. 3303/22 hormigon armado;J.MORAN 275;7;50;50;0;0;0;0;260576.25;260576.25;422361.96;682938.21;0;0;0;0;0;0;0;0;0;5064;3732;324790;;;A;J.MORAN 275 Rep.Nro.: 0 Piso:  Dpto:, 6100RUFINO CP:;
004040U;MOLLO FRANCISCO;Ord. 3303/22 hormigon armado;J.MORAN 261;7;50;11;7;0;0;32;390865.9;136818.56;51826.36;188644.92;30246.39;0;59821.86;90068.25;0;0;0;0;223800.95;6936;3733;324791;;;A;J.MORAN 261 Rep.Nro.: 0 Piso:  Dpto:, 6100 RUFINO CP:;
004041U;FARIAS NADIA ELISA;Ord. 3303/22 hormigon armado;J.MORAN 245;7;50;0;50;0;0;0;390435.45;0;0;0;390435.53;17576.52;57727.6;465739.65;0;0;0;0;0;37056;37620;324792;;;A;J.MORAN 245 Rep.Nro.: 0 Piso:  Dpto:, 6100 RUFINO CP:;
004042U;TORRES GUILLERMO H.;Ord. 3303/22 hormigon armado;BENITO A.BIANCO 195;7;50;0;50;0;0;0;471622.2;0;0;0;0;0;0;0;0;471622.2;0;0;0;24517;25447;324793;;;A;BOLIVAR 018 Rep.Nro.: 0 Piso:  Dpto:, 6100RUFINO CP:;
004066U;BERGAGLIO JOSE MARIA;Ord. 3303/22 hormigon armado;J.MORAN 206;8;50;44;6;0;0;0;390865.9;368207.2;536882.34;905089.54;22658.7;0;563.85;23222.55;0;0;0;0;0;13476;12011;322850;;;A;J.MORAN 206 Rep.Nro.: 0 Piso:  Dpto:, 6100 RUFINO CP:;
004067U;GIRAUDO ROSANA V. Y OTROS;Ord. 3303/22 hormigon armado;J.MORAN 266;8;50;33;17;0;0;0;212291.61;170824.52;189872.37;360696.89;41467.09;0;14050.08;55517.17;0;0;0;0;0;44175;45639;324795;;;A;CROUZEILLES 305 Rep.Nro.: 0 Piso:  Dpto:, 6100 RUFINO CP:;
004068U;INSOGNA GENARO M;Ord. 3303/22 hormigon armado;R.ESCALADA 210;8;50;11;1;0;0;38;912019.71;319242.89;120928;440170.89;16688.35;15716.09;0;32404.44;0;0;0;0;576088.53;5602;3761;324796;;;A;R.ESCALADA 210 Rep.Nro.: 0 Piso:  Dpto:, 6100 RUFINO CP:;
004082U;LUCERO RL;Pavimiento Urbano;1RO DE MAYO 095;11;35;35;0;0;0;0;1554;1554;10675.03;12229.03;0;0;0;0;0;0;0;0;0;6065;3773;32674;;;A;GRAL.LOPEZ 107 Rep.Nro.: 0 Piso:  Dpto:, 6100RUFINO;
004084U;SPADA GUILLERMO;Pavimiento Urbano;1RO DE MAYO 067;11;35;0;35;0;0;0;1036;0;0;0;1036;0;0.51;1036.51;0;0;0;0;0;10539;3775;32675;;;A;1RO DE MAYO 067 Rep.Nro.: 0 Piso:  Dpto:, 6100RUFINO;
004085U;OJEDA ROSAS ;Pavimiento Urbano;1RO DE MAYO 031;11;35;35;0;0;0;0;1036;1036;7116.7;8152.7;0;0;0;0;0;0;0;0;0;8006;3776;32676;;;A;1RO DE MAYO 031 Rep.Nro.: 0 Piso:  Dpto:, 6100RUFINO;
004086U;ROSSI LEONARDO R;Pavimiento Urbano;9 DE JULIO 110;11;35;35;0;0;0;0;4662;4662;32025.17;36687.17;0;0;0;0;0;0;0;0;0;9678;15453;32677;;;A;FERRARI 543 Rep.Nro.: 0 Piso:  Dpto:, 6100RUFINO;
004086U;ROSSI LEONARDO R;Ord. 3303/22 hormigon armado;9 DE JULIO 110;11;50;38;12;0;0;0;521153.63;453286.31;573166.33;1026452.64;66444.31;0;108808.9;175253.21;0;0;0;0;0;9678;15453;324797;;;A;FERRARI 543 Rep.Nro.: 0 Piso:  Dpto:, 6100 RUFINO CP:;
004087U;MUSSO MARIA BELEN ;Ord. 3303/22 hormigon armado;9 DE JULIO 124;11;50;14;36;0;0;0;226039.83;48282.73;127482.73;175765.46;177757.1;0;75975.69;253732.79;0;0;0;0;0;20162;19098;324798;;;A;9 DE JULIO 124 Rep.Nro.: 0 Piso:  Dpto:, 6100 RUFINO CP:;
004088U;RODRIGUEZ CRISTIAN DANIEL;Ord. 3303/22 hormigon armado;9 DE JULIO 130;11;50;50;0;0;0;0;162597.34;162597.34;263551.09;426148.43;0;0;0;0;0;0;0;0;0;23813;24819;324799;;;A;9 DE JULIO 130 Rep.Nro.: 0 Piso:  Dpto:, 6100 RUFINO CP:;
004089U;GIORDANO RAMON O L;Ord. 3303/22 hormigon armado;9 DE JULIO 140;11;50;1;49;0;0;0;260576.25;9406.74;0;9406.74;251169.54;14.57;158774.2;409958.31;0;0;0;0;0;17454;16701;324913;;;A;COLON 487 Rep.Nro.: 0 Piso:  Dpto:, 6100 RUFINO CP:;
004090U;NIETO CARLOS ALBERTO;Ord. 3303/22 hormigon armado;9 DE JULIO 150;11;50;10;40;0;0;0;224878.6;72367.69;24814.77;97182.46;152510.93;3875.15;164016.36;320402.44;0;0;0;0;0;7907;3780;324914;;;A;9 DE JULIO 150 Rep.Nro.: 0 Piso:  Dpto:, 6100 RUFINO CP:;
004091U;TOLOSA JORGE E;Ord. 3303/22 hormigon armado;9 DE JULIO 156;11;50;0;50;0;0;0;31757.42;0;0;0;31757.42;0;11348.45;43105.87;0;0;0;0;0;10877;3781;324915;;;A;9 DE JULIO 156 Rep.Nro.: 0 Piso:  Dpto:, 6100RUFINO CP:;
004092U;ROSSI LEONARDO R;Ord. 3303/22 hormigon armado;9 DE JULIO 160;11;50;38;12;0;0;0;260576.25;225930.48;284147.98;510078.46;33222;0;54394.65;87616.65;0;0;0;0;0;9678;15453;324916;;;A;FERRARI 543 Rep.Nro.: 0 Piso:  Dpto:, 6100 RUFINO CP:;
004093U;AUDISIO MANCIOLA GISELA;Ord. 3303/22 hormigon armado;9 DE JULIO 180;11;50;1;49;0;0;0;520498.64;18813.51;0;18813.51;501685.13;0;13899.84;515584.97;0;0;0;0;0;964;3783;324917;;;A;J.B.JUSTO 824 Rep.Nro.: 0 Piso:  Dpto:, 6100RUFINO CP:;
004094U;VIANO HUGO;Pavimiento Urbano;9 DE JULIO 196;11;168;168;0;0;0;0;13921.2;13921.2;131034.03;144955.23;0;0;0;0;0;0;0;0;0;11221;3784;257153;;;A;9 DE JULIO 196 Rep.Nro.: 0 Piso:  Dpto:, 6100-RUFINO;
004094U;VIANO HUGO;Ord. 3303/22 hormigon armado;9 DE JULIO 196;11;50;11;0;0;0;39;390865.9;136818.56;51826.36;188644.92;0;0;0;0;0;0;0;0;254047.34;11221;3784;324918;;;A;MEUNIER 575 Rep.Nro.: 0 Piso:  Dpto:, 6100RUFINO CP:;
004100U;OROZCO ISMAEL;Cordon Cuneta;BENITO A.BIANCO 198;12;167;167;0;0;0;0;6357.8;6357.8;59748.65;66106.45;0;0;0;0;0;0;0;0;0;8087;3790;257875;;;A;BENITO A.BIANCO 198 Rep.Nro.: 0 Piso:  Dpto:, 6100-RUFINO;
004100U;OROZCO ISMAEL;Pavimiento Urbano;BENITO A.BIANCO 198;12;167;167;0;0;0;0;7674;7674;73429.65;81103.65;0;0;0;0;0;0;0;0;0;8087;3790;257894;;;A;BENITO A.BIANCO 198 Rep.Nro.: 0 Piso:  Dpto:, 6100-RUFINO;
004243U;GOSSA ANA MARIA;Pavimiento Urbano;BALCARCE 201;26;35;35;0;0;0;0;3199;3199;21975.22;25174.22;0;0;0;0;0;0;0;0;0;23947;24921;32678;;;A;BALCARCE 201 Rep.Nro.: 0 Piso:  Dpto:, 6100RUFINO;
004244U;GOSSA ANA MARIA;Pavimiento Urbano;S.ESTERO 183;26;35;35;0;0;0;0;728;728;5000.91;5728.91;0;0;0;0;0;0;0;0;0;23947;24921;32679;;;A;BALCARCE 201 Rep.Nro.: 0 Piso:  Dpto:, 6100RUFINO;
004245U;VIGLIANCO RODOLFO;Pavimiento Urbano;S.ESTERO 169;26;35;35;0;0;0;0;1036;1036;7116.7;8152.7;0;0;0;0;0;0;0;0;0;11299;3928;32680;;;A;25 DE MAYO 263 Rep.Nro.: 0 Piso:  Dpto:, 6100RUFINO;
004246U;BIETTI OSVALDO DANIEL;Pavimiento Urbano;S.ESTERO 155;26;10;0;10;0;0;0;622;0;0;0;622;0;0;622;0;0;0;0;0;1692;3929;32681;;;A;S.ESTERO 139 Rep.Nro.: 0 Piso:  Dpto:, 6100RUFINO;
004247U;BIETTI ANGEL;Pavimiento Urbano;S.ESTERO 139;26;6;0;6;0;0;0;160.2;0;0;0;160.2;0;0;160.2;0;0;0;0;0;1689;3932;32682;;;A;S.ESTERO 139 Rep.Nro.: 0 Piso:  Dpto:, 6100RUFINO;
004248U;NAVARRO JOAQUIN EUSTAQUIO;Pavimiento Urbano;S.ESTERO 179;26;35;35;0;0;0;0;2072;2072;14233.41;16305.41;0;0;0;0;0;0;0;0;0;7630;3931;32683;;;A;JUJUY 220 Rep.Nro.: 0 Piso:  Dpto:, 6100RUFINO;
004252U;GORJON IZ DE;Pavimiento Urbano;JUJUY 196;27;35;35;0;0;0;0;3626;3626;24908.44;28534.44;0;0;0;0;0;0;0;0;0;5218;3934;32684;;;A;JUJUY 196 Rep.Nro.: 0 Piso:  Dpto:, 6100RUFINO;
004253U;CANAN ENRIQUE LUIS;Pavimiento Urbano;S.ESTERO 146;27;35;0;35;0;0;0;1554;0;0;0;1554;0;67.01;1621.01;0;0;0;0;0;13648;15122;32685;;;A;BALCARCE 635 Rep.Nro.: 0 Piso:  Dpto:, 6100RUFINO;
004254U;SAN VICENTE LUIS ;Pavimiento Urbano;S.ESTERO 154;27;13;0;13;0;0;0;577.2;0;0;0;577.2;0;71.54;648.74;0;0;0;0;0;9924;3936;32686;;;A;S.ESTERO 154 Rep.Nro.: 0 Piso:  Dpto:, 6100RUFINO;
004255U;SAINZ AMILCAR RUBEN ;Pavimiento Urbano;S.ESTERO 168;27;8;0;8;0;0;0;236.8;0;0;0;236.8;0;0;236.8;0;0;0;0;0;9829;3937;32687;;;A;S.ESTERO 168 Rep.Nro.: 0 Piso:  Dpto:, 6100RUFINO;
004259U;WIDMER/BAULIES MIGUEL;Ord. 3303/22 hormigon armado;25 DE MAYO 131;28;50;0;50;0;0;0;243105.8;0;0;0;243105.8;0;169641;412746.8;0;0;0;0;0;11429;3940;324919;;;A;BV.SAN MARTIN 917 Rep.Nro.: 0 Piso:  Dpto:, 6100 RUFINO CP:;
004279U;SOSA WIDMER ELVIRA NILDA ;C.C. Ord. 3081/2016;BALCARCE 095;28;1;0;0;1;0;0;2213.18;0;0;0;0;0;0;0;0;0;2213.18;0;0;10523;3960;168558;;;A;BALCARCE 095 Rep.Nro.: 0 Piso:  Dpto:, 6100RUFINO;
004280U;PEDRAZA HUMBERTO E;C.C. Ord. 3081/2016;BALCARCE 087;28;1;0;0;1;0;0;2068.84;0;0;0;0;0;0;0;0;0;2068.84;0;0;8455;14717;168561;;;A;BALCARCE 087 Rep.Nro.: 0 Piso:  Dpto:, 6100RUFINO;
004281U;VIVAS LIDIA GRACIELA;C.C. Ord. 3081/2016;BALCARCE 071;28;1;0;0;1;0;0;2472.98;0;0;0;0;0;0;0;0;0;2472.98;0;0;15760;14048;168562;;;A;BALCARCE 071 Rep.Nro.: 0 Piso:  Dpto:, 6100 RUFINO;
004282U;PERALTA NORBERTO VICTORIO;C.C. Ord. 3081/2016;BALCARCE 061;28;1;0;0;1;0;0;1924.5;0;0;0;0;0;0;0;0;0;1924.5;0;0;8503;3962;168563;;;A;BALCARCE 061 Rep.Nro.: 0 Piso:  Dpto:, 6100RUFINO;
004283U;SERRA/SANTUCHO;C.C. Ord. 3081/2016;BALCARCE 051;28;1;0;0;1;0;0;1924.5;0;0;0;0;0;0;0;0;0;1924.5;0;0;10223;3963;168564;;;A;BALCARCE 051 Rep.Nro.: 0 Piso:  Dpto:, 6100RUFINO;
004284U;GONZALEZ GLADYS H;C.C. Ord. 3081/2016;BALCARCE 039;28;1;0;0;1;0;0;1914.88;0;0;0;0;0;0;0;0;0;1914.88;0;0;5091;3964;168565;;;A;J.M.PLAZA 054 Rep.Nro.: 0 Piso:  Dpto:, 6100RUFINO;
004285U;BAZAN DIEGO E;C.C. Ord. 3081/2016;BALCARCE 031;28;1;0;0;1;0;0;1924.5;0;0;0;0;0;0;0;0;0;1924.5;0;0;1445;3965;168566;;;A;BALCARCE 031 Rep.Nro.: 0 Piso:  Dpto:, 6100RUFINO;
004286U;GABILANES OMAR H;C.C. Ord. 3081/2016;BALCARCE 023;28;1;0;0;1;0;0;1760.92;0;0;0;0;0;0;0;0;0;1760.92;0;0;4404;10324;168567;;;A;BALCARCE 23 Rep.Nro.: 0 Piso:  Dpto:, 6100RUFINO;
004287U;LUCERO R;C.C. Ord. 3081/2016;25 DE MAYO 199;28;1;0;0;1;0;0;3108.07;0;0;0;0;0;0;0;0;0;3108.07;0;0;6064;3967;168568;;;A;25 DE MAYO 199 Rep.Nro.: 0 Piso:  Dpto:, 6100RUFINO;
004287U;LUCERO R;Ord. 3303/22 hormigon armado;25 DE MAYO 199;28;50;11;0;0;0;39;676199.03;236696.46;89659.73;326356.19;0;0;0;0;0;0;0;0;439502.57;6064;3967;324920;;;A;25 DE MAYO 199 Rep.Nro.: 0 Piso:  Dpto:, 6100RUFINO CP:;
004288U;DE ARMAS MARTIN ALEJANDRO ;Ord. 3303/22 hormigon armado;25 DE MAYO 159;28;50;0;50;0;0;0;256916.69;0;0;0;256916.69;0;61741.84;318658.53;0;0;0;0;0;39331;40088;324921;;;A;25 DE MAYO 159 Rep.Nro.: 0 Piso:  Dpto:, 6100 RUFINO CP:;
004289U;ALBIRZU OSVALDO PEDRO;Ord. 3303/22 hormigon armado;25 DE MAYO 151 LOT.2 Y 3b;28;50;5;45;0;0;0;288458.89;49371.22;7511.74;56882.96;239087.67;0;48311.55;287399.22;0;0;0;0;0;324;3970;324922;;;A;25 DE MAYO 151 Rep.Nro.: 0 Piso:  Dpto:, 6100RUFINO CP:;
004290U;ALBIRZU OSVALDO PEDRO;Ord. 3303/22 hormigon armado;25 DE MAYO 141;28;50;4;46;0;0;0;232694.53;32282.96;3668.16;35951.12;200411.57;0;37583.13;237994.7;0;0;0;0;0;324;3970;324923;;;A;25 DE MAYO 151 Rep.Nro.: 0 Piso:  Dpto:, 6100RUFINO CP:;
004291U;MUNICIPALIDAD DE RUFINO;Ord. 3303/22 hormigon armado;25 DE MAYO 105;28;50;50;0;0;0;0;642324.11;642324.11;1041128.25;1683452.36;0;0;0;0;0;0;0;0;0;7461;15172;324924;;;A;.ITALIA 127 Rep.Nro.: 0 Piso:  Dpto:, 6100 RUFINO CP:;
004296U;VALDES NORMA;C.C. Ord. 3081/2016;SANTA ROSA 210;29;1;0;0;1;0;0;2886.75;0;0;0;0;0;0;0;0;0;2886.75;0;0;11052;3975;168600;;;A;BALCARCE 092 Rep.Nro.: 0 Piso:  Dpto:, 6100RUFINO;
004307U;KELLY JORGE ELDO;Ord. 3303/22 hormigon armado;25 DE MAYO 295;29;50;1;27;22;0;0;521153.63;18813.51;0;18813.51;280453.77;0;39421.18;319874.95;0;0;221886.35;0;0;37397;37940;322809;;;A;AMERICA 029 Rep.Nro.: 0 Piso:  Dpto:, 6100 RUFINO CP:;
004308U;MORALES ALDO R ;Ord. 3303/22 hormigon armado;25 DE MAYO 275;29;50;20;0;0;0;30;390865.9;223577.48;156995.31;380572.79;0;0;0;0;0;0;0;0;167288.42;7041;3987;324925;;;A;25 DE MAYO 275 Rep.Nro.: 0 Piso:  Dpto:, 6100RUFINO CP:;
004309U;GIRAUDO MIGUEL A;Ord. 3303/22 hormigon armado;25 DE MAYO 241;29;50;1;49;0;0;0;260576.25;9406.74;0;9406.74;251169.51;0;242197.18;493366.69;0;0;0;0;0;4930;5984;324926;;;A;SANTA ROSA 240 Rep.Nro.: 0 Piso:  Dpto:, 6100 RUFINO CP:;
004310U;MASSO JUANA;Ord. 3303/22 hormigon armado;25 DE MAYO 215;29;50;20;0;0;0;30;260576.25;149051.13;104663.23;253714.36;0;0;0;0;0;0;0;0;111525.12;6645;3989;324927;;;A;25 DE MAYO 215 Rep.Nro.: 0 Piso:  Dpto:, 6100RUFINO CP:;
004311U;ROSS N DE ;C.C. Ord. 3081/2016;25 DE MAYO 205;29;1;0;0;1;0;0;2886.75;0;0;0;0;0;0;0;0;0;2886.75;0;0;9664;3990;169028;;;A;BALCARCE 010 Rep.Nro.: 0 Piso:  Dpto:, 6100RUFINO;
004311U;ROSS N DE ;Ord. 3303/22 hormigon armado;25 DE MAYO 205;29;50;2;11;37;0;0;390865.9;27836;1358.86;29194.86;116025.28;0;33560.57;149585.85;0;0;247004.62;0;0;9664;3990;324928;;;A;BALCARCE 010 Rep.Nro.: 0 Piso:  Dpto:, 6100 RUFINO CP:;
004312U;AUTINO GEORGINA ELISABET;C.C. Ord. 3081/2016;BALCARCE 022;29;1;0;0;1;0;0;1982.24;0;0;0;0;0;0;0;0;0;1982.24;0;0;26915;27591;169027;;;A;BALCARCE 022 Rep.Nro.: 0 Piso:  Dpto:, 6100RUFINO;
004313U;MERCURI JUAN L Y S;C.C. Ord. 3081/2016;BALCARCE 030;29;1;0;0;1;0;0;1924.5;0;0;0;0;0;0;0;0;0;1924.5;0;0;6798;3992;169026;;;A;BALCARCE 030 Rep.Nro.: 0 Piso:  Dpto:, 6100RUFINO;
004314U;MARQUEZ ALBERTO I;C.C. Ord. 3081/2016;BALCARCE 050;29;1;0;0;1;0;0;3849;0;0;0;0;0;0;0;0;0;3849;0;0;6435;3993;169024;;;A;BALCARCE 042 Rep.Nro.: 0 Piso:  Dpto:, 6100RUFINO;
004315U;THAMIS/BELLISOMI JOSE;C.C. Ord. 3081/2016;BALCARCE 060;29;1;0;0;1;0;0;1924.5;0;0;0;0;0;0;0;0;0;1924.5;0;0;10804;3994;169016;;;A;BALCARCE 361 Rep.Nro.: 0 Piso:  Dpto:, 6100RUFINO;
004316U;JACOB DEMETRIO;C.C. Ord. 3081/2016;BALCARCE 070;29;1;0;0;1;0;0;1924.5;0;0;0;0;0;0;0;0;0;1924.5;0;0;5677;3995;169015;;;A;BALCARCE 070 Rep.Nro.: 0 Piso:  Dpto:, 6100RUFINO;
004317U;DIAZ PEDRO E;C.C. Ord. 3081/2016;BALCARCE 080;29;1;0;0;1;0;0;1924.5;0;0;0;0;0;0;0;0;0;1924.5;0;0;3583;3996;169014;;;A;BALCARCE 080 Rep.Nro.: 0 Piso:  Dpto:, 6100RUFINO;
004318U;FALCHETO C;Ord. 3303/22 hormigon armado;BALCARCE 194;30;50;10;40;0;0;0;390865.9;125783.96;43131.1;168915.06;265081.94;0;461168.93;726250.87;0;0;0;0;0;3951;3997;324929;;;A;BALCARCE 184 Rep.Nro.: 0 Piso:  Dpto:, 6100RUFINO CP:;
004319U;BERTOLUSSO FRANCISCO;Ord. 3303/22 hormigon armado;S.ESTERO 230;30;50;17;0;0;0;33;521153.63;262907.62;157616.4;420524.02;0;0;0;0;0;0;0;0;258246.01;1622;3320;324930;;;A;BALCARCE 166 Rep.Nro.: 0 Piso:  Dpto:, 6100 RUFINO CP:;
004320U;BERTOLUSSO FRANCISCO;Ord. 3303/22 hormigon armado;S.ESTERO 240;30;50;17;0;0;0;33;390865.9;197181.16;118212.57;315393.73;0;0;0;0;0;0;0;0;193684.74;1622;3320;324931;;;A;BALCARCE 166 Rep.Nro.: 0 Piso:  Dpto:, 6100 RUFINO CP:;
004321U;MERCURI ERIC;Ord. 3303/22 hormigon armado;S.ESTERO 254;30;50;10;40;0;0;0;181301.21;58699.06;20127.81;78826.87;122602.15;0;51314.69;173916.84;0;0;0;0;0;17519;16880;324932;;;A;R.ISRAEL 625 Rep.Nro.: 0 Piso:  Dpto:, 6100RUFINO CP:;
004322U;GRAVINO JOSE;Ord. 3303/22 hormigon armado;S.ESTERO 280;30;24;0;24;0;0;0;352401.02;0;0;0;352401.02;0;116481.93;468882.95;0;0;0;0;0;5286;4001;323173;;;A;S.ESTERO 280 Rep.Nro.: 0 Piso:  Dpto:, 6100RUFINO CP:;
004323U;CHIRINO DARIO JAVIER;Ord. 3303/22 hormigon armado;AMERICA 199;30;50;0;0;50;0;0;449725.86;0;0;0;0;0;0;0;0;0;449725.86;0;0;40319;41164;324933;;;A;AMERICA 199 Rep.Nro.: 0 Piso:  Dpto:, 6100 RUFINO CP:;
004358U;DI CECCO I;Ord. 3303/22 hormigon armado;S.ESTERO 271;31;1;0;1;0;0;0;30610.02;0;0;0;27549.02;0;0;27549.02;0;0;0;0;0;3538;9817;322315;;;A;INDEPENDENCIA 344 Rep.Nro.: 0 Piso:  Dpto:, 6100RUFINO CP:;
004359U;DIAZ JUAN D ;Ord. 3303/22 hormigon armado;S.ESTERO 255;31;50;0;50;0;0;0;301564.86;0;0;0;301564.86;0;124090.38;425655.24;0;0;0;0;0;3572;4037;324934;;;A;S.ESTERO 255 Rep.Nro.: 0 Piso:  Dpto:, 6100RUFINO CP:;
004360U;COSTAMAGNA OMAR A;Ord. 3303/22 hormigon armado;S.ESTERO 239;31;50;14;0;36;0;0;390865.9;168337.18;82431.55;250768.73;0;0;0;0;0;0;222528.72;0;0;3240;4038;324935;;;A;S.ESTERO 239 Rep.Nro.: 0 Piso:  Dpto:, RUFINO CP:6100;
004361U;ARIAS NESTOR ADRIAN;Ord. 3303/22 hormigon armado;S.ESTERO 231;31;36;0;36;0;0;0;56251.07;0;0;0;54932.52;1318.55;273.42;56524.49;0;1318.55;0;0;0;20930;19895;321799;;;A;S.ESTERO 231 Rep.Nro.: 0 Piso:  Dpto:, 6100RUFINO CP:;
004362U;DEL POPOLO MAURO MARTIN;Ord. 3303/22 hormigon armado;S.ESTERO 221;31;50;16;34;0;0;0;390865.9;187849.26;105922.46;293771.72;203016.64;0;261900.23;464916.87;0;0;0;0;0;19499;18210;324936;;;A;RIO NEGRO 853 Rep.Nro.: 0 Piso:  Dpto:, 6100 RUFINO CP:;
004363U;GONZALEZ RODOLFO;Ord. 3303/22 hormigon armado;S.ESTERO 201;31;48;0;48;0;0;0;301932.68;0;0;0;301932.68;5295.5;4863.78;312091.96;0;0;0;0;0;5193;4041;322038;;;A;CENTENARIO 255 Rep.Nro.: 0 Piso:  Dpto:, 6100RUFINO CP:;
004370U;BARABINO RUBEN C;PAVIMENTO CALLE SANTA ROSA;AMERICA 098;34;48;0;48;0;0;0;18140.16;0;0;0;18140.16;0;11.34;18151.5;0;0;0;0;0;1170;3049;308713;;"Pavimento en Calle America 098 - No se presento
";A;P.PERON.1155 Rep.Nro.: 0 Piso:  Dpto:, 6100RUFINO CP:;
004372U;CAVALLO MIGUEL ANGEL;PAVIMENTO CALLE SANTA ROSA;SANTA ROSA 342;34;1;0;1;0;0;0;45835.05;0;0;0;45835.05;0;0;45835.05;0;0;0;0;0;13715;13014;308146;;Pavimento en Santa Rosa 342;A;SANTA ROSA 342 Rep.Nro.: 0 Piso:  Dpto:, 6100RUFINO CP:;
004373U;SALIGARI MIGUEL A;PAVIMENTO CALLE SANTA ROSA;SANTA ROSA 348 00-04;34;48;0;48;0;0;0;81552.04;0;0;0;81302.63;0;1805.67;83108.3;0;249.41;0;0;0;9861;4051;308717;;"Pavimento en Calle Santa Rosa 348 - No se presento
";A;SANTA FE 374 Rep.Nro.: 0 Piso:  Dpto:, 6100 RUFINO CP:;
004374U;SALIGARI OSCAR O ;PAVIMENTO CALLE SANTA ROSA;SANTA ROSA 348 00-03;34;48;47;1;0;0;0;83902.69;83622.14;173590.11;257212.25;280.55;0;8.14;288.69;0;0;0;0;0;9863;4052;308718;;"Pavimento en Calle Santa Rosa 348 - No se presento
";A;SANTA ROSA 348 00-03 Rep.Nro.: 0 Piso:  Dpto:, 6100 RUFINO CP:;
004375U;SALIGARI ALBERTO RAUL;PAVIMENTO CALLE SANTA ROSA;SANTA ROSA 348 00-02;34;48;47;1;0;0;0;83652.3;83372.58;173072.44;256445.02;279.72;0;8.11;287.83;0;0;0;0;0;9858;4053;308719;;"Pavimento en Calle Santa Rosa 348 - No se presento
";A;SANTA ROSA 348 Rep.Nro.: 0 Piso:  Dpto:, 6100 RUFINO CP:;
004376U;SALIGARI PEDRO J ;PAVIMENTO CALLE SANTA ROSA;SANTA ROSA 348 (00-01);34;48;47;1;0;0;0;79418.1;79152.53;164312.02;243464.55;265.57;0;7.7;273.27;0;0;0;0;0;9864;4054;308720;;"Pavimento en Calle Santa Rosa 348 - No se presento
";A;SANTA ROSA 348 Rep.Nro.: 0 Piso:  Dpto:, RUFINO CP:;
004377U;BRONDINO MARIA T;PAVIMENTO CALLE SANTA ROSA;SANTA ROSA 360;34;1;0;1;0;0;0;31277.79;0;0;0;31277.79;0;0;31277.79;0;0;0;0;0;19681;18391;308511;;;A;INDEPENDENCIA 474 Rep.Nro.: 0 Piso:  Dpto:, 6100RUFINO CP:;
004378U;DIAZ ERASMO H;PAVIMENTO CALLE SANTA ROSA;SANTA ROSA 370;34;48;27;21;0;0;0;197625.53;175375.16;315721.53;491096.69;22250.37;0;25545.32;47795.69;0;0;0;0;0;3561;4056;308721;;"Pavimento en Calle Santa Rosa 370 - No se presento
";A;SANTA ROSA 370 Rep.Nro.: 0 Piso:  Dpto:, 6100RUFINO CP:;
004379U;ZANELLI ENRIQUE DOMINGO;PAVIMENTO CALLE SANTA ROSA;SANTA ROSA 380;34;1;0;1;0;0;0;16054.75;0;0;0;16054.75;0;0;16054.75;0;0;0;0;0;11481;4057;308394;;PAGO CONTADO DESCUENTO 10 + 15 %;A;BERUTTI 071 Rep.Nro.: 0 Piso:  Dpto:, 6100 RUFINO CP:;
004381U;SALE BIETTI MARIA  ;Pavimiento Urbano;JUJUY 202;26;35;0;35;0;0;0;1554;0;0;0;1554;0;192.54;1746.54;0;0;0;0;0;9848;4146;32688;;;A;JUJUY 220 Rep.Nro.: 0 Piso:  Dpto:, 6100RUFINO;
004382U;BERTOLUSSO FRANCISCO;PAVIMENTO CALLE SANTA ROSA;SANTA ROSA 385;35;48;48;0;0;0;0;127608.23;127608.23;266129.72;393737.95;0;0;0;0;0;0;0;0;0;1622;3320;308709;;"Pavimento en Calle Santa Rosa 385 - No se presento
";A;SANTA ROSA 385 Rep.Nro.: 0 Piso:  Dpto:, 6100RUFINO CP:;
004383U;GARNICA JUAN CARLOS ;PAVIMENTO CALLE SANTA ROSA;SANTA ROSA 365;35;1;0;1;0;0;0;20737.39;0;0;0;20737.39;0;0;20737.39;0;0;0;0;0;17501;37583;308539;;;A;SANTA ROSA 365 Rep.Nro.: 0 Piso:  Dpto:, 6100RUFINO CP:;
004384U;RAMELLO RAUL AURELIO;PAVIMENTO CALLE SANTA ROSA;SANTA ROSA 359;35;48;0;48;0;0;0;41918.4;0;0;0;0;0;0;0;0;41918.4;0;0;0;9087;4062;308707;;"Pavimento en Calle Santa Rosa 359 - No se presento
";B;SANTA ROSA 359 Rep.Nro.: 0 Piso:  Dpto:, 6100RUFINO CP:;
004384U;RAMELLO RAUL AURELIO;PAVIMENTO CALLE SANTA ROSA;SANTA ROSA 359;35;1;0;1;0;0;0;35630.64;0;0;0;35630.64;0;0;35630.64;0;0;0;0;0;9087;4062;308819;;Pavimento en Calle Santa Rosa 359;A;SANTA ROSA 359 Rep.Nro.: 0 Piso:  Dpto:, 6100RUFINO CP:;
004385U;PEREZ HECTOR OMAR;PAVIMENTO CALLE SANTA ROSA;SANTA ROSA 351 L-10A;35;1;0;1;0;0;0;15287.43;0;0;0;15287.43;0;0;15287.43;0;0;0;0;0;8647;4063;308538;;PAGO CONTADO 15 + 10% DESC.;A;SANTA ROSA 351 Rep.Nro.: 0 Piso:  Dpto:, 6100 RUFINO CP:;
004386U;POOL SANTIAGO F;PAVIMENTO CALLE SANTA ROSA;SANTA ROSA 343;35;48;0;48;0;0;0;267833.55;0;0;0;267833.55;0;0;267833.55;0;0;0;0;0;8895;4069;308704;;"Pavimento en Calle Santa Rosa 343 - No se presento
";A;SANTA ROSA 341 Rep.Nro.: 0 Piso:  Dpto:, 6100 RUFINO CP:;
004388U;ULLUA MIRTA ESTER;PAVIMENTO CALLE SANTA ROSA;AMERICA 102;35;6;0;6;0;0;0;9375.3;0;0;0;9375.3;0;0;9375.3;0;0;0;0;0;17155;16735;308439;;;A;AMERICA 102 Rep.Nro.: 0 Piso:  Dpto:, 6100 RUFINO CP:;
004439U;MARANI JUAN LUIS;C.C. Ord. 3081/2016;PUEYRREDON 094;17;1;0;0;1;0;0;4618.8;0;0;0;0;0;0;0;0;0;4618.8;0;0;6351;4115;166131;;;A;PUEYRREDON 094 Rep.Nro.: 0 Piso:  Dpto:, 6100RUFINO;
004440U;PERNA LGPDE;C.C. Ord. 3081/2016;PUEYRREDON 190;14;1;0;0;1;0;0;1924.5;0;0;0;0;0;0;0;0;0;1924.5;0;0;8656;4116;168524;;;A;1RO DE MAYO 344 Rep.Nro.: 0 Piso:  Dpto:, 6100RUFINO;
004443U;ZRAIN ALI NAJLE L ;C.C. Ord. 3081/2016;AMERICA 298;36;1;0;0;1;0;0;3849;0;0;0;0;0;0;0;0;0;3849;0;0;11608;4119;168529;;;A;AMERICA 296 Rep.Nro.: 0 Piso:  Dpto:, 6100RUFINO;
004445U;VERA PIAZZA OMAR;PAVIMENTO CALLE SANTA ROSA;SANTA ROSA 390;34;48;48;0;0;0;0;192800.66;192800.66;402089.61;594890.27;0;0;0;0;0;0;0;0;0;11182;4121;308722;;"Pavimento en Calle Santa Rosa 390 - No se presento
";A;SANTA ROSA 390 Rep.Nro.: 0 Piso:  Dpto:, 6100RUFINO CP:;
004447U;BOLOGNINI JORGE A;Ord. 3303/22 hormigon armado;25 DE MAYO 171;28;50;0;50;0;0;0;227199.4;0;0;0;227199.4;0;5825.64;233025.04;0;0;0;0;0;18955;17745;324937;;;A;25 DE MAYO 171 Rep.Nro.: 0 Piso:  Dpto:, 6100 RUFINO CP:;
004457U;LEIVA LUIS ALBERTO;C.C. Ord. 3081/2016;PUEYRREDON 327;3;1;0;0;1;0;0;2209.5;0;0;0;0;0;0;0;0;0;2209.5;0;0;5860;4132;166416;;;A;PUEYRREDON 327 Rep.Nro.: 0 Piso:  Dpto:, 6100RUFINO;
004460U;PRUCCA PIERINO/RIQUERO H;Ord. 3303/22 hormigon armado;9 DE JULIO 216;6;50;20;0;0;0;30;457313.59;261585.99;183684.72;445270.71;0;0;0;0;0;0;0;0;195727.6;8964;4135;324938;;;A;BALCARCE 577 Rep.Nro.: 0 Piso:  Dpto:, 6100RUFINO CP:;
004479U;GONZALEZ JA ;C.C. Ord. 3081/2016;BENITO A.BIANCO 315;9;1;0;0;1;0;0;2694.3;0;0;0;0;0;0;0;0;0;2694.3;0;0;5103;4152;168512;;;A;BENITO A.BIANCO 325 Rep.Nro.: 0 Piso:  Dpto:, 6100RUFINO;
004482U;GIRAUDO ROSANA V. Y OTROS;Ord. 3303/22 hormigon armado;J.MORAN 256;8;50;33;17;0;0;0;213594.35;171872.86;191037.43;362910.29;41721.49;0;14136.29;55857.78;0;0;0;0;0;44175;45639;324939;;;A;CROUZELLIES 305 Rep.Nro.: 0 Piso:  Dpto:, 6100 RUFINO CP:;
004483U;GIRAUDO HECTOR C;Ord. 3303/22 hormigon armado;J.MORAN 246;8;50;17;33;0;0;0;170678.16;86102.37;51619.47;137721.84;84575.79;0;134847.88;219423.67;0;0;0;0;0;4926;4156;324940;;;A;J.MORAN 246 Rep.Nro.: 0 Piso:  Dpto:, 6100RUFINO CP:;
004484U;GRAVINO ANDREA LORENA;Ord. 3303/22 hormigon armado;J.MORAN 238;8;50;0;50;0;0;0;163046.34;0;0;0;0;0;0;0;0;163046.34;0;0;0;24886;34341;324941;;;A;J.MORAN 238 Rep.Nro.: 0 Piso:  Dpto:, 6100 RUFINO CP:;
004507U;BARABINO RUBEN C;PAVIMENTO CALLE SANTA ROSA;SANTA ROSA 320;34;48;0;48;0;0;0;12093.6;0;0;0;12093.6;0;7.56;12101.16;0;0;0;0;0;1170;3049;308715;;"Pavimento en Calle Santa Rosa 320 - No se presento
";A;P.PERON.1155 Rep.Nro.: 0 Piso:  Dpto:, 6100RUFINO CP:;
004508U;BARABINO RUBEN C;PAVIMENTO CALLE SANTA ROSA;SANTA ROSA 330;34;48;0;48;0;0;0;30075.36;0;0;0;30075.36;0;18.8;30094.16;0;0;0;0;0;1170;3049;308716;;"Pavimento en Calle Santa Rosa 330 - No se presento
";A;P.PERON.1155 Rep.Nro.: 0 Piso:  Dpto:, 6100RUFINO CP:;
004511U;LEIVA RAUL G;C.C. Ord. 3081/2016;PUEYRREDON 319;3;1;0;0;1;0;0;1690;0;0;0;0;0;0;0;0;0;1690;0;0;5861;4181;166417;;;A;PUEYRREDON 327 Rep.Nro.: 0 Piso:  Dpto:, 6100RUFINO;
004512U;BLANCO MARIO E ;C.C. Ord. 3081/2016;PUEYRREDON 309;3;1;0;0;1;0;0;2886.75;0;0;0;0;0;0;0;0;0;2886.75;0;0;1762;4183;166418;;;A;ITALIA 350 Rep.Nro.: 0 Piso:  Dpto:, 6100RUFINO;
004518U;GOMEZ HUGO A;C.C. Ord. 3081/2016;BENITO A.BIANCO 334;14;1;0;0;1;0;0;3849;0;0;0;0;0;0;0;0;0;3849;0;0;5002;4188;168521;;;A;COLON 596 Rep.Nro.: 0 Piso:  Dpto:, 6100RUFINO;
004519U;MERCURI ERIC;Ord. 3303/22 hormigon armado;S.ESTERO 262;30;50;10;40;0;0;0;207199.15;67083.79;23002.89;90086.68;140115.36;0;58644.81;198760.17;0;0;0;0;0;17519;16880;324942;;;A;R.ISRAEL 625 Rep.Nro.: 0 Piso:  Dpto:, 6100 RUFINO CP:;
004523U;GIMENEZ JULIA RITA;Ord. 3303/22 hormigon armado;9 DE JULIO 256;6;50;0;50;0;0;0;187861.39;0;0;0;187861.39;2488.42;5729.03;196078.84;0;0;0;0;0;15928;15929;324943;;;A;9 DE JULIO 256 Rep.Nro.: 0 Piso:  Dpto:, RUFINO CP:6100;
004524U;ROCHA AMER OMAR;Ord. 3303/22 hormigon armado;9 DE JULIO 260;6;50;14;36;0;0;0;260424.5;96989.1;84403.96;181393.06;163435.4;0;139949.28;303384.68;0;0;0;0;0;9394;4193;324944;;;A;9 DE JULIO 260 Rep.Nro.: 0 Piso:  Dpto:, 6100RUFINO CP:;
004525U;AGUILERA CARLOS;Ord. 3303/22 hormigon armado;25 DE MAYO 233;29;50;11;0;0;0;39;260576.25;91212.02;34550.78;125762.8;0;0;0;0;0;0;0;0;169364.23;212;15309;324945;;;A;25 DE MAYO 233 Rep.Nro.: 0 Piso:  Dpto:,  CP:;
004539U;ALGAN RAUL F;Plan 50 ;GARAY 986 ;10BD;12;0;12;0;0;0;16910.67;0;0;0;16910.67;0;27335.39;44246.06;0;0;0;0;0;34288;34746;276739;;CALLE 46 - POSADAS 700 - 800;A;IRIGOYEN 336 Rep.Nro.: 0 Piso:  Dpto:, 6100 RUFINO CP:;
004539U;ALGAN RAUL F;Plan 50 ;GARAY 986 ;10BD;12;0;12;0;0;0;32722.08;0;0;0;32722.08;0;52893.84;85615.92;0;0;0;0;0;34288;34746;276955;;CALLE 08 GARAY 900-1000;A;IRIGOYEN 336 Rep.Nro.: 0 Piso:  Dpto:, 6100 RUFINO CP:;
004540U;ALGAN RAUL F/TEALDI;Plan 50 ;GARAY 976;10BD;12;12;0;0;0;0;16910.67;16910.67;99756.9;116667.57;0;0;0;0;0;0;0;0;0;402;4207;276954;;CALLE 08 GARAY 900-1000;A;GALAN.1300 Rep.Nro.: 0 Piso:  Dpto:, 6100RUFINO CP:;
004541U;ISASI ANA MARIA;Plan 50 ;GARAY 960;10BD;1;0;1;0;0;0;10650.9;0;0;0;10650.9;0;0;10650.9;0;0;0;0;0;5658;4208;276035;;CALLE 08 GARAY 900-1000;A;GARAY 925 Rep.Nro.: 0 Piso:  Dpto:, 6100 RUFINO CP:;
004542U;BENGOLEA ANGELA V;Plan 50 ;GARAY 950;10BD;12;0;12;0;0;0;16910.67;0;0;0;16910.67;0;1273.51;18184.18;0;0;0;0;0;1546;4209;276953;;CALLE 08 GARAY 900-1000;A;GARAY 950 Rep.Nro.: 0 Piso:  Dpto:, 6100RUFINO CP:;
004543U;ISSOGLIO DIEGO NICOLAS;Plan 50 ;GARAY 940;10BD;24;0;24;0;0;0;21140.02;0;0;0;21140.02;0;61722.49;82862.51;0;0;0;0;0;5668;4210;276385;;CALLE 08 - GARAY 900 - 1000;A;GARAY 925 Rep.Nro.: 0 Piso:  Dpto:, 6100 RUFINO CP:;
004544U;TRANSPORTADORES RURALES ARGENTINO;Plan 50 ;MEUNIER 750;10D;12;0;12;0;0;0;119707.05;0;0;0;119707.05;0;23976.41;143683.46;0;0;0;0;0;15622;13361;276719;;CALLE 26 - MEUNIER 600 - 700;A;GARAY.1080 Rep.Nro.: 0 Piso:  Dpto:, 6100 RUFINO CP:;
004544U;TRANSPORTADORES RURALES ARGENTINO;Plan 50 ;MEUNIER 750;10D;12;0;12;0;0;0;118269.6;0;0;0;118269.6;0;29028.63;147298.23;0;0;0;0;0;15622;13361;276818;;CALLE 46 - POSADAS 700 - 800;A;GARAY.1080 Rep.Nro.: 0 Piso:  Dpto:, 6100 RUFINO CP:;
004545U;GIRAUDO MIGUEL A;Ord. 3303/22 hormigon armado;25 DE MAYO 253;29;50;2;48;0;0;0;260576.25;18299.38;1200.51;19499.89;242276.87;0;241446.05;483722.92;0;0;0;0;0;4930;5984;324946;;;A;SANTA ROSA 240 Rep.Nro.: 0 Piso:  Dpto:, 6100 RUFINO CP:;
004546U;VIGLIANCO DARDO RODOLFO;Ord. 3303/22 hormigon armado;25 DE MAYO 263;29;50;1;49;0;0;0;259852.37;9406.74;0;9406.74;247119.62;3246.81;338.01;250704.44;0;3326.01;0;0;0;11288;4213;324947;;;A;25 DE MAYO 263 Rep.Nro.: 0 Piso:  Dpto:, 6100RUFINO CP:;
004552U;SCAZZARIELLO RICARDO DOMINGO;Plan 50 ;GARAY.1006;10D;1;0;1;0;0;0;9558.5;0;0;0;9558.5;0;0;9558.5;0;0;0;0;0;30733;31146;275629;;CALLE 07-GARAY 1000-1100;A;GARAY.1006 Rep.Nro.: 0 Piso:  Dpto:, 6100RUFINO CP:;
004552U;SCAZZARIELLO RICARDO DOMINGO;Plan 50 ;GARAY.1006;10D;36;0;36;0;0;0;41257.43;0;0;0;41257.43;0;2626.91;43884.34;0;0;0;0;0;30733;31146;275716;;CALLE 46 - POSADAS 700 - 800;A;GARAY.1006 Rep.Nro.: 0 Piso:  Dpto:, 6100RUFINO CP:;
004553U;MALDONADO JOSE O;Plan 50 ;GARAY.1016;10D;36;0;36;0;0;0;20514.86;0;0;0;20445.86;0;131.88;20577.74;0;69;0;0;0;6256;4219;275619;;CALLE 07 - GARAY 1000 - 1100;A;GALAN 775 Rep.Nro.: 0 Piso:  Dpto:, 6100RUFINO CP:;
004554U;CORIA SILVIA MARISA;Plan 50 ;GARAY.1026;10D;36;0;36;0;0;0;21131.15;0;0;0;21131.15;0;26819.01;47950.16;0;0;0;0;0;3133;4220;276396;;CALLE 07 - GARAY 1000 - 1100;A;R.BOUSSY 765 Rep.Nro.: 0 Piso:  Dpto:, 6100 RUFINO CP:;
004558U;TRANSPORTADORES RURALES ARGENTINO;Plan 50 ;GARAY.1080;10D;12;0;12;0;0;0;57496.2;0;0;0;57496.2;0;13907.83;71404.03;0;0;0;0;0;15622;13361;276722;;CALLE 26 - MEUNIER 700 - 800;A;GARAY.1080  Rep.Nro.: 0 Piso:  Dpto:, 6100 RUFINO CP:;
004558U;TRANSPORTADORES RURALES ARGENTINO;Plan 50 ;GARAY.1080;10D;12;0;12;0;0;0;66048.75;0;0;0;66048.75;0;13229.06;79277.81;0;0;0;0;0;15622;13361;276938;;CALLE 07 GARAY 1000-1100;A;GARAY.1080  Rep.Nro.: 0 Piso:  Dpto:, 6100 RUFINO CP:;
004566U;MUNIC/CALDERON SEBASTIAN E.;Plan 50 ;ASAMBLEA 895;21AC;12;12;0;0;0;0;25366.02;25366.02;149635.46;175001.48;0;0;0;0;0;0;0;0;0;7280;4227;276810;;CALLE 03 ASAMBLEA 800 - 900;A;ASAMBLEA 895 Rep.Nro.: 0 Piso:  Dpto:, 6100 RUFINO CP:;
004566U;MUNIC/CALDERON SEBASTIAN E.;Ord. 3303/22 hormigon armado;ASAMBLEA 895;21AC;50;9;41;0;0;0;390865.9;114473.49;35066.73;149540.22;276392.41;0;407255.97;683648.38;0;0;0;0;0;7280;4227;324948;;;A;ASAMBLEA 895 Rep.Nro.: 0 Piso:  Dpto:, 6100 RUFINO CP:;
004569U;CAICHIOLO HUGO ALBERTO;Plan 50 ;POSADAS 779;10D;12;0;12;0;0;0;16910.67;0;0;0;16910.67;0;25497.32;42407.99;0;0;0;0;0;2221;3160;276746;;CALLE 46 - POSADAS 700 - 800;A;M.ROCA.1034 Rep.Nro.: 0 Piso:  Dpto:, 6100RUFINO CP:;
004570U;ALGAN RAUL F;Plan 50 ;POSADAS 765;10D;12;12;0;0;0;0;16910.67;16910.67;99756.9;116667.57;0;0;0;0;0;0;0;0;0;34288;34746;276743;;CALLE 46 - POSADAS 700 - 800;A;IRIGOYEN 316 Rep.Nro.: 0 Piso:  Dpto:, 6100RUFINO CP:;
004576U;ALGAN RAUL F;Plan 50 ;POSADAS 790;10BD;12;0;12;0;0;0;16910.67;0;0;0;16910.67;0;27386.85;44297.52;0;0;0;0;0;34288;34746;276736;;CALLE 46 - POSADAS 700 - 800;A;IRIGOYEN 336 Rep.Nro.: 0 Piso:  Dpto:, 6100 RUFINO CP:;
004577U;ALGAN RAUL F;Plan 50 ;POSADAS 784;10BD;12;12;0;0;0;0;16910.67;16910.67;99756.9;116667.57;0;0;0;0;0;0;0;0;0;34288;34746;276733;;CALLE 46 - POSADAS 700 - 800;A;IRIGOYEN 336 Rep.Nro.: 0 Piso:  Dpto:, 6100 RUFINO CP:;
004578U;ALGAN RAUL F;Plan 50 ;POSADAS 774;10BD;12;0;12;0;0;0;16910.67;0;0;0;16910.67;0;27386.85;44297.52;0;0;0;0;0;34288;34746;276728;;CALLE 46 - POSADAS 700 - 800;A;IRIGOYEN 336 Rep.Nro.: 0 Piso:  Dpto:, 6100 RUFINO CP:;
004579U;ALGAN RAUL F;Plan 50 ;POSADAS 768;10BD;12;0;12;0;0;0;16910.67;0;0;0;16910.67;0;27386.85;44297.52;0;0;0;0;0;34288;34746;276726;;CALLE 46 - POSADAS 700 - 800;A;IRIGOYEN 336 Rep.Nro.: 0 Piso:  Dpto:, 6100RUFINO CP:;
004580U;ALGAN RAUL F;Plan 50 ;POSADAS 760;10BD;12;0;12;0;0;0;16910.67;0;0;0;16910.67;0;26902.11;43812.78;0;0;0;0;0;34288;34746;276725;;CALLE 46 - 700 - 800;A;IRIGOYEN 336 Rep.Nro.: 0 Piso:  Dpto:, 6100 RUFINO CP:;
004581U;CHIARLONE EZEQUIEL LEANDRO;Plan 50 ;POSADAS 750;10BD;12;0;12;0;0;0;14374.05;0;0;0;14374.05;0;11158.86;25532.91;0;0;0;0;0;34731;35223;276721;;CALLE 46 - POSADAS 700 - 800;A;POSADAS 740 Rep.Nro.: 0 Piso:  Dpto:, 6100 RUFINO CP:;
004582U;CHIARLONE EZEQUIEL LEANDRO;Plan 50 ;POSADAS 740;10BD;12;0;12;0;0;0;14374.05;0;0;0;14374.05;0;9266.96;23641.01;0;0;0;0;0;34731;35223;276720;;CALLE 46 - POSADAS 700 - 800;A;POSADAS 740 Rep.Nro.: 0 Piso:  Dpto:, 6100 RUFINO CP:;
004583U;CHIARLONE EZEQUIEL LEANDRO;Plan 50 ;POSADAS 736;10BD;12;0;12;0;0;0;14374.05;0;0;0;14374.05;0;11158.86;25532.91;0;0;0;0;0;34731;35223;276718;;CALLE - POSADAS 700 - 800;A;POSADAS 740 Rep.Nro.: 0 Piso:  Dpto:, 6100 RUFINO CP:;
004584U;SALDI VALERIA;Plan 50 ;POSADAS 720;10BD;48;0;48;0;0;0;77122.11;0;0;0;77027.16;0;1546.25;78573.41;0;94.95;0;0;0;29629;30116;276358;;CALLE 46 - POSADAS 700 - 800;A;CROUZEILLES 482 Rep.Nro.: 0 Piso:  Dpto:, 6100RUFINO CP:;
004587U;MUNICIPALIDAD DE RUFINO;Plan 50 ;LORENZETTI 401;12;1;0;1;0;0;0;136550;0;0;0;0;0;0;0;0;136550;0;0;0;7461;15172;276477;;CALLE 15 - LORENZETTI 400 - 500;A;.ITALIA 127 Rep.Nro.: 0 Piso:  Dpto:, 6100 RUFINO CP:;
004589U;PEREYRA/RAVASOTTI;Plan 50 ;FERRARI 679;27C;1;0;1;0;0;0;6308.61;0;0;0;6308.61;0;0;6308.61;0;0;0;0;0;8570;4245;275790;;CALLE 36 FERRARI 600 - 700;A;FERRARI 667 Rep.Nro.: 0 Piso:  Dpto:, 6100RUFINO CP:;
004607U;MARGIAM S.A.;Concreto asfaltico plan parra;J.HERNANDEZ  043 BIS;61;50;0;50;0;0;0;406364.5;0;0;0;0;0;0;0;0;406364.5;0;0;0;6398;237;324581;;;B;R.BOUSSY 265 Rep.Nro.: 0 Piso:  Dpto:, 6100RUFINO CP:;
004607U;MARGIAM S.A.;Concreto asfaltico plan parra;J.HERNANDEZ  043 BIS;61;50;7;43;0;0;0;923163.14;216928.54;50057.81;266986.35;706234.6;4454.31;889391.04;1600079.95;0;0;0;0;0;6398;237;325338;;;A;R.BOUSSY 265 Rep.Nro.: 0 Piso:  Dpto:, 6100RUFINO CP:;
004608U;MUNIC/CIANI C;Concreto asfaltico plan parra;L.A.VIETTI.1427;61;50;37;13;0;0;0;298680.01;256980.15;317518.85;574499;41699.86;0;121211.02;162910.88;0;0;0;0;0;7292;4260;324582;;;A;EVA PERON 278 Rep.Nro.: 0 Piso:  Dpto:, 6100RUFINO CP:;
004609U;MORSAN VICTOR;Concreto asfaltico plan parra;L.A.VIETTI.1433;61;50;3;47;0;0;0;298680.01;31607.42;2425.44;34032.86;267072.59;0;179359.05;446431.64;0;0;0;0;0;7176;761;324583;;;A;P.PERON 597 Rep.Nro.: 0 Piso:  Dpto:, 6100RUFINO CP:;
004610U;MUNIC/SUAREZ VICTOR R ;Concreto asfaltico plan parra;L.A.VIETTI.1445;61;50;5;8;37;0;0;298680.01;51353.76;7813.37;59167.13;35892.99;0;8382.66;44275.65;0;0;211433.26;0;0;7424;4262;324584;;;A;VICTORERO.1112 Rep.Nro.: 0 Piso:  Dpto:, 6100RUFINO CP:;
004611U;MUNIC/MARIZCURRENA M ;Concreto asfaltico plan parra;L.A.VIETTI.1453;61;24;0;24;0;0;0;229664.39;0;0;0;229664.39;0;0;229664.39;0;0;0;0;0;7361;4263;322489;;;A;L.A.VIETTI.1453 Rep.Nro.: 0 Piso:  Dpto:, 6100RUFINO CP:;
004612U;SAICHUK FELIPA INES;Concreto asfaltico plan parra;L.A.VIETTI.1463;61;36;0;36;0;0;0;280842.03;0;0;0;280842.03;0;1315.23;282157.26;0;0;0;0;0;18640;17478;322820;;;A;L.A.VIETTI.1463 Rep.Nro.: 0 Piso:  Dpto:, 6100 RUFINO CP:;
004613U;PEREZ ADALBERTO JOSE;Concreto asfaltico plan parra;L.A.VIETTI.1475;61;50;10;0;0;0;40;298680.01;96556.23;33108.94;129665.17;0;0;0;0;0;0;0;0;202123.78;15025;12250;324585;;;A;L.A.VIETTI.1475 Rep.Nro.: 0 Piso:  Dpto:, 6100RUFINO CP:;
004614U;CABRERA JULIO CESAR;Concreto asfaltico plan parra;27 DE FEBRERO  042 BIS;61;50;8;30;12;0;0;925334.12;244804.01;65891.08;310695.09;519100.93;0;43317.41;562418.34;0;0;161429.18;0;0;32913;33267;324586;;;A;ASAMBLEA 842 Rep.Nro.: 0 Piso:  Dpto:, 6100 RUFINO CP:;
004615U;DEMARCHI EMANUEL ;Concreto asfaltico plan parra;27 DE FEBRERO  032 BIS;61;50;3;47;0;0;0;295723.22;31317.13;2403.17;33720.3;263955.23;0;14110.4;278065.63;0;450.86;0;0;0;17164;16382;324587;;;A;J.INGENIEROS 426 Rep.Nro.: 0 Piso:  Dpto:, 6100 RUFINO CP:;
004616U;MUNIC/VIASSOLO MARIA R ;Concreto asfaltico plan parra;27 DE FEBRERO  024 BIS;61;50;24;0;0;0;26;295936.15;193834.7;160542.47;354377.17;0;0;0;0;0;0;0;0;102101.45;7498;15325;324588;;;A;.ITALIA 127 Rep.Nro.: 0 Piso:  Dpto:, 6100RUFINO CP:;
004617U;PALOMA SEBASTIAN RAMON;Concreto asfaltico plan parra;27 DE FEBRERO  014 BIS;61;50;2;48;0;0;0;295764.68;21171.67;1033.53;22205.2;274593.01;0;17748.71;292341.72;0;0;0;0;0;20233;18823;324589;;;A;MEUNIER 098 Rep.Nro.: 0 Piso:  Dpto:, 6100 RUFINO CP:;
004618U;NAVARRO DIEGO MARTIN/NAVARRO RAUL ABUELO;Concreto asfaltico plan parra;27 DE FEBRERO  008 BIS;61;50;0;50;0;0;0;461705.5;0;0;0;460082.48;0;13.13;460095.61;0;1623.02;0;0;0;7627;14725;322937;;;A;27 DE FEBRERO 008 BIS Rep.Nro.: 0 Piso:  Dpto:, 6100 RUFINO CP:;
004619U;MUNIC/HERNANDEZ M;Concreto asfaltico plan parra;BV.SAN MARTIN.1472;61;50;1;49;0;0;0;298465.1;10831.47;0;10831.47;287633.63;0;54513.16;342146.79;0;0;0;0;0;7336;4267;321816;;;A;IRIGOYEN 228 Rep.Nro.: 0 Piso:  Dpto:, 6100RUFINO CP:;
004620U;BAEZ HECTOR RAUL;Concreto asfaltico plan parra;BV.SAN MARTIN.1464;61;24;0;24;0;0;0;230026.72;0;0;0;230026.72;0;90700.61;320727.33;0;0;0;0;0;16056;15984;322888;;;A;BV.SAN MARTIN.1464 Rep.Nro.: 0 Piso:  Dpto:, 6100RUFINO CP:;
004621U;MUNIC/BAGGINI CELINA;Concreto asfaltico plan parra;BV.SAN MARTIN.1458;61;24;0;24;0;0;0;226089.26;0;0;0;226059.44;6108.28;5068.16;237235.88;0;0;0;0;0;7261;4268;322505;;;A;BV.SAN MARTIN.1458 Rep.Nro.: 0 Piso:  Dpto:, 6100 RUFINO CP:;
004622U;SPADA JORGE ANTONIO;Concreto asfaltico plan parra;BV.SAN MARTIN.1446;61;50;6;0;44;0;0;298680.01;60797.7;11657.05;72454.75;0;0;0;0;0;0;237882.31;0;0;39566;40347;324590;;;A;BV.SAN MARTIN.1446 Rep.Nro.: 0 Piso:  Dpto:, 6100 RUFINO CP:;
004623U;MORICHETTI MARIA DEL C;Concreto asfaltico plan parra;BV.SAN MARTIN.1436;61;1;0;1;0;0;0;134878.93;0;0;0;121391.04;0;0;121391.04;0;0;0;0;0;7167;4270;317691;;;A;BV.SAN MARTIN.1436 Rep.Nro.: 0 Piso:  Dpto:, 6100RUFINO CP:;
004624U;NAVARRO RAUL ALBERTO;Concreto asfaltico plan parra;BV.SAN MARTIN.1424;61;1;0;1;0;0;0;160628.66;0;0;0;144565.8;0;0;144565.8;0;0;0;0;0;17667;16892;322265;;;A;BV.SAN MARTIN.1424 Rep.Nro.: 0 Piso:  Dpto:, 6100 RUFINO CP:;
004625U;MUNIC/ZANIN CLAUDIO ;Concreto asfaltico plan parra;J.HERNANDEZ  007 BIS;61;50;1;49;0;0;0;462666.69;16778.35;0;16778.35;445888.34;0;94121.7;540010.04;0;0;0;0;0;7446;4271;321977;;;A;J.HERNANDEZ 007 BIS Rep.Nro.: 0 Piso:  Dpto:, 6100RUFINO CP:;
004626U;CORREA DANIEL O;Concreto asfaltico plan parra;J.HERNANDEZ  013 BIS;61;24;0;24;0;0;0;227553.08;0;0;0;226868.5;0;26.46;226894.96;0;684.58;0;0;0;3176;4272;322504;;;A;MEUNIER 516 Rep.Nro.: 0 Piso:  Dpto:, 6100 RUFINO CP:;
004627U;SERVERA DANIELA CRISTINA;Concreto asfaltico plan parra;J.HERNANDEZ  025 BIS;61;50;2;48;0;0;0;295391.48;21171.67;1033.53;22205.2;274053.34;0;132150.96;406204.3;0;166.47;0;0;0;15493;15085;324591;;;A;BV.SAN MARTIN.1263 Rep.Nro.: 0 Piso:  Dpto:, 6100RUFINO CP:;
004628U;MUNIC/PIRILLO EDUARDO;Concreto asfaltico plan parra;J.HERNANDEZ  035 BIS;61;50;10;0;0;0;40;295936.15;95669.4;32804.85;128474.25;0;0;0;0;0;0;0;0;200266.75;7390;4274;324592;;;A;J.HERNANDEZ  035 BIS Rep.Nro.: 0 Piso:  Dpto:, 6100 RUFINO CP:;
004674U;WHEELER BRIAN;Plan 50 ;AZCUENAGA 670;10A;12;12;0;0;0;0;16910.67;16910.67;99756.9;116667.57;0;0;0;0;0;0;0;0;0;28266;28890;276891;;CALLE 47 - AZCUENEGA 600 - 700;A;COBO 374 Rep.Nro.: 0 Piso:  Dpto:, 6100RUFINO CP:;
004675U;WHEELER BRIAN;Plan 50 ;AZCUENAGA 680;10A;12;12;0;0;0;0;16910.67;16910.67;99756.9;116667.57;0;0;0;0;0;0;0;0;0;28266;28890;276753;;CALLE 47 - AZCUENAGA 600 - 700;A;COBO 374 Rep.Nro.: 0 Piso:  Dpto:, 6100RUFINO CP:;
004676U;WHEELER BRIAN;Plan 50 ;AZCUENAGA 688;10A;12;12;0;0;0;0;15219.63;15219.63;89781.38;105001.01;0;0;0;0;0;0;0;0;0;28266;28890;277186;;"CALLE 47 AZCUENAGA 600-700
";A;COBO 374 Rep.Nro.: 0 Piso:  Dpto:, 6100RUFINO CP:;
004677U;WHEELER BRIAN;Plan 50 ;AZCUENAGA 696;10A;12;12;0;0;0;0;50731.89;50731.89;299270.02;350001.91;0;0;0;0;0;0;0;0;0;28266;28890;276640;;CALLE 40 - SAN LORENZO 800 - 900;A;COBO 374 Rep.Nro.: 0 Piso:  Dpto:, 6100RUFINO CP:;
004677U;PALMA NEOMAR;Plan 50 ;AZCUENAGA 696;10A;12;0;12;0;0;0;40965;0;0;0;0;0;0;0;0;40965;0;0;0;8238;4314;276914;;CALLE 40 - SAN LORENZO 800 - 900;B;COBO 374 Rep.Nro.: 0 Piso:  Dpto:, 6100RUFINO CP:;
004677U;WHEELER BRIAN;Plan 50 ;AZCUENAGA 696;10A;12;12;0;0;0;0;16352.64;16352.64;96465.06;112817.7;0;0;0;0;0;0;0;0;0;28266;28890;277187;;CALLE 47 AZCUENAGA 600-700;A;COBO 374 Rep.Nro.: 0 Piso:  Dpto:, 6100RUFINO CP:;
004678U;BRARDA PEDRO ENRIQUE;Plan 50 ;SAN LORENZO 864;10A;12;0;0;12;0;0;16910.67;0;0;0;0;0;0;0;0;0;16910.67;0;0;1975;6783;276639;;CALLE 40 - SAN LORENZO 800 - 900;A;SAN LORENZO 864 Rep.Nro.: 0 Piso:  Dpto:, 6100 RUFINO CP:;
004679U;MON SANDRA LILIANA;Plan 50 ;SAN LORENZO 856;10A;1;0;1;0;0;0;9558.5;0;0;0;9558.5;0;0;9558.5;0;0;0;0;0;6964;2196;275596;;Calle 40-san lorenzo 800-900;A;SAAVEDRA 754 Rep.Nro.: 0 Piso:  Dpto:, 6100RUFINO CP:;
004680U;PASQUALE/FANTINO, JONATAN;Plan 50 ;SAN LORENZO 846;10A;12;0;12;0;0;0;16667.16;0;0;0;16667.16;0;1173.33;17840.49;0;0;0;0;0;29578;30070;275588;;CALLE 40 - SAN LORENZO 800 - 900;A;GALAN 560 Rep.Nro.: 0 Piso:  Dpto:, 6100 RUFINO CP:;
004681U;WIDMER HUGO A;Plan 50 ;SAN LORENZO 836;10A;36;0;36;0;0;0;21062.15;0;0;0;21002.67;0;27514.85;48517.52;0;59.48;0;0;0;11423;4321;275749;;CALLE 40 - SAN LORENZO 800 - 900;A;SAN LORENZO 836 Rep.Nro.: 0 Piso:  Dpto:, 6100 RUFINO CP:;
004683U;PALMA NEOMAR;Plan 50 ;AZCUENAGA 675;10AC;12;12;0;0;0;0;16910.67;16910.67;99758.03;116668.7;0;0;0;0;0;0;0;0;0;8238;4314;277209;;CALLE 47 AZCUENAGA 600-700;A;COBO 374 Rep.Nro.: 0 Piso:  Dpto:, 6100RUFINO CP:;
004684U;VIVAS LILIANA SUSANA;Plan 50 ;AZCUENAGA 695;10AC;12;12;0;0;0;0;16910.67;16910.67;99756.9;116667.57;0;0;0;0;0;0;0;0;0;11383;4324;276633;;CALLE 39 - SAN LORENZO 900 - 1000;A;SAN JUAN 880 Rep.Nro.: 0 Piso:  Dpto:, 6100 RUFINO CP:;
004684U;VIVAS LILIANA SUSANA;Plan 50 ;AZCUENAGA 695;10AC;12;11;1;0;0;0;31538.43;28455.18;168435.91;196891.09;3083.25;0;8990.76;12074.01;0;0;0;0;0;11383;4324;277236;;CALLE 47 - AZCUENAGA 600 - 700;A;SAN JUAN 880 Rep.Nro.: 0 Piso:  Dpto:, 6100 RUFINO CP:;
004685U;VASCHETTO JOSE OMAR;Plan 50 ;SAN LORENZO 916;10AC;36;0;12;24;0;0;21131.15;0;0;0;4791.36;0;1152.99;5944.35;0;0;16339.79;0;0;15692;13572;275446;;CALLE 39 - SAN LORENZO 900 - 1000;A;SAN LORENZO 916 Rep.Nro.: 0 Piso:  Dpto:,  CP:;
004686U;PALMA NEOMAR;Plan 50 ;SAN LORENZO 926;10AC;12;0;12;0;0;0;16910.67;0;0;0;16910.67;0;11127.6;28038.27;0;0;0;0;0;8238;4314;277206;;CALLE 39 - SAN LORENZO 900 - 1000;A;SAN LORENZO 926 Rep.Nro.: 0 Piso:  Dpto:, 6100 RUFINO CP:;
004687U;WHEELER EDMUNDO RALPH;Plan 50 ;AZCUENAGA 702;10B;12;0;12;0;0;0;166231.5;0;0;0;0;0;0;0;0;166231.5;0;0;0;24098;25045;276642;;CALLE 40 - SAN LORENZO 800 - 900;A;CROUZEILLES 419 Rep.Nro.: 0 Piso:  Dpto:, 6100 RUFINO CP:;
004687U;WHEELER EDMUNDO RALPH;Plan 50 ;AZCUENAGA 702;10B;12;0;12;0;0;0;5208.48;0;0;0;0;0;0;0;0;5208.48;0;0;0;24098;25045;277240;;CALLE 48 - AZCUENAGA 700 - 800;A;CROUZEILLES 419 Rep.Nro.: 0 Piso:  Dpto:, 6100 RUFINO CP:;
004687U;WHEELER EDMUNDO RALPH;Plan 50 ;AZCUENAGA 702;10B;12;0;12;0;0;0;5005.47;0;0;0;0;0;0;0;0;5005.47;0;0;0;24098;25045;277255;;CALLE 50 - F.A.GARIN 700 - 800;A;CROUZEILLES 419 Rep.Nro.: 0 Piso:  Dpto:, 6100 RUFINO CP:;
004688U;WHEELER EDMUNDO RALPH;Plan 50 ;AZCUENAGA 701;10BD;36;0;36;0;0;0;4232.88;0;0;0;0;0;0;0;0;4232.88;0;0;0;24098;25045;276442;;CALLE 48 - AZCUENAGA 700 - 800;B;CROUZEILLES 419 Rep.Nro.: 0 Piso:  Dpto:, 6100RUFINO CP:;
004688U;WHEELER EDMUNDO RALPH;Plan 50 ;AZCUENAGA 701;10BD;12;0;12;0;0;0;67896.27;0;0;0;0;0;0;0;0;67896.27;0;0;0;24098;25045;276636;;CALLE 39 - SAN LORENZO 900 - 1000;A;CROUZEILLES 419 Rep.Nro.: 0 Piso:  Dpto:, 6100RUFINO CP:;
004688U;WHEELER EDMUNDO RALPH;Plan 50 ;AZCUENAGA 701;10BD;12;0;12;0;0;0;5242.23;0;0;0;0;0;0;0;0;5242.23;0;0;0;24098;25045;277241;;CALLE 48 - AZCUENAGA 700 - 800;A;CROUZEILLES 419 Rep.Nro.: 0 Piso:  Dpto:, 6100RUFINO CP:;
004689U;CARDONA/COOREMAN EMILIO;C.C. Res. 074/2026;J.AZURDUY 120;82;4;4;0;0;0;0;45916.75;45916.75;5114.3;51031.05;0;0;0;0;0;0;0;0;0;2383;4327;382581;;;A;J.AZURDUY 180 Rep.Nro.: 0 Piso:  Dpto:, 6100 RUFINO CP:;
004690U;CARDONA/COOREMAN EMILIO;C.C. Res. 074/2026;J.AZURDUY 130;82;4;4;0;0;0;0;45916.75;45916.75;5114.3;51031.05;0;0;0;0;0;0;0;0;0;2383;4327;382588;;;A;J.AZURDUY 180 Rep.Nro.: 0 Piso:  Dpto:, 6100 RUFINO CP:;
004691U;CARDONA/COOREMAN EMILIO;C.C. Res. 074/2026;J.AZURDUY 140;82;4;4;0;0;0;0;45916.75;45916.75;5114.3;51031.05;0;0;0;0;0;0;0;0;0;2383;4327;382589;;;A;J.AZURDUY 180 Rep.Nro.: 0 Piso:  Dpto:, 6100RUFINO CP:;
004692U;CARDONA/COOREMAN EMILIO;C.C. Res. 074/2026;J.AZURDUY 160;82;4;4;0;0;0;0;45916.75;45916.75;5114.3;51031.05;0;0;0;0;0;0;0;0;0;2383;4327;382591;;;A;J.AZURDUY 180 Rep.Nro.: 0 Piso:  Dpto:, 6100RUFINO CP:;
004693U;CARDONA/COOREMAN EMILIO;C.C. Res. 074/2026;J.AZURDUY 170;82;4;4;0;0;0;0;45916.75;45916.75;5114.3;51031.05;0;0;0;0;0;0;0;0;0;2383;4327;382593;;;A;J.AZURDUY 180 Rep.Nro.: 0 Piso:  Dpto:, 6100RUFINO CP:;
004694U;CARDONA/COOREMAN EMILIO;C.C. Res. 074/2026;J.AZURDUY 180;82;4;4;0;0;0;0;45916.75;45916.75;5114.3;51031.05;0;0;0;0;0;0;0;0;0;2383;4327;382594;;;A;J.AZURDUY 180 Rep.Nro.: 0 Piso:  Dpto:, 6100 RUFINO CP:;
004695U;SOLA E./LUHACES HUGO;C.C. Res. 074/2026;J.AZURDUY 125;117;4;4;0;0;0;0;45916.75;45916.75;6127.91;52044.66;0;0;0;0;0;0;0;0;0;10462;4333;382583;;;A;VICTORERO 495 Rep.Nro.: 0 Piso:  Dpto:, 6100RUFINO CP:;
004696U;SOLA E./LUHACES HUGO;C.C. Res. 074/2026;J.ARZUDUY 135;117;4;4;0;0;0;0;45916.75;45916.75;5114.3;51031.05;0;0;0;0;0;0;0;0;0;10462;4333;382584;;;A;VICTORERO 495 Rep.Nro.: 0 Piso:  Dpto:, 6100RUFINO CP:;
004697U;SOLA E./LUHACES HUGO;C.C. Res. 074/2026;J.ARZUDUY 135;117;4;4;0;0;0;0;45916.75;45916.75;5114.3;51031.05;0;0;0;0;0;0;0;0;0;10462;4333;382585;;;A;VICTORERO 495 Rep.Nro.: 0 Piso:  Dpto:, 6100RUFINO CP:;
004698U;MON GERVASIO ;C.C. Res. 074/2026;J.ARZUDUY 155;117;4;4;0;0;0;0;45916.75;45916.75;5114.3;51031.05;0;0;0;0;0;0;0;0;0;6950;4336;382586;;;A;B.FERREYRA 335 Rep.Nro.: 0 Piso:  Dpto:, 6100RUFINO CP:;
004699U;BAINOTTI ROBERTO O;C.C. Res. 074/2026;J.ARZUDUY 165;117;4;4;0;0;0;0;45916.75;45916.75;5114.3;51031.05;0;0;0;0;0;0;0;0;0;1080;4337;382587;;;A;J.ARZUDUY 165 Rep.Nro.: 0 Piso:  Dpto:, 6100 RUFINO CP:;
004700U;JROLOVICH IRENE G;C.C. Res. 074/2026;J.AZUDUY 175;117;4;4;0;0;0;0;45916.75;45916.75;5114.3;51031.05;0;0;0;0;0;0;0;0;0;5702;4338;382579;;;A;J.ARZUDUY 175 Rep.Nro.: 0 Piso:  Dpto:, 6100 RUFINO CP:;
004701U;MUÑOZ/DULCICH;C.C. Res. 074/2026;M118 S 140;118;4;4;0;0;0;0;73466.83;73466.83;8182.9;81649.73;0;0;0;0;0;0;0;0;0;7213;4339;382694;;;A;IRIGOYEN.1775 Rep.Nro.: 0 Piso:  Dpto:, 6100 RUFINO CP:;
004702U;DULCICH RAUL MARCOS M.;C.C. Res. 074/2026;M118;118;4;4;0;0;0;0;243726.2;243726.2;27146.75;270872.95;0;0;0;0;0;0;0;0;0;21035;19377;382695;;;A;.BS.AS. 444  Rep.Nro.: 0 Piso:  Dpto:, FIRMAT CP:;
004703U;LOPEZ NATALIA;C.C. Res. 074/2026;M118 S 180;118;4;4;0;0;0;0;73466.83;73466.83;8182.9;81649.73;0;0;0;0;0;0;0;0;0;6003;4341;382696;;;A;CATAMARCA 083 Rep.Nro.: 0 Piso:  Dpto:, 6100 RUFINO CP:;
004704U;CAL/GARCIA SUSANA;C.C. Res. 074/2026;M118 S 200;118;4;4;0;0;0;0;73466.83;73466.83;8182.9;81649.73;0;0;0;0;0;0;0;0;0;2236;4342;382697;;;A;ASAMBLEA 907 Rep.Nro.: 0 Piso:  Dpto:, 6100 RUFINO CP:;
004705U;NAVILLI WALDO A;C.C. Res. 074/2026;COBO.1727;119;4;4;0;0;0;0;51426.8;51426.8;5728.03;57154.83;0;0;0;0;0;0;0;0;0;7722;913;382390;;;A;P.PERON 781 Rep.Nro.: 0 Piso:  Dpto:, 6100 RUFINO CP:;
004705U;NAVILLI WALDO A;Res. 159/2026 - Pavimento;COBO.1727;119;1;1;0;0;0;0;104139.93;104139.93;0;104139.93;0;0;0;0;0;0;0;0;0;7722;913;385312;;;A;P.PERON 781 Rep.Nro.: 0 Piso:  Dpto:, 6100 RUFINO CP:;
004706U;ALDUNCIN JOAQUIN;C.C. Res. 074/2026;COBO.1735;119;4;1;3;0;0;0;40406.75;10535.57;0;10535.57;29871.18;0;1792.27;31663.45;0;0;0;0;0;37690;38261;382391;;;A;COBO.1735 Rep.Nro.: 0 Piso:  Dpto:, 6100 RUFINO CP:;
004706U;ALDUNCIN JOAQUIN;Res. 159/2026 - Pavimento;COBO.1735;119;1;1;0;0;0;0;81824.23;81824.23;0;81824.23;0;0;0;0;0;0;0;0;0;37690;38261;385313;;;A;COBO.1735 Rep.Nro.: 0 Piso:  Dpto:, 6100 RUFINO CP:;
004707U;NAVILLI WALDO A;C.C. Res. 074/2026;COBO.1745;119;4;4;0;0;0;0;40406.75;40406.75;4500.58;44907.33;0;0;0;0;0;0;0;0;0;7722;913;382393;;;A;P.PERON 781 Rep.Nro.: 0 Piso:  Dpto:, 6100 RUFINO CP:;
004707U;NAVILLI WALDO A;Res. 159/2026 - Pavimento;COBO.1745;119;1;1;0;0;0;0;81824.23;81824.23;0;81824.23;0;0;0;0;0;0;0;0;0;7722;913;385314;;;A;P.PERON 781 Rep.Nro.: 0 Piso:  Dpto:, 6100 RUFINO CP:;
004708U;NAVILLI WALDO A;C.C. Res. 074/2026;COBO.1785;119;4;4;0;0;0;0;156484.35;156484.35;17429.57;173913.92;0;0;0;0;0;0;0;0;0;7722;913;382397;;;A;P.PERON 781 Rep.Nro.: 0 Piso:  Dpto:, 6100 RUFINO CP:;
004708U;NAVILLI WALDO A;C.C. Res. 074/2026;COBO.1785;119;4;0;4;0;0;0;154243.96;0;0;0;0;0;0;0;0;154243.96;0;0;0;7722;913;382683;;;B;P.PERON 781 Rep.Nro.: 0 Piso:  Dpto:, 6100 RUFINO CP:;
004708U;NAVILLI WALDO A;Res. 159/2026 - Pavimento;COBO.1785;119;1;1;0;0;0;0;316882.94;316882.94;0;316882.94;0;0;0;0;0;0;0;0;0;7722;913;385315;;;A;P.PERON 781 Rep.Nro.: 0 Piso:  Dpto:, 6100 RUFINO CP:;
004709U;ANDRICH MIGUEL ANGEL ;C.C. Res. 074/2026;M119 S 040;119;4;4;0;0;0;0;73466.83;73466.83;8182.9;81649.73;0;0;0;0;0;0;0;0;0;23016;23929;382684;;;A;A.MARTIN 607 Rep.Nro.: 0 Piso:  Dpto:, 6100 RUFINO CP:;
004710U;ANDRICH MIGUEL ANGEL ;C.C. Res. 074/2026;RUTA 7 M119 S 060;119;4;4;0;0;0;0;73466.83;73466.83;8182.9;81649.73;0;0;0;0;0;0;0;0;0;23016;23929;382686;;;A;A.MARTIN 607 Rep.Nro.: 0 Piso:  Dpto:, 6100 RUFINO CP:;
004711U;ANDRICH JORGE MARIO;C.C. Res. 074/2026;M119 S 080;119;4;4;0;0;0;0;73466.83;73466.83;8182.9;81649.73;0;0;0;0;0;0;0;0;0;587;5325;382690;;;A;MEUNIER 689 Rep.Nro.: 0 Piso:  Dpto:, 6100 RUFINO CP:;
004712U;BENAVIDES ANGEL A;C.C. Res. 074/2026;F.QUIROGA 125;82;4;4;0;0;0;0;45916.75;45916.75;5114.3;51031.05;0;0;0;0;0;0;0;0;0;1524;4351;382627;;;A;P.PERON 380 Rep.Nro.: 0 Piso:  Dpto:, 6100RUFINO CP:;
004713U;BENAVIDES ANGEL A;Pavimiento Urbano;F.QUIROGA 135;82;4;0;4;0;0;0;45259.36;0;0;0;0;0;0;0;0;45259.36;0;0;0;1524;4351;382630;;;B;P.PERON 380 Rep.Nro.: 0 Piso:  Dpto:, 6100RUFINO CP:;
004713U;BENAVIDES ANGEL A;C.C. Res. 074/2026;F.QUIROGA 135;82;4;4;0;0;0;0;45916.75;45916.75;5114.3;51031.05;0;0;0;0;0;0;0;0;0;1524;4351;382727;;;A;P.PERON 380 Rep.Nro.: 0 Piso:  Dpto:, 6100RUFINO CP:;
004714U;LUNA CRISTIAN ALFREDO;C.C. Res. 074/2026;F.QUIROGA 145;82;4;4;0;0;0;0;45916.75;45916.75;5114.3;51031.05;0;0;0;0;0;0;0;0;0;24651;25508;382634;;;A;F.QUIROGA 145 Rep.Nro.: 0 Piso:  Dpto:, 6100 RUFINO CP:;
004715U;FONTANA CLAUDIA BEATRIZ;C.C. Res. 074/2026;F.QUIROGA 155;82;4;4;0;0;0;0;45916.75;45916.75;5114.3;51031.05;0;0;0;0;0;0;0;0;0;29434;29932;382527;;;A;CARBALLEIRA 168 Rep.Nro.: 0 Piso:  Dpto:, 6100 RUFINO CP:;
004716U;FONTANA CLAUDIA BEATRIZ;C.C. Res. 074/2026;F.QUIROGA 165;82;4;4;0;0;0;0;45916.75;45916.75;5114.3;51031.05;0;0;0;0;0;0;0;0;0;29434;29932;382529;;;A;.BV.BELGRANO.1620  Rep.Nro.: 0 Piso:  Dpto:, 2600 - VDO TUERTO CP:;
004717U;GALLEANO CARLOS RAUL;C.C. Res. 074/2026;F.QUIROGA 175;82;4;4;0;0;0;0;45916.75;45916.75;5114.3;51031.05;0;0;0;0;0;0;0;0;0;23466;24437;382531;;;A;F.QUIROGA 175 Rep.Nro.: 0 Piso:  Dpto:, 6100 RUFINO CP:;
004718U;PELAZAS FIORNO JAIME;C.C. Res. 074/2026;J.ARZUDUY 080;83;4;4;0;0;0;0;47753.45;47753.45;5318.88;53072.33;0;0;0;0;0;0;0;0;0;8470;5203;382571;;;A;EVA PERON 785 Rep.Nro.: 0 Piso:  Dpto:, 6100 RUFINO CP:;
004719U;NAVILLI/CORREA FERNANDO;C.C. Res. 074/2026;J.ARZUDUY 070;83;4;4;0;0;0;0;40406.75;40406.75;4500.58;44907.33;0;0;0;0;0;0;0;0;0;7813;4357;382570;;;A;J.ARZUDUY 070 Rep.Nro.: 0 Piso:  Dpto:, 6100RUFINO CP:;
004720U;NAVILLI/ALANIS GRACIELA;C.C. Res. 074/2026;J.ARZUDUY 060;83;4;4;0;0;0;0;40406.75;40406.75;4500.58;44907.33;0;0;0;0;0;0;0;0;0;7795;4358;382568;;;A;M.ROCA 043 Rep.Nro.: 0 Piso:  Dpto:, 6100RUFINO CP:;
004721U;NAVILLI WALDO A;C.C. Res. 074/2026;J.ARZUDUY 050;83;4;4;0;0;0;0;40406.75;40406.75;4500.58;44907.33;0;0;0;0;0;0;0;0;0;7722;913;382567;;;A;J.ARZUDUY 050 Rep.Nro.: 0 Piso:  Dpto:, 6100 RUFINO CP:;
004722U;MOLINA ANGEL EDGARDO;C.C. Res. 074/2026;J.ARZUDUY 040;83;4;4;0;0;0;0;40406.75;40406.75;4500.58;44907.33;0;0;0;0;0;0;0;0;0;20631;28330;382565;;;A;J.ARZUDUY 040 Rep.Nro.: 0 Piso:  Dpto:, 6100 RUFINO CP:;
004723U;SCIEKILI JUAN J;C.C. Res. 074/2026;J.ARZUDUY 030;83;4;4;0;0;0;0;40406.75;40406.75;4500.58;44907.33;0;0;0;0;0;0;0;0;0;10123;4361;382564;;;A;J.ARZUDUY 030 Rep.Nro.: 0 Piso:  Dpto:, 6100RUFINO CP:;
004724U;GROSSO DALMIRO ;C.C. Res. 074/2026;J.ARZUDUY 020;83;4;4;0;0;0;0;47753.45;47753.45;5318.88;53072.33;0;0;0;0;0;0;0;0;0;5315;4362;382562;;;A;POSADAS 145 Rep.Nro.: 0 Piso:  Dpto:, 6100RUFINO CP:;
004725U;NAVILLI WALDO A;C.C. Res. 074/2026;COBO.1595;83;4;4;0;0;0;0;132240.29;132240.29;14729.21;146969.5;0;0;0;0;0;0;0;0;0;7722;913;382353;;;A;.BV.ESPAÑA 488 Rep.Nro.: 0 Piso:  Dpto:, RUFINO CP:;
004725U;NAVILLI WALDO A;Res. 159/2026 - Pavimento;COBO.1595;83;1;1;0;0;0;0;167367.75;167367.75;0;167367.75;0;0;0;0;0;0;0;0;0;7722;913;385252;;;A;.BV.ESPAÑA 488 Rep.Nro.: 0 Piso:  Dpto:, RUFINO CP:;
004726U;NAVILLI/RIBAUDO DANIELA;C.C. Res. 074/2026;COBO.1575;83;4;1;3;0;0;0;40406.75;10535.57;0;10535.57;29871.18;0;955.88;30827.06;0;0;0;0;0;38228;38855;382337;;;A;ASAMBLEA 579 Rep.Nro.: 0 Piso:  Dpto:, 6100 RUFINO CP:;
004726U;NAVILLI/RIBAUDO DANIELA;Res. 159/2026 - Pavimento;COBO.1575;83;1;1;0;0;0;0;81824.23;81824.23;0;81824.23;0;0;0;0;0;0;0;0;0;38228;38855;385240;;;A;ASAMBLEA 579 Rep.Nro.: 0 Piso:  Dpto:, 6100 RUFINO CP:;
004727U;GAMULIN IVANA SOLEDAD;C.C. Res. 074/2026;COBO.1565;83;4;4;0;0;0;0;40406.75;40406.75;4500.58;44907.33;0;0;0;0;0;0;0;0;0;40239;41082;382335;;;A;SAN GREGORIO Rep.Nro.: 0 Piso:  Dpto:, SAN GREGORIO CP:;
004727U;GAMULIN IVANA SOLEDAD;Res. 159/2026 - Pavimento;COBO.1565;83;1;1;0;0;0;0;81824.23;81824.23;0;81824.23;0;0;0;0;0;0;0;0;0;40239;41082;385236;;;A;SAN GREGORIO Rep.Nro.: 0 Piso:  Dpto:, SAN GREGORIO CP:;
004728U;NAVILLI WALDO A;C.C. Res. 074/2026;COBO.1555;83;4;4;0;0;0;0;40406.75;40406.75;4500.58;44907.33;0;0;0;0;0;0;0;0;0;7722;913;382327;;;A;.BV.ESPAÑA 488 Rep.Nro.: 0 Piso:  Dpto:, RUFINO CP:;
004728U;NAVILLI WALDO A;Res. 159/2026 - Pavimento;COBO.1555;83;1;1;0;0;0;0;81824.23;81824.23;0;81824.23;0;0;0;0;0;0;0;0;0;7722;913;385228;;;A;.BV.ESPAÑA 488 Rep.Nro.: 0 Piso:  Dpto:, RUFINO CP:;
004729U;NAVILLI WALDO A;C.C. Res. 074/2026;COBO.1545;83;4;4;0;0;0;0;40406.75;40406.75;4500.58;44907.33;0;0;0;0;0;0;0;0;0;7722;913;382325;;;A;BV.ESPAÑA 488 Rep.Nro.: 0 Piso:  Dpto:, RUFINO CP:;
004729U;NAVILLI WALDO A;Res. 159/2026 - Pavimento;COBO.1545;83;1;1;0;0;0;0;81824.23;81824.23;0;81824.23;0;0;0;0;0;0;0;0;0;7722;913;385227;;;A;BV.ESPAÑA 488 Rep.Nro.: 0 Piso:  Dpto:, RUFINO CP:;
004730U;NAVILLI/VARA ALBERTO;C.C. Res. 074/2026;COBO.1535;83;4;4;0;0;0;0;40406.75;40406.75;4500.58;44907.33;0;0;0;0;0;0;0;0;0;7872;4368;382313;;;A;COBO.1535 Rep.Nro.: 0 Piso:  Dpto:, 6100RUFINO CP:;
004730U;NAVILLI/VARA ALBERTO;Res. 159/2026 - Pavimento;COBO.1535;83;1;1;0;0;0;0;81824.23;81824.23;0;81824.23;0;0;0;0;0;0;0;0;0;7872;4368;385299;;;A;COBO.1535 Rep.Nro.: 0 Piso:  Dpto:, 6100RUFINO CP:;
004731U;NAVILLI WALDO A;C.C. Res. 074/2026;F.QUIROGA 011;83;4;4;0;0;0;0;132240.29;132240.29;14729.21;146969.5;0;0;0;0;0;0;0;0;0;7722;913;382590;;;A;.BV.ESPAÑA 488 Rep.Nro.: 0 Piso:  Dpto:, RUFINO CP:;
004731U;NAVILLI WALDO A;Res. 159/2026 - Pavimento;F.QUIROGA 011;83;1;1;0;0;0;0;167367.75;167367.75;0;167367.75;0;0;0;0;0;0;0;0;0;7722;913;385296;;;A;.BV.ESPAÑA 488 Rep.Nro.: 0 Piso:  Dpto:, RUFINO CP:;
004732U;NAVILLI WALDO A;C.C. Res. 074/2026;F.QUIROGA 025;83;4;4;0;0;0;0;47753.45;47753.45;5318.88;53072.33;0;0;0;0;0;0;0;0;0;7722;913;382592;;;A;.BV.ESPAÑA 488 Rep.Nro.: 0 Piso:  Dpto:, RUFINO CP:;
004733U;SANCHEZ ROBERTO OSCAR;C.C. Res. 074/2026;F.QUIROGA 035;83;4;4;0;0;0;0;40406.75;40406.75;4500.58;44907.33;0;0;0;0;0;0;0;0;0;15426;14991;382612;;;A;POSADAS 153 Rep.Nro.: 0 Piso:  Dpto:, 6100RUFINO CP:;
004734U;NAVILLI WALDO A;C.C. Res. 074/2026;F.QUIROGA 045;83;4;4;0;0;0;0;40406.75;40406.75;4500.58;44907.33;0;0;0;0;0;0;0;0;0;7722;913;382614;;;A;BV.ESPAÑA 488 Rep.Nro.: 0 Piso:  Dpto:, RUFINO CP:;
004735U;NAVILLI WALDO A;C.C. Res. 074/2026;F.QUIROGA 055;83;4;4;0;0;0;0;40406.75;40406.75;4500.58;44907.33;0;0;0;0;0;0;0;0;0;7722;913;382616;;;A;BV.ESPAÑA 488 Rep.Nro.: 0 Piso:  Dpto:, RUFINO CP:;
004736U;NAVILLI/SALGHERO SUSANA A;C.C. Res. 074/2026;F.QUIROGA 065;83;4;4;0;0;0;0;40406.75;40406.75;4500.58;44907.33;0;0;0;0;0;0;0;0;0;7854;4373;382617;;;A;A.MARTIN.1145 Rep.Nro.: 0 Piso:  Dpto:, 6100RUFINO CP:;
004737U;NAVILLI WALDO A;C.C. Res. 074/2026;F.QUIROGA 075;83;4;4;0;0;0;0;40406.75;40406.75;4500.58;44907.33;0;0;0;0;0;0;0;0;0;7722;913;382619;;;A;BV.ESPAÑA 488 Rep.Nro.: 0 Piso:  Dpto:, RUFINO CP:;
004738U;ARIAZA ARAYA WALTER D;C.C. Res. 074/2026;F.QUIROGA 085;83;4;4;0;0;0;0;47753.45;47753.45;5318.88;53072.33;0;0;0;0;0;0;0;0;0;874;4375;382621;;;A;CHACABUCO 090 Rep.Nro.: 0 Piso:  Dpto:, 6100 RUFINO CP:;
004739U;MADAF JOSE LUIS;C.C. Res. 074/2026;F.QUIROGA 150;54;4;4;0;0;0;0;45916.75;45916.75;5114.3;51031.05;0;0;0;0;0;0;0;0;0;15978;15958;382526;;;A;F.QUIROGA 150 Rep.Nro.: 0 Piso:  Dpto:, 6100 RUFINO CP:;
004740U;GUTIERREZ ANA PAULA;C.C. Res. 074/2026;F.QUIROGA 160;54;4;4;0;0;0;0;45916.75;45916.75;5114.3;51031.05;0;0;0;0;0;0;0;0;0;5380;4377;382528;;;A;CROUZELLIES 346 Rep.Nro.: 0 Piso:  Dpto:, 6100 RUFINO CP:;
004741U;MOISO ENRIQUE A;C.C. Res. 074/2026;F.QUIROGA 170;54;4;4;0;0;0;0;45916.75;45916.75;5114.3;51031.05;0;0;0;0;0;0;0;0;0;6895;4378;382530;;;A;F.QUIROGA 170 Rep.Nro.: 0 Piso:  Dpto:, 6100RUFINO CP:;
004777U;ALVAREZ R/CIVALLERO G;C.C. Ord. 3081/2016;PUEYRREDON 367;3;1;0;0;1;0;0;2886.75;0;0;0;0;0;0;0;0;0;2886.75;0;0;532;4412;166414;;;A;PUEYRREDON 367 Rep.Nro.: 0 Piso:  Dpto:, 6100RUFINO;
004778U;CABAÑEZ HUGO A;C.C. Ord. 3081/2016;PUEYRREDON 341;3;1;0;0;1;0;0;2886.75;0;0;0;0;0;0;0;0;0;2886.75;0;0;2133;4413;166415;;;A;PUEYRREDON 341 Rep.Nro.: 0 Piso:  Dpto:, 6100RUFINO;
004784U;MATIAS CARLOS JOSE;C.C. Ord. 3081/2016;MAGALLANES 326;36;1;0;0;1;0;0;1924.5;0;0;0;0;0;0;0;0;0;1924.5;0;0;6664;10225;168531;;;A;MAGALLANES 326 Rep.Nro.: 0 Piso:  Dpto:, 6100RUFINO;
004785U;GONDOU TEOFILO/GUGGIA N;C.C. Ord. 3081/2016;MAGALLANES 336;36;1;0;0;1;0;0;1924.5;0;0;0;0;0;0;0;0;0;1924.5;0;0;5043;4419;168532;;;A;MAGALLANES 350 Rep.Nro.: 0 Piso:  Dpto:, 6100RUFINO;
004786U;TUTERA EMILIO J;C.C. Ord. 3081/2016;MAGALLANES 346;36;1;0;0;1;0;0;1924.5;0;0;0;0;0;0;0;0;0;1924.5;0;0;10976;4420;168535;;;A;MAGALLANES 350 Rep.Nro.: 0 Piso:  Dpto:, ;
004787U;CROCCO OSVALDO;C.C. Ord. 3081/2016;MAGALLANES 372;36;1;0;0;1;0;0;1924.5;0;0;0;0;0;0;0;0;0;1924.5;0;0;3259;4421;168540;;;A;MAGALLANES 372 Rep.Nro.: 0 Piso:  Dpto:, 6100RUFINO;
004788U;SOSA ROBERTO/PEREYRA M.;C.C. Ord. 3081/2016;MAGALLANES 380;36;1;0;0;1;0;0;1924.5;0;0;0;0;0;0;0;0;0;1924.5;0;0;10518;4422;168542;;;A;MAGALLANES 380 Rep.Nro.: 0 Piso:  Dpto:, 6100RUFINO;
004799U;PERAZZI/ROLDAN;C.C. Ord. 3081/2016;R.ESCALADA 311;4;1;0;0;1;0;0;5773.5;0;0;0;0;0;0;0;0;0;5773.5;0;0;8508;4432;166419;;;A;FERRARI 724 Rep.Nro.: 0 Piso:  Dpto:, 6100RUFINO;
004799U;PERAZZI/ROLDAN;Pavimiento Urbano;R.ESCALADA 311;4;8;8;0;0;0;0;675.2;675.2;5267.89;5943.09;0;0;0;0;0;0;0;0;0;8508;4432;222673;;;A;R.ESCALADA 311 Rep.Nro.: 0 Piso:  Dpto:, 6100-RUFINO;
004800U;DIAZ PAOLA L;C.C. Ord. 3081/2016;PUEYRREDON 346;4;1;0;0;1;0;0;1924.5;0;0;0;0;0;0;0;0;0;1924.5;0;0;3582;4433;166421;;;A;PUEYRREDON 346 Rep.Nro.: 0 Piso:  Dpto:, 6100RUFINO;
004801U;GONZALEZ JUAN C;C.C. Ord. 3081/2016;PUEYRREDON 356;4;1;0;0;1;0;0;1924.5;0;0;0;0;0;0;0;0;0;1924.5;0;0;5143;4434;166422;;;A;PUEYRREDON 356 Rep.Nro.: 0 Piso:  Dpto:, 6100RUFINO;
004802U;CHACON LILIANA EMA;C.C. Ord. 3081/2016;PUEYRREDON 366;4;1;0;0;1;0;0;1924.5;0;0;0;0;0;0;0;0;0;1924.5;0;0;30333;30773;166423;;;A;PUEYRREDON 366 Rep.Nro.: 0 Piso:  Dpto:, 6100RUFINO;
004803U;CALVO MARIA C;C.C. Ord. 3081/2016;BENITO A.BIANCO 381;9;1;0;0;1;0;0;2405.63;0;0;0;0;0;0;0;0;0;2405.63;0;0;2279;4436;168506;;;A;BENITO A.BIANCO 381 Rep.Nro.: 0 Piso:  Dpto:, 6100RUFINO;
004804U;ALVAREZ FREDDY ANTONIO;C.C. Ord. 3081/2016;BENITO A.BIANCO 369;9;1;0;0;1;0;0;1924.5;0;0;0;0;0;0;0;0;0;1924.5;0;0;13258;11993;168507;;;A;BENITO A.BIANCO 369 Rep.Nro.: 0 Piso:  Dpto:, 6100RUFINO;
004805U;GONZALEZ MAXIMINO;C.C. Ord. 3081/2016;BENITO A.BIANCO 355;9;1;0;0;1;0;0;2886.75;0;0;0;0;0;0;0;0;0;2886.75;0;0;5164;4438;168508;;;A;JUJUY 470 Rep.Nro.: 0 Piso:  Dpto:, 6100RUFINO;
004806U;HERNANDEZ HUGO O;C.C. Ord. 3081/2016;BENITO A.BIANCO 345;9;1;0;0;1;0;0;2886.75;0;0;0;0;0;0;0;0;0;2886.75;0;0;5452;4439;168509;;;A;GALAN 734 Rep.Nro.: 0 Piso:  Dpto:, 6100RUFINO;
004807U;CASALI HECTOR;C.C. Ord. 3081/2016;BENITO A.BIANCO 333;9;1;0;0;1;0;0;1539.6;0;0;0;0;0;0;0;0;0;1539.6;0;0;2476;4441;168510;;;A;BENITO A.BIANCO 325 Rep.Nro.: 0 Piso:  Dpto:, 6100RUFINO;
004808U;CASALI HECTOR;C.C. Ord. 3081/2016;BENITO A.BIANCO 325;9;1;0;0;1;0;0;2501.85;0;0;0;0;0;0;0;0;0;2501.85;0;0;2476;4441;168511;;;A;BENITO A.BIANCO 325 Rep.Nro.: 0 Piso:  Dpto:, 6100RUFINO;
004813U;BESSONE JUAN EUSEBIO;C.C. Ord. 3081/2016;1RO DE MAYO 385;14;1;0;1;0;0;0;1924.5;0;0;0;1924.5;0;0;1924.5;0;0;0;0;0;19402;18082;166098;;;A;MAGALLANES 108 Rep.Nro.: 0 Piso:  Dpto:, 6100RUFINO;
004814U;SIERRA JUAN VICTOR;C.C. Ord. 3081/2016;1RO DE MAYO 375;14;1;0;0;1;0;0;1924.5;0;0;0;0;0;0;0;0;0;1924.5;0;0;10255;4447;166037;;;A;1RO DE MAYO 230 Rep.Nro.: 0 Piso:  Dpto:, 6100RUFINO;
004815U;FALCONE CARLOS;C.C. Ord. 3081/2016;1RO DE MAYO 365;14;1;0;0;1;0;0;1924.5;0;0;0;0;0;0;0;0;0;1924.5;0;0;3956;4448;165960;;;A;1RO DE MAYO 365 Rep.Nro.: 0 Piso:  Dpto:, 6100RUFINO;
004816U;GARCIA/STRINGHINI JORGE;C.C. Ord. 3081/2016;1RO DE MAYO 349;14;1;0;0;1;0;0;3849;0;0;0;0;0;0;0;0;0;3849;0;0;4622;4449;165959;;;A;BV.ESPA#A.1050 Rep.Nro.: 0 Piso:  Dpto:, 6100RUFINO;
004817U;RODRIGUEZ ANIBAL ;C.C. Ord. 3081/2016;1RO DE MAYO 331;14;1;0;0;1;0;0;1924.5;0;0;0;0;0;0;0;0;0;1924.5;0;0;9422;4450;165883;;;A;1RO DE MAYO 331 Rep.Nro.: 0 Piso:  Dpto:, 6100RUFINO;
004818U;RODRIGUEZ ANIBAL ;C.C. Ord. 3081/2016;1RO DE MAYO 321;14;1;0;0;1;0;0;1924.5;0;0;0;0;0;0;0;0;0;1924.5;0;0;9422;4450;165837;;;A;1RO DE MAYO 331 Rep.Nro.: 0 Piso:  Dpto:, 6100RUFINO;
004819U;CASTRO REINALDO O;C.C. Ord. 3081/2016;1RO DE MAYO 315;14;1;0;0;1;0;0;1924.5;0;0;0;0;0;0;0;0;0;1924.5;0;0;2579;4452;165776;;;A;1RO DE MAYO 315 Rep.Nro.: 0 Piso:  Dpto:, 6100RUFINO;
004820U;VILLEGAS A;C.C. Ord. 3081/2016;BENITO A.BIANCO 318;14;1;0;0;1;0;0;1924.5;0;0;0;0;0;0;0;0;0;1924.5;0;0;11345;4453;168522;;;A;BENITO A.BIANCO 318 Rep.Nro.: 0 Piso:  Dpto:, 6100RUFINO;
004821U;MORANDI RAUL;C.C. Ord. 3081/2016;BENITO A.BIANCO 348;14;1;0;0;1;0;0;1924.5;0;0;0;0;0;0;0;0;0;1924.5;0;0;7085;4454;168520;;;A;BENITO A.BIANCO 348 Rep.Nro.: 0 Piso:  Dpto:, 6100RUFINO;
004822U;ULLUA LUCAS R;C.C. Ord. 3081/2016;BENITO A.BIANCO 358;14;1;0;0;1;0;0;1924.5;0;0;0;0;0;0;0;0;0;1924.5;0;0;10994;4455;168517;;;A;BENITO A.BIANCO 358 Rep.Nro.: 0 Piso:  Dpto:, 6100RUFINO;
004823U;DALCERO MARIA;C.C. Ord. 3081/2016;BENITO A.BIANCO 378;14;1;0;0;1;0;0;1924.5;0;0;0;0;0;0;0;0;0;1924.5;0;0;16720;16270;168516;;;A;BENITO A.BIANCO 378 Rep.Nro.: 0 Piso:  Dpto:, 6100RUFINO;
004824U;JAIME HONORIO U;C.C. Ord. 3081/2016;BENITO A.BIANCO 386;14;1;0;0;1;0;0;1886.01;0;0;0;0;0;0;0;0;0;1886.01;0;0;5685;4457;168515;;;A;BENITO A.BIANCO 386 Rep.Nro.: 0 Piso:  Dpto:, 6100RUFINO;
004831U;LOPEZ NICOLAS ;C.C. Ord. 3081/2016;1RO DE MAYO 330;17;1;0;0;1;0;0;2116.95;0;0;0;0;0;0;0;0;0;2116.95;0;0;6007;4464;166132;;;A;1RO DE MAYO 330 Rep.Nro.: 0 Piso:  Dpto:, 6100RUFINO;
004832U;JUANEU URBANO;C.C. Ord. 3081/2016;1RO DE MAYO 340;17;1;0;0;1;0;0;2886.75;0;0;0;0;0;0;0;0;0;2886.75;0;0;5714;9530;166133;;;A;1RO DE MAYO 344 Rep.Nro.: 0 Piso:  Dpto:, 6100RUFINO;
004833U;THAMIS JOSE MANUEL;C.C. Ord. 3081/2016;1RO DE MAYO 356;17;1;0;0;1;0;0;2886.75;0;0;0;0;0;0;0;0;0;2886.75;0;0;10797;7998;166135;;;A;MARMOL 323 Rep.Nro.: 0 Piso:  Dpto:, 6100RUFINO;
004853U;ARGAÑARAZ TORINO L ;C.C. Ord. 3081/2016;MAGALLANES 347;37;1;0;0;1;0;0;2886.75;0;0;0;0;0;0;0;0;0;2886.75;0;0;713;4486;168550;;;A;MAGALLANES 357 Rep.Nro.: 0 Piso:  Dpto:, 6100RUFINO;
004854U;CASTRO JESUS ;C.C. Ord. 3081/2016;MAGALLANES 335;37;1;0;0;1;0;0;2886.75;0;0;0;0;0;0;0;0;0;2886.75;0;0;2571;4487;168548;;;A;MAGALLANES 335 Rep.Nro.: 0 Piso:  Dpto:, ;
004855U;FRUSASCO SILVIA B;C.C. Ord. 3081/2016;MAGALLANES 325;37;1;0;0;1;0;0;1924.5;0;0;0;0;0;0;0;0;0;1924.5;0;0;4379;4488;168546;;;A;R.ESCALADA 122 Rep.Nro.: 0 Piso:  Dpto:, 6100RUFINO;
004919U;DI CECCO ROMULO;C.C. Ord. 3081/2016;AMERICA 306;37;1;0;0;1;0;0;4763.14;0;0;0;0;0;0;0;0;0;4763.14;0;0;3539;4551;168544;;;A;AMERICA 306 Rep.Nro.: 0 Piso:  Dpto:, 6100RUFINO;
004923U;ACEVEDO/CANTONI ELISA;C.C. Ord. 3081/2016;DORREGO 091;17;1;0;0;1;0;0;3242.8;0;0;0;0;0;0;0;0;0;3242.8;0;0;141;4555;166139;;;A;DORREGO 091 Rep.Nro.: 0 Piso:  Dpto:, 6100RUFINO;
004924U;JUANEU DIEGO OSVALDO;C.C. Ord. 3081/2016;1RO DE MAYO 305;14;1;0;0;1;0;0;1924.5;0;0;0;0;0;0;0;0;0;1924.5;0;0;5712;4556;165730;;;A;1RO DE MAYO 344 Rep.Nro.: 0 Piso:  Dpto:, 6100RUFINO;
004925U;DUARTE/MOLINA SERGIO;C.C. Ord. 3081/2016;BENITO A.BIANCO 395;14;1;0;0;1;0;0;1924.5;0;0;0;0;0;0;0;0;0;1924.5;0;0;3743;4557;168514;;;A;JUJUY 668 Rep.Nro.: 0 Piso:  Dpto:, 6100RUFINO;
004926U;ARIAS SILVIA BEATRIZ;C.C. Ord. 3081/2016;MAGALLANES 396;36;1;0;0;1;0;0;1924.5;0;0;0;0;0;0;0;0;0;1924.5;0;0;18319;17269;168543;;;A;MAGALLANES 396 Rep.Nro.: 0 Piso:  Dpto:, 6100RUFINO;
004930U;DE MIRO JOSE;Pavimiento Urbano;J.B.JUSTO 715;17A;168;168;0;0;0;0;7919.2;7919.2;75826.71;83745.91;0;0;0;0;0;0;0;0;0;3444;2837;230416;;;A;J.B.JUSTO 715 Rep.Nro.: 0 Piso:  Dpto:, 6100-RUFINO;
004934U;DUTTO/DE BORTOLI MIGUEL;C.C. Ord. 3081/2016;PUEYRREDON 336;4;1;0;0;1;0;0;1924.5;0;0;0;0;0;0;0;0;0;1924.5;0;0;3762;4565;166420;;;A;PUEYRREDON 336 Rep.Nro.: 0 Piso:  Dpto:, 6100RUFINO;
004937U;GIMENEZ JAVIER ANDRES;Pavimento Res. 046/2026;SAAVEDRA 530;6BD;6;0;6;0;0;0;1027969.65;0;0;0;1027969.65;0;14743.38;1042713.03;0;0;0;0;0;4845;7283;379269;;;A;SAAVEDRA 530 Rep.Nro.: 0 Piso:  Dpto:, 6100RUFINO CP:;
004947U;RODRIGUEZ JUAN E;C.C. Ord. 3081/2016;BENITO A.BIANCO 393;9;1;0;0;1;0;0;7216.88;0;0;0;0;0;0;0;0;0;7216.88;0;0;9458;4576;166443;;;A;BENITO A.BIANCO 393 Rep.Nro.: 0 Piso:  Dpto:, 6100RUFINO;
004948U;GARINI/ARGAÑARAZ;C.C. Ord. 3081/2016;PUEYRREDON 398;4;1;0;0;1;0;0;5773.5;0;0;0;0;0;0;0;0;0;5773.5;0;0;4648;4577;166424;;;A;PUEYRREDON 398 Rep.Nro.: 0 Piso:  Dpto:, 6100RUFINO;
004961U;BELLO LUCIO ;C.C. Ord. 3081/2016;BENITO A.BIANCO 356;14;1;0;0;1;0;0;1924.5;0;0;0;0;0;0;0;0;0;1924.5;0;0;1500;4523;168518;;;A;GALAN 536 Rep.Nro.: 0 Piso:  Dpto:, 6100RUFINO;
004966U;OLIVERA/SUAREZ MARIA;C.C. Ord. 3081/2016;1RO DE MAYO 378;17;1;0;0;1;0;0;1732.05;0;0;0;0;0;0;0;0;0;1732.05;0;0;8051;4594;166138;;;A;1RO DE MAYO 378 Rep.Nro.: 0 Piso:  Dpto:, 6100RUFINO;
004967U;ORTIZ RICARDO;C.C. Ord. 3081/2016;1RO DE MAYO 368;17;1;0;0;1;0;0;1772.5;0;0;0;0;0;0;0;0;0;1772.5;0;0;8127;4595;166137;;;A;1RO DE MAYO 368 Rep.Nro.: 0 Piso:  Dpto:, 6100RUFINO;
005020U;RODRIGUEZ RAMON R;Plan 50 ;LORENZETTI 280;26D;12;12;0;0;0;0;16721.77;16721.77;98711.03;115432.8;0;0;0;0;0;0;0;0;0;9473;4637;276564;;CALLE 13-LORENZETTI 200-300;A;LORENZETTI 280 Rep.Nro.: 0 Piso:  Dpto:, 6100RUFINO CP:;
005037U;KUHN GUSTAVO ARIEL;Plan 50 ;GARAY.1035;CHA.3B;1;0;1;0;0;0;10650.9;0;0;0;10650.9;0;0;10650.9;0;0;0;0;0;5755;4654;276100;;calle 07 garay 1000-1100;A;GARAY.1035 Rep.Nro.: 0 Piso:  Dpto:, 6100 RUFINO CP:;
005038U;ANDRICH JORGE MARIO;Plan 50 ;MEUNIER 830;CHA.3B;12;0;12;0;0;0;39880.16;0;0;0;39880.16;0;3999.62;43879.78;0;0;0;0;0;587;5325;276925;;CALLE 07 GARAY 1000-1100;A;MEUNIER 689 Rep.Nro.: 0 Piso:  Dpto:, 6100 RUFINO CP:;
005064U;AGUILERA OSVALDO ENRIQUE;Ord. 3303/22 hormigon armado;INDEPENDENCIA 590;22A;50;0;50;0;0;0;457274.58;0;0;0;426077.34;0;301626.87;727704.21;0;0;0;0;0;13207;13534;324949;;;A;MEUNIER 336 Rep.Nro.: 0 Piso:  Dpto:, 6100RUFINO CP:;
005092U;PONCET/TAIS NELSON;Plan 50 ;GARAY.1045;CHA.3B;36;0;36;0;0;0;24860.54;0;0;0;24860.54;0;34295.32;59155.86;0;0;0;0;0;8878;4705;275811;;CALLE 07 - GARAY 1000 - 1100;A;GARAY.1050 Rep.Nro.: 0 Piso:  Dpto:, 6100RUFINO CP:;
005093U;PONCET/TORRES ALBERTO;Plan 50 ;GARAY.1025;CHA.3B;12;5;7;0;0;0;16910.67;7699.4;44512.64;52212.04;9211.27;0;7121.54;16332.81;0;0;0;0;0;8879;4706;276921;;CALLE 07 GARAY 1000-1100;A;R.BOUSSY.1018 Rep.Nro.: 0 Piso:  Dpto:, 6100RUFINO CP:;
005094U;AGUERO IVANA AYELEN;Plan 50 ;GARAY.1015;CHA.3B;12;8;4;0;0;0;16910.67;11843.69;69475.52;81319.21;5066.98;0;7820.28;12887.26;0;0;0;0;0;32313;32709;276915;;CALLE 07 GARAY 1000 - 1100  ;A;SANTA FE 535 Rep.Nro.: 0 Piso:  Dpto:, 6100 RUFINO CP:;
005118U;SIGNORILE/CORRAL JAVIER;C.C. Res. 074/2026;COBO.1427;55;4;4;0;0;0;0;40406.75;40406.75;4500.58;44907.33;0;0;0;0;0;0;0;0;0;10287;4724;382363;;;A;COBO.1427 Rep.Nro.: 0 Piso:  Dpto:, 6100 RUFINO CP:;
005118U;SIGNORILE/CORRAL JAVIER;Res. 159/2026 - Pavimento;COBO.1427;55;1;1;0;0;0;0;81824.23;81824.23;0;81824.23;0;0;0;0;0;0;0;0;0;10287;4724;385266;;;A;COBO.1427 Rep.Nro.: 0 Piso:  Dpto:, 6100 RUFINO CP:;
005119U;TORTA OSCAR DOMINGO;C.C. Res. 074/2026;COBO.1445;55;4;4;0;0;0;0;40406.75;40406.75;4500.58;44907.33;0;0;0;0;0;0;0;0;0;10931;863;382262;;;A;COBO 522 Rep.Nro.: 0 Piso:  Dpto:, 6100 RUFINO CP:;
005119U;TORTA OSCAR DOMINGO;Res. 159/2026 - Pavimento;COBO.1445;55;1;1;0;0;0;0;81824.23;81824.23;0;81824.23;0;0;0;0;0;0;0;0;0;10931;863;385281;;;A;COBO 522 Rep.Nro.: 0 Piso:  Dpto:, 6100 RUFINO CP:;
005120U;TORTA OSCAR DOMINGO;C.C. Res. 074/2026;COBO.1455;55;4;4;0;0;0;0;40406.75;40406.75;4500.58;44907.33;0;0;0;0;0;0;0;0;0;10931;863;382268;;;A;F.A.GARIN 461 Rep.Nro.: 0 Piso:  Dpto:, 6100 RUFINO CP:;
005120U;TORTA OSCAR DOMINGO;Res. 159/2026 - Pavimento;COBO.1455;55;1;1;0;0;0;0;81824.23;81824.23;0;81824.23;0;0;0;0;0;0;0;0;0;10931;863;385284;;;A;F.A.GARIN 461 Rep.Nro.: 0 Piso:  Dpto:, 6100 RUFINO CP:;
005121U;OLGUIN FERNANDO AUDILIO;C.C. Res. 074/2026;COBO.1465;55;4;0;4;0;0;0;40406.75;0;0;0;40406.75;0;4112.27;44519.02;0;0;0;0;0;8016;4727;382274;;;A;COBO.1465 Rep.Nro.: 0 Piso:  Dpto:, 6100 RUFINO CP:;
005121U;OLGUIN FERNANDO AUDILIO;Res. 159/2026 - Pavimento;COBO.1465;55;1;1;0;0;0;0;81824.23;81824.23;0;81824.23;0;0;0;0;0;0;0;0;0;8016;4727;385286;;;A;COBO.1465 Rep.Nro.: 0 Piso:  Dpto:, 6100 RUFINO CP:;
005122U;CABRERA/ISLA JUAN CARLOS;C.C. Res. 074/2026;COBO.1475;55;4;4;0;0;0;0;40406.75;40406.75;4500.58;44907.33;0;0;0;0;0;0;0;0;0;2216;4728;382290;;;A;COBO.1475 Rep.Nro.: 0 Piso:  Dpto:, 6100RUFINO CP:;
005122U;CABRERA/ISLA JUAN CARLOS;Res. 159/2026 - Pavimento;COBO.1475;55;1;1;0;0;0;0;81824.23;81824.23;0;81824.23;0;0;0;0;0;0;0;0;0;2216;4728;385289;;;A;COBO.1475 Rep.Nro.: 0 Piso:  Dpto:, 6100RUFINO CP:;
005123U;SIGNORILE/VERA HORACIO E;C.C. Res. 074/2026;COBO.1495;55;4;4;0;0;0;0;132240.29;132240.29;14729.21;146969.5;0;0;0;0;0;0;0;0;0;10295;4729;382302;;;A;M.RUFINENSES 026 Rep.Nro.: 0 Piso:  Dpto:, 6100 RUFINO CP:;
005123U;SIGNORILE/VERA HORACIO E;Res. 159/2026 - Pavimento;COBO.1495;55;1;1;0;0;0;0;167367.75;167367.75;0;167367.75;0;0;0;0;0;0;0;0;0;10295;4729;385292;;;A;M.RUFINENSES 026 Rep.Nro.: 0 Piso:  Dpto:, 6100 RUFINO CP:;
005124U;SIGNORILE ERCILIA;C.C. Res. 074/2026;F.QUIROGA 026;55;4;4;0;0;0;0;47753.45;47753.45;5318.88;53072.33;0;0;0;0;0;0;0;0;0;10276;4731;382599;;;A;BV.ESPAÑA 488 Rep.Nro.: 0 Piso:  Dpto:, RUFINO CP:;
005125U;SIGNORILE ERCILIA;C.C. Res. 074/2026;F.QUIROGA 030;55;4;4;0;0;0;0;40406.75;40406.75;4500.58;44907.33;0;0;0;0;0;0;0;0;0;10276;4731;382611;;;A;F.QUIROGA 030 Rep.Nro.: 0 Piso:  Dpto:, 6100RUFINO CP:;
005126U;SIGNORILE ERCILIA;C.C. Res. 074/2026;F.QUIROGA 040;55;4;4;0;0;0;0;40406.75;40406.75;4500.58;44907.33;0;0;0;0;0;0;0;0;0;10276;4731;382613;;;A;BV.ESPAÑA 488 Rep.Nro.: 0 Piso:  Dpto:, 6100RUFINO CP:;
005127U;SIGNORILE/SEGUI ANA B;C.C. Res. 074/2026;F.QUIROGA 050;55;4;4;0;0;0;0;40406.75;40406.75;4500.58;44907.33;0;0;0;0;0;0;0;0;0;10294;4733;382615;;;A;VICTORERO 160 Rep.Nro.: 0 Piso:  Dpto:, 6100RUFINO CP:;
005128U;SIGNORILE ERCILIA;C.C. Res. 074/2026;F.QUIROGA 070;55;4;4;0;0;0;0;40406.75;40406.75;4500.58;44907.33;0;0;0;0;0;0;0;0;0;10276;4731;382618;;;A;BV.ESPAÑA 488 Rep.Nro.: 0 Piso:  Dpto:, 6100RUFINO CP:;
005129U;SIGNORILE/RODRIGUEZ A;C.C. Res. 074/2026;F.QUIROGA 080;55;4;4;0;0;0;0;40406.75;40406.75;4500.58;44907.33;0;0;0;0;0;0;0;0;0;10293;4735;382620;;;A;R.ISRAEL 545 Rep.Nro.: 0 Piso:  Dpto:, 6100RUFINO CP:;
005130U;SIGNORILE/CARRIZO PEDRO;C.C. Res. 074/2026;F.QUIROGA 090;55;4;4;0;0;0;0;47753.45;47753.45;5318.88;53072.33;0;0;0;0;0;0;0;0;0;10284;4736;382622;;;A;TORRES 692 Rep.Nro.: 0 Piso:  Dpto:, 6100RUFINO CP:;
005131U;LIPTAI ELSA GRACIELA;C.C. Res. 074/2026;COBO.1430;56;4;4;0;0;0;0;36733.43;36733.43;4091.44;40824.87;0;0;0;0;0;0;0;0;0;24020;26281;382365;;;A;COBO.1430 Rep.Nro.: 0 Piso:  Dpto:, 6100RUFINO CP:;
005131U;LIPTAI ELSA GRACIELA;Res. 159/2026 - Pavimento;COBO.1430;56;1;1;0;0;0;0;74385.67;74385.67;0;74385.67;0;0;0;0;0;0;0;0;0;24020;26281;385274;;;A;COBO.1430 Rep.Nro.: 0 Piso:  Dpto:, 6100RUFINO CP:;
005132U;LEAL FRANCISCO;C.C. Res. 074/2026;COBO.1440;56;4;4;0;0;0;0;36733.43;36733.43;4091.44;40824.87;0;0;0;0;0;0;0;0;0;5839;4738;382367;;;A;COBO.1440 Rep.Nro.: 0 Piso:  Dpto:, 6100RUFINO CP:;
005132U;LEAL FRANCISCO;Res. 159/2026 - Pavimento;COBO.1440;56;1;1;0;0;0;0;74385.67;74385.67;0;74385.67;0;0;0;0;0;0;0;0;0;5839;4738;385276;;;A;COBO.1440 Rep.Nro.: 0 Piso:  Dpto:, 6100RUFINO CP:;
005133U;FERREYRA FERNANDO DANIEL;C.C. Res. 074/2026;COBO.1444;56;4;4;0;0;0;0;36733.43;36733.43;4091.44;40824.87;0;0;0;0;0;0;0;0;0;23420;35512;382369;;;A;COBO.1444 Rep.Nro.: 0 Piso:  Dpto:, 6100 RUFINO CP:;
005133U;FERREYRA FERNANDO DANIEL;Res. 159/2026 - Pavimento;COBO.1444;56;1;1;0;0;0;0;74385.67;74385.67;0;74385.67;0;0;0;0;0;0;0;0;0;23420;35512;385278;;;A;COBO.1444 Rep.Nro.: 0 Piso:  Dpto:, 6100 RUFINO CP:;
005134U;ALDUNCIN FLORENCIA;C.C. Res. 074/2026;COBO.1460;56;4;0;4;0;0;0;36733.43;0;0;0;36733.43;0;868.98;37602.41;0;0;0;0;0;28656;29253;382271;;;A;COBO.1460 Rep.Nro.: 0 Piso:  Dpto:, 6100 RUFINO CP:;
005134U;ALDUNCIN FLORENCIA;Res. 159/2026 - Pavimento;COBO.1460;56;1;1;0;0;0;0;92982.08;92982.08;0;92982.08;0;0;0;0;0;0;0;0;0;28656;29253;384806;;;A;COBO.1460 Rep.Nro.: 0 Piso:  Dpto:, 6100 RUFINO CP:;
005135U;ARGUELLES GERMAN ;C.C. Res. 074/2026;COBO.1470;56;4;4;0;0;0;0;36733.43;36733.43;4091.44;40824.87;0;0;0;0;0;0;0;0;0;16710;16285;382282;;;A;BV.ESPAÑA 488 Rep.Nro.: 0 Piso:  Dpto:, RUFINO CP:;
005135U;ARGUELLES GERMAN ;Res. 159/2026 - Pavimento;COBO.1470;56;1;1;0;0;0;0;74385.67;74385.67;0;74385.67;0;0;0;0;0;0;0;0;0;16710;16285;385288;;;A;BV.ESPAÑA 488 Rep.Nro.: 0 Piso:  Dpto:, RUFINO CP:;
005136U;CORONEL ROBERTO O ;C.C. Res. 074/2026;COBO.1480;56;4;4;0;0;0;0;36733.43;36733.43;4091.44;40824.87;0;0;0;0;0;0;0;0;0;3158;4742;382294;;;A;LAS HERAS 471 Rep.Nro.: 0 Piso:  Dpto:, 6100 RUFINO CP:;
005136U;CORONEL ROBERTO O ;Res. 159/2026 - Pavimento;COBO.1480;56;1;1;0;0;0;0;74385.67;74385.67;0;74385.67;0;0;0;0;0;0;0;0;0;3158;4742;385290;;;A;LAS HERAS 471 Rep.Nro.: 0 Piso:  Dpto:, 6100 RUFINO CP:;
005137U;PEÑA ENRIQUE;C.C. Res. 074/2026;COBO.1490;56;4;4;0;0;0;0;73466.83;73466.83;8182.9;81649.73;0;0;0;0;0;0;0;0;0;8434;4745;382298;;;A;M.RUFINENSES 026 Rep.Nro.: 0 Piso:  Dpto:, 6100RUFINO CP:;
005137U;PEÑA ENRIQUE;Res. 159/2026 - Pavimento;COBO.1490;56;1;1;0;0;0;0;148771.33;148771.33;0;148771.33;0;0;0;0;0;0;0;0;0;8434;4745;385291;;;A;M.RUFINENSES 026 Rep.Nro.: 0 Piso:  Dpto:, 6100RUFINO CP:;
005138U;ARGUELLES GERMAN ;C.C. Res. 074/2026;M.RUFINENSES 020;56;4;4;0;0;0;0;36733.43;36733.43;4091.44;40824.87;0;0;0;0;0;0;0;0;0;16710;16285;382532;;;A;BV.ESPAÑA 488 Rep.Nro.: 0 Piso:  Dpto:, 6100 RUFINO CP:;
005139U;PEÑA ENRIQUE;C.C. Res. 074/2026;M.RUFINENSES 026;56;4;4;0;0;0;0;36733.43;36733.43;4091.44;40824.87;0;0;0;0;0;0;0;0;0;8434;4745;382535;;;A;M.RUFINENSES 026 Rep.Nro.: 0 Piso:  Dpto:, 6100 RUFINO CP:;
005140U;ARGUELLES GERMAN ;C.C. Res. 074/2026;M.RUFINENSES 040;56;4;4;0;0;0;0;36733.43;36733.43;4091.44;40824.87;0;0;0;0;0;0;0;0;0;16710;16285;382537;;;A;BV.ESPAÑA 488 Rep.Nro.: 0 Piso:  Dpto:, 6100 RUFINO CP:;
005141U;ARGUELLES AMALIO ;C.C. Res. 074/2026;M.RUFINENSES 050;56;4;4;0;0;0;0;36733.43;36733.43;4091.44;40824.87;0;0;0;0;0;0;0;0;0;724;4748;382539;;;A;B.FERREYRA 225 Rep.Nro.: 0 Piso:  Dpto:, 6100 RUFINO CP:;
005142U;ARGUELLES AMALIO ;C.C. Res. 074/2026;M.RUFINENSES 060;56;4;4;0;0;0;0;36733.43;36733.43;4091.44;40824.87;0;0;0;0;0;0;0;0;0;724;4748;382553;;;A;B.FERREYRA 225 Rep.Nro.: 0 Piso:  Dpto:, 6100 RUFINO CP:;
005143U;ROMANO OSCAR A;Plan 50 ;LORENZETTI 395;13;12;0;12;0;0;0;13960.07;0;0;0;13753.08;0;178.06;13931.14;0;206.99;0;0;0;9540;4779;275593;;CALLE 14 - LORENZETTI 300 - 400;A;LORENZETTI 395 Rep.Nro.: 0 Piso:  Dpto:, 6100 RUFINO CP:;
005144U;BARRAZA JUAN C;Plan 50 ;LORENZETTI 385;13;12;12;0;0;0;0;16721.77;16721.77;98711.03;115432.8;0;0;0;0;0;0;0;0;0;1269;4750;276629;;CALLE 14 LORENZETTI 300-400;A;COBO 260 Rep.Nro.: 0 Piso:  Dpto:, 6100RUFINO CP:;
005145U;SOSA IVANA CECILIA;Plan 50 ;LORENZETTI 375;13;12;0;12;0;0;0;13655.04;0;0;0;0;0;0;0;0;13655.04;0;0;0;15521;14455;277153;;CALLE 14 - LORENZETTI 300 - 400;B;URUGUAY 565 Rep.Nro.: 0 Piso:  Dpto:, 6100 RUFINO CP:;
005145U;SOSA IVANA CECILIA;Plan 50 ;LORENZETTI 375;13;1;0;1;0;0;0;11606.75;0;0;0;11606.75;0;0;11606.75;0;0;0;0;0;15521;14455;282352;;CALLE 14 - LORENZETTI 300- 400;A;URUGUAY 565 Rep.Nro.: 0 Piso:  Dpto:, 6100 RUFINO CP:;
005146U;DIAZ VICTOR DANIEL;Plan 50 ;LORENZETTI 365;13;1;0;1;0;0;0;9558.5;0;0;0;9558.5;0;0;9558.5;0;0;0;0;0;3589;4778;274697;;CALLE 14LORENZETTI 300-400;A;LORENZETTI 365 Rep.Nro.: 0 Piso: - Dpto:-, 6100 RUFINO CP:;
005147U;DIAZ MICAELA GISELA;Plan 50 ;LORENZETTI 355;13;36;0;36;0;0;0;34820.28;0;0;0;0;0;0;0;0;34820.28;0;0;0;3579;8583;276621;;CALLE 14 LORENZETTI 300-400;B;LORENZETTI 355 Rep.Nro.: 0 Piso:  Dpto:, 6100 RUFINO CP:;
005147U;DIAZ MICAELA GISELA;Plan 50 ;LORENZETTI 355;13;12;0;12;0;0;0;14213.49;0;0;0;14213.49;0;33075.51;47289;0;0;0;0;0;3579;8583;276627;;CALLE 14 LORENZETTI 300-400;A;LORENZETTI 355 Rep.Nro.: 0 Piso:  Dpto:, 6100 RUFINO CP:;
005148U;ROMANO/FLORIO DARDO;Plan 50 ;LORENZETTI 345;13;36;4;2;0;0;30;24860.54;1760.75;10579.86;12340.61;758.62;0;37.01;795.63;0;0;0;0;22341.17;9567;4769;275255;;CALLE 14 - LORENZETTI 300 - 400;A;LORENZETTI 345 Rep.Nro.: 0 Piso:  Dpto:, 6100RUFINO CP:;
005149U;ROMANO/FLORIO DARDO;Plan 50 ;LORENZETTI 335;13;36;4;2;0;0;30;24860.54;1760.75;10579.86;12340.61;758.62;0;37.01;795.63;0;0;0;0;22341.17;9567;4769;275256;;CALLE 14 - LORENZETTI 300 - 400;A;LORENZETTI 345 Rep.Nro.: 0 Piso:  Dpto:, 6100RUFINO CP:;
005150U;ROMANO/MENDOZA RAIMUNDO;Plan 50 ;LORENZETTI 325;13;12;0;12;0;0;0;16721.77;0;0;0;16721.77;0;42040.98;58762.75;0;0;0;0;0;9574;4756;276605;;CALLE 14 LORENZETTI 300-400;A;R.BOUSSY.1178 Rep.Nro.: 0 Piso:  Dpto:, 6100RUFINO CP:;
005151U;ROMANO/REYNOSO VILMA;Plan 50 ;LORENZETTI 315;13;12;0;12;0;0;0;12682.98;0;0;0;12682.98;0;12656.42;25339.4;0;0;0;0;0;9582;4757;276601;;CALLE 14 LORENZETTI 300-400;A;R.BOUSSY.1178 Rep.Nro.: 0 Piso:  Dpto:, 2700PERGAMINO CP:;
005152U;ROMANO/AZCURRA MIGUEL H;Plan 50 ;LORENZETTI 301;13;12;12;0;0;0;0;16721.77;16721.77;98711.03;115432.8;0;0;0;0;0;0;0;0;0;9561;4758;276598;;CALLE 14 LORENZETTI 300-400;A;LORENZETTI 301 Rep.Nro.: 0 Piso:  Dpto:, 6100 RUFINO CP:;
005152U;ROMANO/AZCURRA MIGUEL H;Adoquinado Barrio el Sol Ord. Nº 3413/2024;LORENZETTI 301;13;20;1;19;0;0;0;496136.68;32088.36;0;32088.36;464048.32;0;99606.97;563655.29;0;0;0;0;0;9561;4758;361517;;;A;LORENZETTI 301 Rep.Nro.: 0 Piso:  Dpto:, 6100 RUFINO CP:;
005153U;ROMANO OSCAR A;Adoquinado Barrio el Sol Ord. Nº 3413/2024;M.ROCA.1130;13;20;2;18;0;0;0;661515.41;43325.66;83.89;43409.55;579115.71;0;135394.91;714510.62;0;0;0;0;0;9540;4779;361518;;;A;FERRARI.1065 Rep.Nro.: 0 Piso:  Dpto:, 6100RUFINO CP:;
005154U;ALAVE DIEGO HERNAN ;Adoquinado Barrio el Sol Ord. Nº 3413/2024;M.ROCA.1136;13;20;20;0;0;0;0;992273.05;992273.05;709900.31;1702173.36;0;0;0;0;0;0;0;0;0;28379;29003;361519;;;A;M.ROCA.1136 Rep.Nro.: 0 Piso:  Dpto:, 6100 RUFINO CP:;
005155U;ANANIA MARCOS ANTONIO;Adoquinado Barrio el Sol Ord. Nº 3413/2024;M.ROCA.1150;13;20;1;19;0;0;0;1323030.82;85568.91;0;85568.91;1237461.91;0;26808.36;1264270.27;0;0;0;0;0;27441;28048;360604;;;A;M.ROCA.1150 Rep.Nro.: 0 Piso:  Dpto:, 6100 RUFINO CP:;
005156U;CORONA OLGA MYRIAM;Adoquinado Barrio el Sol Ord. Nº 3413/2024;M.ROCA.1160;13;20;8;12;0;0;0;1323030.82;607811.45;169086.87;776898.32;715219.37;0;140783.37;856002.74;0;0;0;0;0;43106;44368;361521;;;A;MEUNIER 066 Rep.Nro.: 0 Piso:  Dpto:, 6100 RUFINO CP:;
005157U;REINOSO CARLOS T;Adoquinado Barrio el Sol Ord. Nº 3413/2024;M.ROCA.1170;13;20;0;20;0;0;0;806500;0;0;0;725850;0;0;725850;0;0;0;0;0;9201;4763;360983;;;A;M.ROCA.1165 Rep.Nro.: 0 Piso:  Dpto:, 6100 RUFINO CP:;
005158U;ROMANO/GONZALEZ JOSE O;Adoquinado Barrio el Sol Ord. Nº 3413/2024;M.ROCA.1180;13;20;0;20;0;0;0;602039.44;0;0;0;602039.44;0;2994.59;605034.03;0;0;0;0;0;9572;4764;361522;;;A;M.ROCA.1180 Rep.Nro.: 0 Piso:  Dpto:, 6100RUFINO CP:;
005159U;CARILAF OSCAR D;Adoquinado Barrio el Sol Ord. Nº 3413/2024;MANUEL ROCA 1190;13;20;0;20;0;0;0;492124.58;0;0;0;492124.58;0;30753.21;522877.79;0;0;0;0;0;2400;4765;361524;;;A;MANUEL ROCA 1190 Rep.Nro.: 0 Piso:  Dpto:, 6100 RUFINO CP:;
005175U;ABRAHAN ANGELA;Ord. 3303/22 hormigon armado;J.MORAN 228;8;50;11;0;0;0;39;260576.25;91212.02;34550.78;125762.8;0;0;0;0;0;0;0;0;169364.23;18508;22115;324950;;;A;J.MORAN 228 Rep.Nro.: 0 Piso:  Dpto:, 6100 RUFINO CP:;
005176U;ABRAHAN ANGELA;Ord. 3303/22 hormigon armado;J.MORAN 218;8;50;11;0;0;0;39;130289.62;45606.43;17275.56;62881.99;0;0;0;0;0;0;0;0;84683.19;18508;22115;324951;;;A;J.MORAN 228 Rep.Nro.: 0 Piso:  Dpto:, 6100 RUFINO CP:;
005177U;BENEITO NESTOR HUGO;Adoquinado Barrio el Sol Ord. Nº 3413/2024;M.ROCA.1250;23;20;0;20;0;0;0;7276388.8;0;0;0;0;0;0;0;0;7276388.8;0;0;0;28983;29527;361525;;;B;IRIGOYEN.1186 Rep.Nro.: 0 Piso:  Dpto:, 6100RUFINO CP:;
005177U;BENEITO NESTOR HUGO;Adoquinado Barrio el Sol Ord. Nº 3413/2024;M.ROCA.1250;23;20;0;20;0;0;0;8241689.23;0;0;0;8149882.73;0;24531.04;8174413.77;0;91806.5;0;0;0;28983;29527;361579;;;A;IRIGOYEN.1186 Rep.Nro.: 0 Piso:  Dpto:, 6100RUFINO CP:;
005195U;MARTINENCO PEDRO LUIS;Adoquinado Barrio el Sol Ord. Nº 3413/2024;CENTENARIO.1135;15;20;5;15;0;0;0;751176.78;224507.05;35779.35;260286.4;526669.73;0;148438.51;675108.24;0;0;0;0;0;26286;27618;361526;;;A;LORENZETTI 183 Rep.Nro.: 0 Piso:  Dpto:, 6100RUFINO CP:;
005196U;FRANCESETTI DELIA DE;Ord. 3303/22 hormigon armado;J.HERNANDEZ 210;48;50;0;50;0;0;0;260062.15;0;0;0;260062.15;0;294623.1;554685.25;0;0;0;0;0;4278;15234;324952;;;A;BV.BELGRANO 221 Rep.Nro.: 0 Piso:  Dpto:, 6100RUFINO CP:;
005197U;MITTINO JORGE OMAR;Ord. 3303/22 hormigon armado;J.HERNANDEZ 220;48;50;0;50;0;0;0;254320.93;0;0;0;254320.93;0;242951.39;497272.32;0;0;0;0;0;6885;4802;324953;;;A;SAN JUAN 830 Rep.Nro.: 0 Piso:  Dpto:, 6100RUFINO CP:;
005198U;MANSILLA ALICIA N;Ord. 3303/22 hormigon armado;J.HERNANDEZ 230;48;50;3;47;0;0;0;260228.61;25230.39;8347.08;33577.47;234998.24;4109.26;40335.94;279443.44;0;0;0;0;0;6327;3642;324954;;;A;ALBERDI 556 Rep.Nro.: 0 Piso:  Dpto:, 6100RUFINO CP:;
005199U;BONDA DIEGO HERNAN;Ord. 3303/22 hormigon armado;J.HERNANDEZ 240;48;50;0;50;0;0;0;328042.53;0;0;0;328042.53;0;91935.45;419977.98;0;0;0;0;0;13542;14132;324955;;;A;GALAN 322 Rep.Nro.: 0 Piso:  Dpto:, 6100RUFINO CP:;
005200U;FRANCESETTI DELIA DE;Ord. 3303/22 hormigon armado;J.HERNANDEZ 260;48;50;9;3;0;0;38;260576.25;73168.85;32444.37;105613.22;20531.59;0;0;20531.59;0;0;0;0;166875.81;4278;15234;324956;;;A;P.PERON.1380 Rep.Nro.: 0 Piso:  Dpto:, 6100 RUFINO CP:;
005201U;FRANCESETTI DELIA DE;Ord. 3303/22 hormigon armado;P.PERON.1380;48;50;10;2;0;0;38;781731.56;246958.9;100051.09;347009.99;34143.27;0;0;34143.27;0;0;0;0;500629.39;4278;15234;324957;;;A;P.PERON.1380 Rep.Nro.: 0 Piso:  Dpto:, 6100 RUFINO CP:;
005221U;MARTINI SANDRA G ;Ord. 3303/22 hormigon armado;J.HERNANDEZ 225;58;50;8;42;0;0;0;260576.25;68624.28;18470.82;87095.1;191951.97;0;283325.87;475277.84;0;0;0;0;0;6612;4826;324958;;;A;BV.ESPAÑA.1013 Rep.Nro.: 0 Piso:  Dpto:, 6100 RUFINO CP:;
005222U;FRANCESETTI/FUENTES CARLOS A.;Ord. 3303/22 hormigon armado;J.HERNANDEZ 205;58;50;11;1;0;0;38;521153.63;182424.35;69101.66;251526.01;9536.15;0;0;9536.15;0;0;0;0;329193.13;36225;36753;324959;;;A;J.HERNANDEZ 205 Rep.Nro.: 0 Piso:  Dpto:, 6100 RUFINO CP:;
005330U;BONINO JOSE M;C.C. Dec. 140/2017;SAN LORENZO 045 - INTERNO;14D;1;0;0;1;0;0;1924.5;0;0;0;0;0;0;0;0;0;1924.5;0;0;1907;4923;225198;;;A;SAN LORENZO 045 - INTERNO Rep.Nro.: 0 Piso:  Dpto:, 6100-RUFINO;
005378U;CARGILL SACI;PAVIMENTO CALLE ARENALES;ARENALES 010;10;48;0;48;0;0;0;471015.36;0;0;0;0;0;0;0;0;471015.36;0;0;0;13670;12831;309295;;Pavimento Calle Areanles;B;ARENALES 010 Rep.Nro.: 0 Piso:  Dpto:, 6100RUFINO CP:;
005378U;CARGILL SACI;PAVIMENTO CALLE ARENALES;ARENALES 010;10;48;0;48;0;0;0;195829.44;0;0;0;0;0;0;0;0;195829.44;0;0;0;13670;12831;316149;;;B;ARENALES 010 Rep.Nro.: 0 Piso:  Dpto:, 6100RUFINO CP:;
005378U;CARGILL SACI;PAVIMENTO CALLE ARENALES;ARENALES 010;10;48;0;48;0;0;0;206797.16;0;0;0;206797.16;0;901.85;207699.01;0;0;0;0;0;13670;12831;316152;;;A;ARENALES 010 Rep.Nro.: 0 Piso:  Dpto:, 6100RUFINO CP:;
005386U;CLUB PRO EDUC FISICA MATIENZO;C.C. Ord. 3081/2016;SAAVEDRA 701;11CD;1;0;0;1;0;0;19245;0;0;0;0;0;0;0;0;0;19245;0;0;2940;15235;167793;;;A;.COLON 150 Rep.Nro.: 0 Piso:  Dpto:, 6100RUFINO;
005386U;CLUB PRO EDUC FISICA MATIENZO;Plan 50 ;SAAVEDRA 701;11CD;12;12;0;0;0;0;173494.68;173494.68;1022626.29;1196120.97;0;0;0;0;0;0;0;0;0;2940;15235;277249;;CALLE 49 - F.A.GARIN 600 - 700;A;COLON 150 Rep.Nro.: 0 Piso:  Dpto:, 6100 RUFINO CP:;
005386U;CLUB PRO EDUC FISICA MATIENZO;Plan 50 ;SAAVEDRA 701;11CD;12;0;12;0;0;0;140043.96;0;0;0;0;0;0;0;0;140043.96;0;0;0;2940;15235;277258;;CALLE 50 - F.A.GARIN 700 - 800;B;COLON 150 Rep.Nro.: 0 Piso:  Dpto:, 6100 RUFINO CP:;
005386U;CLUB PRO EDUC FISICA MATIENZO;Plan 50 ;SAAVEDRA 701;11CD;12;12;0;0;0;0;173494.68;173494.68;1022626.29;1196120.97;0;0;0;0;0;0;0;0;0;2940;15235;277590;;CALLE 50 - F.A.GARIN 700 - 800;A;COLON 150 Rep.Nro.: 0 Piso:  Dpto:, 6100 RUFINO CP:;
005386U;CLUB PRO EDUC FISICA MATIENZO;Pavimento Res. 046/2026;SAAVEDRA 701;11CD;6;6;0;0;0;0;4111878.57;4111878.57;800470.09;4912348.66;0;0;0;0;0;0;0;0;0;2940;15235;380006;;;A;COLON 150 Rep.Nro.: 0 Piso:  Dpto:, 6100 RUFINO CP:;
005388U;BARTOLUCCI/CIKES CARINA;Ord. 3303/22 hormigon armado;P.PERON.1410;58;50;11;1;0;0;38;521153.63;182424.35;69101.66;251526.01;4976.85;0;179.17;5156.02;0;0;0;0;333752.43;1346;4982;324960;;;A;CARBALLEIRA 225 Rep.Nro.: 0 Piso:  Dpto:, 6100 RUFINO CP:;
005391U;BARTOLUCCI/CIKES CARINA;Ord. 3303/22 hormigon armado;J.HERNANDEZ 261;58;50;11;1;0;0;38;260576.25;91212.02;34550.78;125762.8;2488.42;0;89.58;2578;0;0;0;0;166875.81;1346;4982;324961;;;A;CARBALLEIRA 225 Rep.Nro.: 0 Piso:  Dpto:, 6100 RUFINO CP:;
005392U;VUILLERMET MARIA INES ;Ord. 3303/22 hormigon armado;J.HERNANDEZ 249;58;24;0;24;0;0;0;201391.66;0;0;0;201391.66;0;7458.3;208849.96;0;0;0;0;0;40624;41500;323058;;;A;SAN JUAN 485 Rep.Nro.: 0 Piso:  Dpto:, 6100 RUFINO CP:;
005393U;MARTINI SANDRA G ;Ord. 3303/22 hormigon armado;J.HERNANDEZ 239;58;50;8;42;0;0;0;390865.9;102936.81;27706.33;130643.14;287929.09;0;424990.65;712919.74;0;0;0;0;0;6612;4826;324962;;;A;BV.ESPAÑA.1013 Rep.Nro.: 0 Piso:  Dpto:, 6100 RUFINO CP:;
005405U;INGELMO ESTELA;Plan 50 ;INDEPENDENCIA 846;21A;36;0;36;0;0;0;25380.11;0;0;0;25380.11;0;288.38;25668.49;0;0;0;0;0;5588;4989;275605;;"CALLE 29 - INDEPENDENCIA 800 - 900
";A;INDEPENDENCIA 846 Rep.Nro.: 0 Piso:  Dpto:, 6100RUFINO CP:;
005405U;INGELMO ESTELA;Plan 50 ;INDEPENDENCIA 846;21A;36;0;36;0;0;0;20304.18;0;0;0;20304.18;0;230.72;20534.9;0;0;0;0;0;5588;4989;275609;;CALLE 41 - SARG.CABRAL 500 - 600;A;INDEPENDENCIA 846 Rep.Nro.: 0 Piso:  Dpto:, 6100RUFINO CP:;
005429U;GABILANES MC DE;C.C. Res. 074/2026;COBO.1275;19;4;4;0;0;0;0;40406.75;40406.75;4500.58;44907.33;0;0;0;0;0;0;0;0;0;4398;5011;382332;;;A;EVA PERON 386 Rep.Nro.: 0 Piso:  Dpto:, 6100RUFINO CP:;
005436U;VITERI OSVALDO NESTOR;PAVIMENTO CALLE SANTA ROSA;SANTA ROSA 429;06C;1;0;1;0;0;0;15284.7;0;0;0;15208.66;0;76.04;15284.7;0;76.04;0;0;0;11372;5018;308270;;PAGO CONTADO 15 + 10%;A;SANTA ROSA 429 Rep.Nro.: 0 Piso:  Dpto:, 6100RUFINO CP:;
005437U;BARROSO JAVIER E;PAVIMENTO CALLE SANTA ROSA;SANTA ROSA 433;06C;12;0;12;0;0;0;20854.85;0;0;0;20854.85;0;3628.8;24483.65;0;0;0;0;0;1334;5019;308524;;;A;SANTA ROSA 433 Rep.Nro.: 0 Piso:  Dpto:, 6100RUFINO CP:;
005445U;TEJEDA FELIX RAUL ;Ord. 3303/22 hormigon armado;INDEPENDENCIA 570;22A;50;11;0;0;0;39;182403.9;63848.53;24185.59;88034.12;0;0;0;0;0;0;0;0;118555.37;10779;5027;324963;;;A;INDEPENDENCIA 570 Rep.Nro.: 0 Piso:  Dpto:, 6100 RUFINO CP:;
005533U;NAVILLI/GOMEZ MARCELO M;PAVIMENTO CALLE SANTA ROSA;SANTA ROSA 565;06D;48;48;0;0;0;0;248987.33;248987.33;519268.51;768255.84;0;0;0;0;0;0;0;0;0;7826;5109;308735;;Pavimento en Calle Santa Rosa 565 - No se presento;A;SAN GERONIMO 445 Rep.Nro.: 0 Piso:  Dpto:, 6100RUFINO CP:;
005534U;GOMEZ RODOLFO RAUL;PAVIMENTO CALLE SANTA ROSA;SANTA ROSA 555;06D;48;32;16;0;0;0;273289.53;253347.37;479166.93;732514.3;19942.16;0;9275.66;29217.82;0;0;0;0;0;7829;5110;308734;;Pavimento en Calle Santa Rosa 565 - No se presento;A;SANTA ROSA 565 Rep.Nro.: 0 Piso:  Dpto:, 6100RUFINO CP:;
005535U;NAVILLI WALDO/URTIAGA;PAVIMENTO CALLE SANTA ROSA;SANTA ROSA 545;06D;48;48;0;0;0;0;273887.77;273887.77;571198.02;845085.79;0;0;0;0;0;0;0;0;0;7791;5111;308733;;"Pavimento en Calle Santa Rosa 545 - No se presento
";A;SANTA ROSA 535 Rep.Nro.: 0 Piso:  Dpto:, 6100RUFINO CP:;
005536U;NAVILLI WALDO/URTIAGA;PAVIMENTO CALLE SANTA ROSA;SANTA ROSA 535;06D;48;48;0;0;0;0;273887.77;273887.77;571198.02;845085.79;0;0;0;0;0;0;0;0;0;7644;5112;308731;;"Pavimento en Calle Santa Rosa 535 - No se presento
";A;SANTA ROSA 535 Rep.Nro.: 0 Piso:  Dpto:, 6100RUFINO CP:;
005537U;NAVILLI/BORDON MIGUEL;PAVIMENTO CALLE SANTA ROSA;SANTA ROSA 525;06D;48;47;1;0;0;0;273842.66;272338.98;564518.09;836857.07;1503.68;0;0;1503.68;0;0;0;0;0;7805;5113;308730;;"Pavimento en Calle Santa Rosa 525 - No se presento
";A;1RO DE MAYO 646 Rep.Nro.: 0 Piso:  Dpto:, 6100RUFINO CP:;
005538U;NAVILLI WALDO A;PAVIMENTO CALLE SANTA ROSA;SANTA ROSA 505;06D;48;48;0;0;0;0;273887.77;273887.77;571198.02;845085.79;0;0;0;0;0;0;0;0;0;7722;913;308729;;"Pavimento en Calle Santa Rosa 505 - No se presento
";A;BV.ESPAÑA 488 Rep.Nro.: 0 Piso:  Dpto:, 6100RUFINO CP:;
005543U;RAMELLO DARIO FABIAN;PAVIMENTO CALLE SANTA ROSA;SANTA ROSA 351 L-10B;35;48;0;48;0;0;0;4290.72;0;0;0;0;0;0;0;0;4290.72;0;0;0;9085;6446;308705;;"Pavimento en Calle Santa Rosa 351 - No se presento
";B;SANTA ROSA 359 Rep.Nro.: 0 Piso:  Dpto:, 6100RUFINO CP:;
005543U;RAMELLO DARIO FABIAN;PAVIMENTO CALLE SANTA ROSA;SANTA ROSA 351 L-10B;35;1;0;1;0;0;0;3647.3;0;0;0;3647.3;0;0;3647.3;0;0;0;0;0;9085;6446;308818;;Pavimento en Calle Santa Rosa 359 ;A;SANTA ROSA 359 Rep.Nro.: 0 Piso:  Dpto:, 6100RUFINO CP:;
005544U;GIORDANA RAQUEL G;PAVIMENTO CALLE SANTA ROSA;SANTA ROSA 351 L-10C;35;12;0;12;0;0;0;25430.16;0;0;0;25430.16;0;1155.1;26585.26;0;0;0;0;0;4870;5116;308590;;;A;SANTA ROSA 355 Rep.Nro.: 0 Piso:  Dpto:, 6100RUFINO CP:;
005555U;MILONE FRANCO GERMAN P;Ord. 3303/22 hormigon armado;CHACABUCO 735;6C;12;0;12;0;0;0;41527.76;0;0;0;41527.76;0;1305.53;42833.29;0;0;0;0;0;4321;5127;321823;;;A;IRIGOYEN 930 Rep.Nro.: 0 Piso:  Dpto:, 6100RUFINO CP:;
005556U;RODRIGUEZ JOSE MARIA;Ord. 3303/22 hormigon armado;SAAVEDRA 459;6C;50;0;50;0;0;0;247402.57;0;0;0;246609.18;4085.34;8417.84;259112.36;0;793.42;0;0;0;9455;8507;324964;;;A;SAAVEDRA 459 Rep.Nro.: 0 Piso:  Dpto:, 6100RUFINO CP:;
005557U;ALANIZ MARCELA A;Ord. 3303/22 hormigon armado;SAAVEDRA 469;6C;50;0;50;0;0;0;134776.48;0;0;0;122992.33;0;1836.6;124828.93;0;0;0;0;0;272;14752;324965;;;A;POSADAS 675 Rep.Nro.: 0 Piso:  Dpto:, 6100RUFINO CP:;
005568U;BOTTINO/VAZQUEZ MARIA G;C.C. Dec. 140/2017;AYACUCHO 045 BIS;14A;1;0;0;1;0;0;8660.25;0;0;0;0;0;0;0;0;0;8660.25;0;0;1957;5137;225186;;;A;AYACUCHO 045 BIS Rep.Nro.: 0 Piso:  Dpto:, 6100-RUFINO;
005568U;BOTTINO/VAZQUEZ MARIA G;Plan 50 ;AYACUCHO 045 BIS;14A;12;0;12;0;0;0;158114.43;0;0;0;158114.43;0;143963.42;302077.85;0;0;0;0;0;1957;5137;277000;;CALLE 12 GARAY 000-100 BIS;A;J.B.JUSTO 558 Rep.Nro.: 0 Piso:  Dpto:, 6100RUFINO CP:;
005568U;BOTTINO/VAZQUEZ MARIA G;Ord. 3303/22 hormigon armado;AYACUCHO 045 BIS;14A;50;1;49;0;0;0;587832.05;21259.33;0;21259.33;566572.67;10119.68;6306.4;582998.75;0;0;0;0;0;1957;5137;324966;;;A;J.B.JUSTO 558 Rep.Nro.: 0 Piso:  Dpto:, 6100RUFINO CP:;
005627U;OLMEDO CARLOS F;C.C. Ord. 3081/2016;POSADAS 455;5C;1;0;0;1;0;0;1924.5;0;0;0;0;0;0;0;0;0;1924.5;0;0;8057;5193;169058;;;A;POSADAS 455 Rep.Nro.: 0 Piso:  Dpto:, 6100RUFINO;
005627U;OLMEDO CARLOS F;Ord. 3303/22 hormigon armado;POSADAS 455;5C;50;10;0;0;0;40;260576.25;83855.65;28753.96;112609.61;0;0;0;0;0;0;0;0;176720.6;8057;5193;324981;;;A;POSADAS 455 Rep.Nro.: 0 Piso:  Dpto:, 6100 RUFINO CP:;
005632U;NAVILLI/ETCHEPARE ROMINA;C.C. Res. 074/2026;IRIGOYEN.1534;83;4;4;0;0;0;0;40406.75;40406.75;4500.58;44907.33;0;0;0;0;0;0;0;0;0;7819;5198;382427;;;A;IRIGOYEN.1518 Rep.Nro.: 0 Piso:  Dpto:, 6100RUFINO CP:;
005633U;PANERO VIVIANA F;C.C. Res. 074/2026;IRIGOYEN.1540;83;4;4;0;0;0;0;40406.75;40406.75;4500.58;44907.33;0;0;0;0;0;0;0;0;0;8274;5199;382430;;;A;IRIGOYEN.1545 Rep.Nro.: 0 Piso:  Dpto:, 6100RUFINO CP:;
005634U;NAVILLI/CARROLL/ROMAN E;C.C. Res. 074/2026;IRIGOYEN.1550;83;4;4;0;0;0;0;40406.75;40406.75;4500.58;44907.33;0;0;0;0;0;0;0;0;0;7809;5200;382432;;;A;IRIGOYEN.1550 Rep.Nro.: 0 Piso:  Dpto:, 6100 RUFINO CP:;
005635U;SALABERRY ABEL  ;C.C. Res. 074/2026;IRIGOYEN.1560;83;4;4;0;0;0;0;40406.75;40406.75;4500.58;44907.33;0;0;0;0;0;0;0;0;0;9831;5201;382434;;;A;IRIGOYEN.1560 Rep.Nro.: 0 Piso:  Dpto:, 6100RUFINO CP:;
005636U;NAVILLI/CABRERA;C.C. Res. 074/2026;IRIGOYEN.1572;83;4;4;0;0;0;0;40406.75;40406.75;4500.58;44907.33;0;0;0;0;0;0;0;0;0;7808;5202;382436;;;A;INDEPENDENCIA 120 Rep.Nro.: 0 Piso:  Dpto:, 6100RUFINO CP:;
005637U;PELAZAS FIORNO JAIME;C.C. Res. 074/2026;IRIGOYEN.1590;83;4;4;0;0;0;0;132240.29;132240.29;14729.21;146969.5;0;0;0;0;0;0;0;0;0;8470;5203;382456;;;A;A.MARTIN 455 Rep.Nro.: 0 Piso:  Dpto:, 6100 RUFINO CP:;
005638U;NAVILLI WALDO A;C.C. Res. 074/2026;S.ORTIZ 031;119;4;4;0;0;0;0;40406.75;40406.75;4500.58;44907.33;0;0;0;0;0;0;0;0;0;7722;913;382653;;;A;P.PERON 781 Rep.Nro.: 0 Piso:  Dpto:, 6100 RUFINO CP:;
005639U;BONETTO LEONARDO GASTON;C.C. Res. 074/2026;S.ORTIZ 047;119;4;4;0;0;0;0;40406.75;40406.75;4500.58;44907.33;0;0;0;0;0;0;0;0;0;1883;5205;382655;;;A;COBO 515 Rep.Nro.: 0 Piso:  Dpto:, 6100 RUFINO CP:;
005640U;LUHACES FLAVIO ARIEL;C.C. Res. 074/2026;S.ORTIZ 049;119;4;4;0;0;0;0;40406.75;40406.75;4500.58;44907.33;0;0;0;0;0;0;0;0;0;6078;4347;382657;;;A;S.ORTIZ 049 Rep.Nro.: 0 Piso:  Dpto:, 6100 RUFINO CP:;
005641U;GONZALEZ FABRICIO ANDRES;C.C. Res. 074/2026;S.ORTIZ 065;119;4;4;0;0;0;0;40406.75;40406.75;4500.58;44907.33;0;0;0;0;0;0;0;0;0;31915;32277;382659;;;A;J.INGENIEROS 355 Rep.Nro.: 0 Piso:  Dpto:, 6100 RUFINO CP:;
005642U;NAVILLI/SCOLARI FERNANDO;C.C. Res. 074/2026;S.ORTIZ 077;119;4;4;0;0;0;0;40406.75;40406.75;4500.58;44907.33;0;0;0;0;0;0;0;0;0;7858;5206;382662;;;A;S.ORTIZ 091 Rep.Nro.: 0 Piso:  Dpto:, 6100RUFINO CP:;
005643U;NAVILLI/SCOLARI FERNANDO;C.C. Res. 074/2026;S.ORTIZ 091;119;4;4;0;0;0;0;147852;147852;16468.07;164320.07;0;0;0;0;0;0;0;0;0;7858;5206;382664;;;A;S.ORTIZ 091 Rep.Nro.: 0 Piso:  Dpto:, 6100 RUFINO CP:;
005644U;NAVILLI/CHIAPPERO IVAN;C.C. Res. 074/2026;IRIGOYEN.1720;119;4;2;2;0;0;0;51426.8;26081.54;1102.52;27184.06;25345.26;0;1216.57;26561.83;0;0;0;0;0;7810;5208;382512;;;A;INDEPENDENCIA 229 Rep.Nro.: 0 Piso:  Dpto:, 6100 RUFINO CP:;
005645U;NAVILLI/CHIAPPERO IVAN;C.C. Res. 074/2026;IRIGOYEN.1730;119;4;2;2;0;0;0;40406.75;20492.63;866.26;21358.89;19914.12;0;955.88;20870;0;0;0;0;0;7810;5208;382515;;;A;INDEPENDENCIA 229 Rep.Nro.: 0 Piso:  Dpto:, 6100 RUFINO CP:;
005646U;NAVILLI WALDO A;C.C. Res. 074/2026;IRIGOYEN.1740;119;4;4;0;0;0;0;40406.75;40406.75;4500.58;44907.33;0;0;0;0;0;0;0;0;0;7722;913;382518;;;A;MEUNIER 382 Rep.Nro.: 0 Piso:  Dpto:, 6100 RUFINO CP:;
005647U;ANDRICH JORGE MARIO;C.C. Res. 074/2026;IRIGOYEN.1780;119;4;4;0;0;0;0;280459.63;280459.63;31238.2;311697.83;0;0;0;0;0;0;0;0;0;587;5325;382522;;;A;MEUNIER 689 Rep.Nro.: 0 Piso:  Dpto:, 6100 RUFINO CP:;
005647U;ANDRICH JORGE MARIO;C.C. Res. 074/2026;IRIGOYEN.1780;119;4;4;0;0;0;0;280459.63;280459.63;31238.2;311697.83;0;0;0;0;0;0;0;0;0;587;5325;382691;;;A;MEUNIER 689 Rep.Nro.: 0 Piso:  Dpto:, 6100 RUFINO CP:;
005648U;SIGNORILE/LUHACES M;C.C. Res. 074/2026;IRIGOYEN.1630;116;4;1;3;0;0;0;40406.75;10535.57;0;10535.57;29871.18;0;3783.68;33654.86;0;0;0;0;0;10291;5212;382464;;;A;IRIGOYEN.1630 Rep.Nro.: 0 Piso:  Dpto:, 6100RUFINO CP:;
005649U;LUHACES HUGO NELSON;C.C. Res. 074/2026;IRIGOYEN.1640;116;4;4;0;0;0;0;40406.75;40406.75;4500.58;44907.33;0;0;0;0;0;0;0;0;0;6085;5225;382474;;;A;SANTA ROSA 115 Rep.Nro.: 0 Piso:  Dpto:, 6100 RUFINO CP:;
005650U;GONZALEZ SEBASTIAN ;C.C. Res. 074/2026;IRIGOYEN.1650;116;4;4;0;0;0;0;40406.75;40406.75;4500.58;44907.33;0;0;0;0;0;0;0;0;0;5196;5214;382482;;;A;IRIGOYEN.1650 Rep.Nro.: 0 Piso:  Dpto:, 6100RUFINO CP:;
005651U;SIGNORILE/FRANCO JORGE;C.C. Res. 074/2026;IRIGOYEN.1660;116;4;1;3;0;0;0;161627.02;42142.27;0;42142.27;119484.75;0;0;119484.75;0;0;0;0;0;10289;5215;381007;;;A;IRIGOYEN.1660 Rep.Nro.: 0 Piso:  Dpto:, 6100RUFINO CP:;
005651U;SIGNORILE/FRANCO JORGE;C.C. Res. 074/2026;IRIGOYEN.1660;116;4;0;4;0;0;0;39828.24;0;0;0;0;0;0;0;0;39828.24;0;0;0;10289;5215;382485;;;B;IRIGOYEN.1660 Rep.Nro.: 0 Piso:  Dpto:, 6100RUFINO CP:;
005652U;GHIBAUDO MARIANO;C.C. Res. 074/2026;IRIGOYEN.1670;116;4;3;1;0;0;0;40406.75;30449.69;2210.46;32660.15;9957.06;0;0;9957.06;0;0;0;0;0;4730;5216;382493;;;A;CHACABUCO 445 Rep.Nro.: 0 Piso:  Dpto:, 6100RUFINO CP:;
005653U;LUHACES HUGO NELSON;C.C. Res. 074/2026;IRIGOYEN.1690;116;4;4;0;0;0;0;130403.63;130403.63;14524.64;144928.27;0;0;0;0;0;0;0;0;0;6085;5225;382502;;;A;S.ORTIZ 096 Rep.Nro.: 0 Piso:  Dpto:, 6100 RUFINO CP:;
005654U;GHIBAUDO NICOLAS ;C.C. Res. 074/2026;S.ORTIZ 080;116;4;3;1;0;0;0;47753.45;35986.01;2612.37;38598.38;11767.44;0;0;11767.44;0;0;0;0;0;17730;16926;382663;;;A;CHACABUCO 445 Rep.Nro.: 0 Piso:  Dpto:, 6100 RUFINO CP:;
005655U;CALCANTE RAUL BERNABE;C.C. Res. 074/2026;S.ORTIZ 076;116;4;1;3;0;0;0;40406.75;10535.57;0;10535.57;29871.18;0;1533.39;31404.57;0;0;0;0;0;41935;43108;382661;;;A;J.B.JUSTO 580 Rep.Nro.: 0 Piso:  Dpto:, 6100 RUFINO CP:;
005656U;CALCANTE RAUL BERNABE;C.C. Res. 074/2026;S.ORTIZ 066;116;4;1;3;0;0;0;40406.75;10535.57;0;10535.57;29871.18;0;1533.39;31404.57;0;0;0;0;0;41935;43108;382660;;;A;J.B.JUSTO 580 Rep.Nro.: 0 Piso:  Dpto:, 6100 RUFINO CP:;
005657U;DERDERIAN JUAN CARLOS ;C.C. Res. 074/2026;S.ORTIZ 050;116;4;1;3;0;0;0;40406.75;10535.57;0;10535.57;29871.18;0;2857.67;32728.85;0;0;0;0;0;3526;5221;382658;;;A;S.ORTIZ 050 Rep.Nro.: 0 Piso:  Dpto:, 6100 RUFINO CP:;
005658U;LUHACES/FROMAN DIEGO;C.C. Res. 074/2026;S.ORTIZ 040;116;4;4;0;0;0;0;40406.75;40406.75;4500.58;44907.33;0;0;0;0;0;0;0;0;0;6092;5222;382654;;;A;COBO 106 Rep.Nro.: 0 Piso:  Dpto:, 6100 RUFINO CP:;
005659U;RIGONAT MARIA SOLEDAD;C.C. Res. 074/2026;S.ORTIZ 030;116;4;4;0;0;0;0;40406.75;40406.75;4500.58;44907.33;0;0;0;0;0;0;0;0;0;24109;25060;382652;;;A;S.ORTIZ 030 Rep.Nro.: 0 Piso:  Dpto:, 6100 RUFINO CP:;
005660U;BORJAS DELICIA LEONOR;C.C. Res. 074/2026;S.ORTIZ 020;116;4;4;0;0;0;0;47753.45;47753.45;5318.88;53072.33;0;0;0;0;0;0;0;0;0;1941;5224;382651;;;A;.AYACUCHO.1053 PISO 11 Rep.Nro.: 0 Piso:  Dpto:, CAPITAL FEDERAL CP:;
005661U;LUHACES HUGO NELSON;C.C. Res. 074/2026;S.ORTIZ 010;116;4;4;0;0;0;0;132240.29;132240.29;14729.21;146969.5;0;0;0;0;0;0;0;0;0;6085;5225;382649;;;A;VICTORERO 495 Rep.Nro.: 0 Piso:  Dpto:, 6100 RUFINO CP:;
005661U;LUHACES HUGO NELSON;Res. 159/2026 - Pavimento;S.ORTIZ 010;116;1;0;1;0;0;0;167367.75;0;0;0;167367.75;0;0;167367.75;0;0;0;0;0;6085;5225;385309;;;A;VICTORERO 495 Rep.Nro.: 0 Piso:  Dpto:, 6100 RUFINO CP:;
005762U;VILLALBA DANIEL G;Ord. 3303/22 hormigon armado;L.DE LA TORRE 110;28AC;50;47;3;0;0;0;201947.27;194152.89;302678.25;496831.14;7794.38;0;677.52;8471.9;0;0;0;0;0;11321;5301;324982;;;A;L.DE LA TORRE 110 Rep.Nro.: 0 Piso:  Dpto:, 6100RUFINO CP:;
005773U;OGNI GLORIA NELIDA;Plan 50 ;POSADAS 635;10C;12;2;10;0;0;0;14746.02;2883.2;16406.85;19290.05;11862.82;0;2941.48;14804.3;0;0;0;0;0;7998;5311;276711;;CALLE 45 - POSADAS 600 - 700;A;URUGUAY 172 Rep.Nro.: 0 Piso:  Dpto:, 6100RUFINO CP:;
005774U;SALVO JULIAN  ;Plan 50 ;POSADAS 645;10C;24;0;24;0;0;0;17486.92;0;0;0;17486.92;0;26671.32;44158.24;0;0;0;0;0;9889;5312;275817;;CALLE 45 - POSADAS 600 - 700;A;ALBERDI 059 Rep.Nro.: 0 Piso:  Dpto:, 6100RUFINO CP:;
005775U;SALVO JULIAN  ;Plan 50 ;POSADAS 655;10C;24;0;24;0;0;0;17486.92;0;0;0;17486.92;0;31009.38;48496.3;0;0;0;0;0;9889;5312;275818;;CALLE 45 - POSADAS 600 - 700;A;ALBERDI 059 Rep.Nro.: 0 Piso:  Dpto:, 6100RUFINO CP:;
005776U;BLANCO JUAN C;Plan 50 ;POSADAS 665;10C;12;0;12;0;0;0;15202.68;0;0;0;15202.68;0;7195.29;22397.97;0;0;0;0;0;1757;5314;276712;;CALLE 45 - POSADAS 600 - 700;A;POSADAS 665 Rep.Nro.: 0 Piso:  Dpto:, 6100 RUFINO CP:;
005777U;MARENCO MAURO EZEQUIEL;Plan 50 ;POSADAS 665;10C;12;0;12;0;0;0;15219.63;0;0;0;15219.63;0;5381;20600.63;0;0;0;0;0;14654;14498;276713;;CALLE 45 - POSADAS 600 - 700;A;POSADAS 675 Rep.Nro.: 0 Piso:  Dpto:, 6100RUFINO CP:;
005780U;MARENCO MAURO EZEQUIEL;Plan 50 ;POSADAS 675;10C;12;0;12;0;0;0;15219.63;0;0;0;15219.63;0;5381;20600.63;0;0;0;0;0;14654;14498;276714;;CALLE 45 - POSADAS 600 - 700;A;POSADAS 675 Rep.Nro.: 0 Piso:  Dpto:, 6100 RUFINO CP:;
005781U;MITTINO DIEGO CAMILO;Plan 50 ;POSADAS 695;10C;1;0;1;0;0;0;8612.21;0;0;0;0;0;0;0;0;8612.21;0;0;0;6884;5318;275994;;CALLE 45-POSADAS 600-700;B;SAN JUAN 830 Rep.Nro.: 0 Piso:  Dpto:, 6100RUFINO CP:;
005781U;MITTINO DIEGO CAMILO;Plan 50 ;POSADAS 695;10C;1;0;1;0;0;0;8602.65;0;0;0;8602.65;0;0;8602.65;0;0;0;0;0;6884;5318;275995;;CALLE 45-POSADAS 600-700;A;SAN JUAN 830 Rep.Nro.: 0 Piso:  Dpto:, 6100RUFINO CP:;
005782U;MITTINO JORGE OMAR;Plan 50 ;SAN LORENZO.1010;10C;1;0;1;0;0;0;19117;0;0;0;0;0;0;0;0;19117;0;0;0;6885;4802;275988;;calle 38 san lorenzo 1000-1100;A;SAN JUAN 830 Rep.Nro.: 0 Piso:  Dpto:, 6100RUFINO CP:;
005782U;MITTINO JORGE OMAR;Plan 50 ;SAN LORENZO.1010;10C;1;0;1;0;0;0;8612.21;0;0;0;0;0;0;0;0;8612.21;0;0;0;6885;4802;275991;;calle 45-POSADAS 600-700;B;SAN JUAN 830 Rep.Nro.: 0 Piso:  Dpto:, 6100RUFINO CP:;
005782U;MITTINO JORGE OMAR;Plan 50 ;SAN LORENZO.1010;10C;2;0;2;0;0;0;38234;0;0;0;19117;0;0;19117;0;19117;0;0;0;6885;4802;275996;;CALLE 38 SAN LORENZO 1000-1100;B;SAN JUAN 830 Rep.Nro.: 0 Piso:  Dpto:, 6100RUFINO CP:;
005782U;MITTINO JORGE OMAR;Plan 50 ;SAN LORENZO.1010;10C;1;0;1;0;0;0;8612.21;0;0;0;8612.21;0;0;8612.21;0;0;0;0;0;6885;4802;275998;;CALLE 45 POSADAS 600-700;A;SAN JUAN 830 Rep.Nro.: 0 Piso:  Dpto:, 6100RUFINO CP:;
005783U;ZANET TEDY;Plan 50 ;SAN LORENZO.1024;10C;36;0;36;0;0;0;21062.15;0;0;0;21062.15;0;21412.53;42474.68;0;0;0;0;0;11503;7431;275447;;CALLE 38 - SAN LORENZO 1000 - 1100;A;MORENO 846 Rep.Nro.: 0 Piso:  Dpto:, 6100 RUFINO CP:;
005784U;GIULIANI NELSON H;Plan 50 ;SAN LORENZO.1036;10C;12;8;4;0;0;0;15219.63;10659.34;62397.15;73056.49;4560.29;0;360.21;4920.5;0;0;0;0;0;4952;1171;276630;;"CALLE 38 - SAN LORENZO 1000 - 1100
";A;EVA PERON 185 Rep.Nro.: 0 Piso:  Dpto:, 6100RUFINO CP:;
005785U;COLOMBA JORGELINA;Plan 50 ;SAN LORENZO.1048;10C;36;0;36;0;0;0;12289.68;0;0;0;0;0;0;0;0;12289.68;0;0;0;3029;5322;275586;;CALLE 38 - SAN LORENZO 1000 - 1100;B;MEUNIER 664 Rep.Nro.: 0 Piso:  Dpto:, 6100RUFINO CP:;
005785U;COLOMBA JORGELINA;Plan 50 ;SAN LORENZO.1048;10C;36;0;36;0;0;0;18515.98;0;0;0;18308.54;0;330.31;18638.85;0;207.44;0;0;0;3029;5322;275696;;CALLE 38 - SAN LORENZO 1000 -1100;A;MEUNIER 664 Rep.Nro.: 0 Piso:  Dpto:, 6100RUFINO CP:;
005786U;COLOMBA JORGELINA;Plan 50 ;SAN LORENZO.1058;10C;36;0;36;0;0;0;12289.68;0;0;0;0;0;0;0;0;12289.68;0;0;0;3029;5322;275587;;CALLE 38 - SAN LORENZO 1000 - 1100;B;MEUNIER 664 Rep.Nro.: 0 Piso:  Dpto:, 6100RUFINO CP:;
005786U;COLOMBA JORGELINA;Plan 50 ;SAN LORENZO.1058;10C;36;0;36;0;0;0;18515.98;0;0;0;18233.6;0;310.71;18544.31;0;282.38;0;0;0;3029;5322;275697;;CALLE 38 - SAN LORENZO 1000 - 1100;A;MEUNIER 664 Rep.Nro.: 0 Piso:  Dpto:, 6100RUFINO CP:;
005787U;ANDRICH JORGE MARIO;Plan 50 ;MEUNIER 696;10C;12;0;12;0;0;0;24223.32;0;0;0;0;0;0;0;0;24223.32;0;0;0;587;5325;276631;;CALLE 38 - SAN LORENZO 1000 - 1100;B;MEUNIER 689 Rep.Nro.: 0 Piso:  Dpto:, 6100RUFINO CP:;
005787U;ANDRICH JORGE MARIO;Plan 50 ;MEUNIER 696;10C;12;0;12;0;0;0;29998.65;0;0;0;29998.65;0;5339.4;35338.05;0;0;0;0;0;587;5325;276716;;CALLE 38 - SAN LORENZO 1000 - 1100;A;MEUNIER 689 Rep.Nro.: 0 Piso:  Dpto:, 6100RUFINO CP:;
005787U;ANDRICH JORGE MARIO;Plan 50 ;MEUNIER 696;10C;12;0;12;0;0;0;12950.94;0;0;0;12950.94;0;2783.8;15734.74;0;0;0;0;0;587;5325;277188;;CALLE 25 - MEUNIER 600 - 700;A;MEUNIER 689 Rep.Nro.: 0 Piso:  Dpto:, 6100RUFINO CP:;
005788U;ANDRICH JORGE MARIO;Plan 50 ;MEUNIER 686;10C;12;0;12;0;0;0;12936.72;0;0;0;12936.72;0;2259.91;15196.63;0;0;0;0;0;587;5325;276715;;CALLE 25 - MEUNIER 600 - 700;A;MEUNIER 689 Rep.Nro.: 0 Piso:  Dpto:, 6100RUFINO CP:;
005790U;CORREA DAVID H;Plan 50 ;MEUNIER 676;10C;1;0;1;0;0;0;4301.33;0;0;0;4301.33;0;0;4301.33;0;0;0;0;0;3178;6871;276067;;calle 25 meunier 600-700;A;COLON 975 Rep.Nro.: 0 Piso:  Dpto:, 6100RUFINO CP:;
005791U;COLOMBA JORGELINA;Plan 50 ;MEUNIER 668;10C;36;0;36;0;0;0;12289.68;0;0;0;0;0;0;0;0;12289.68;0;0;0;3029;5322;275584;;CALLE 25 - MEUNIER 600 - 700;B;MEUNIER 664 Rep.Nro.: 0 Piso:  Dpto:, 6100RUFINO CP:;
005791U;COLOMBA JORGELINA;Plan 50 ;MEUNIER 668;10C;36;0;36;0;0;0;18515.98;0;0;0;18233.6;0;310.71;18544.31;0;282.38;0;0;0;3029;5322;275698;;CALLE 25 - MEUNIER 600 - 700;A;MEUNIER 664 Rep.Nro.: 0 Piso:  Dpto:, 6100RUFINO CP:;
005792U;COLOMBA JORGELINA;Plan 50 ;MEUNIER 658;10C;36;0;36;0;0;0;12289.68;0;0;0;0;0;0;0;0;12289.68;0;0;0;3029;5322;275583;;CALLE 25 - MEUNIER 600 - 700;B;MEUNIER 664 Rep.Nro.: 0 Piso:  Dpto:, 6100RUFINO CP:;
005792U;COLOMBA JORGELINA;Plan 50 ;MEUNIER 658;10C;36;0;36;0;0;0;18515.98;0;0;0;18233.6;0;310.71;18544.31;0;282.38;0;0;0;3029;5322;275700;;CALLE 25 - MEUNIER 600 - 700;A;MEUNIER 664 Rep.Nro.: 0 Piso:  Dpto:, 6100RUFINO CP:;
005793U;DALMAZZO EDGARDO;Plan 50 ;MEUNIER 648;10C;1;0;1;0;0;0;8602.65;0;0;0;8602.65;0;0;8602.65;0;0;0;0;0;29759;30262;275868;;CALLE 25-MEUNIER 600-700;A;R.BOUSSY 473 Rep.Nro.: 0 Piso:  Dpto:, 6100 RUFINO CP:;
005794U;MAJOREL/ANDRICH;Plan 50 ;MEUNIER 642;10C;12;0;12;0;0;0;12503.19;0;0;0;12503.19;0;1442.2;13945.39;0;0;0;0;0;25016;25774;276825;;CALLE 25 - MEUNIER 600 - 700;A;MEUNIER 642 Rep.Nro.: 0 Piso:  Dpto:, 6100RUFINO CP:;
005795U;BAJO LUCIANO OSCAR;Plan 50 ;MEUNIER 632;10C;12;0;12;0;0;0;12605.92;0;0;0;12605.92;0;1859.23;14465.15;0;0;0;0;0;1097;14708;275282;;CALLE 25 - MEUNIER 600 - 700;A;COBO.1030 Rep.Nro.: 0 Piso:  Dpto:, 6100 RUFINO CP:;
005796U;BAJO LUCIANO OSCAR;Plan 50 ;MEUNIER 622;10C;12;0;12;0;0;0;12605.92;0;0;0;12605.92;0;1859.23;14465.15;0;0;0;0;0;1097;14708;275283;;CALLE 25 - MEUNIER 600 - 700;A;COBO.1030 Rep.Nro.: 0 Piso:  Dpto:, 6100 RUFINO CP:;
005797U;FERRERO CLAUDIA E;Plan 50 ;MEUNIER 614;10C;12;0;6;0;0;6;15000.47;0;0;0;6583.1;0;125.55;6708.65;0;0;0;0;8417.37;4123;5332;276820;;CALLE 25 - MEUNIER 600 - 700;A;AYACUCHO.1402 Rep.Nro.: 0 Piso:  Dpto:, 6100RUFINO CP:;
005798U;ZUBELZU JUAN JOSE;Plan 50 ;MEUNIER 602;10C;1;0;1;0;0;0;0;0;0;0;0;0;0;0;0;0;0;0;0;11611;14764;275247;;CONTADO DEBITO 22%;B;MEUNIER 251 Rep.Nro.: 0 Piso:  Dpto:, 6100 RUFINO CP:;
005798U;ZUBELZU JUAN JOSE;Plan 50 ;MEUNIER 602;10C;1;0;1;0;0;0;33827.54;0;0;0;33827.54;0;0;33827.54;0;0;0;0;0;11611;14764;275338;;CALLE 25 - CALLE 37 CONT. DESC. 30%;A;MEUNIER 251 Rep.Nro.: 0 Piso:  Dpto:, 6100 RUFINO CP:;
005798U;ZUBELZU JUAN JOSE;Pavimento Res. 046/2026;MEUNIER 602;10C;6;6;0;0;0;0;1044005.97;1044005.97;203239.36;1247245.33;0;0;0;0;0;0;0;0;0;11611;14764;380078;;;A;MEUNIER 251 Rep.Nro.: 0 Piso:  Dpto:, 6100 RUFINO CP:;
005799U;OLGUIN ALEJANDRO JESUS;Plan 50 ;AYACUCHO.1035;10C;1;0;1;0;0;0;7742.35;0;0;0;7742.35;0;0;7742.35;0;0;0;0;0;8010;121;275625;;CALLE 37-AYACUCHO 1000-1100;A;CENTENARIO 154 Rep.Nro.: 0 Piso:  Dpto:, 6100RUFINO CP:;
005799U;OLGUIN ALEJANDRO JESUS;Pavimento Res. 046/2026;AYACUCHO.1035;10C;6;1;5;0;0;0;333062.16;56114.33;0;56114.33;276947.83;0;28661.13;305608.96;0;0;0;0;0;8010;121;380075;;;A;CENTENARIO 154 Rep.Nro.: 0 Piso:  Dpto:, 6100RUFINO CP:;
005800U;SOC CIVIL/VEGA GRISELDA;Plan 50 ;M.ROCA.1107;14A;12;0;12;0;0;0;24374.16;0;0;0;0;0;0;0;0;24374.16;0;0;0;10379;5334;275661;;CALLE 13 - LORENZETTI 200 - 300;B;M.ROCA.1107 Rep.Nro.: 0 Piso:  Dpto:, 6100RUFINO CP:;
005800U;SOC CIVIL/VEGA GRISELDA;Plan 50 ;M.ROCA.1107;14A;12;0;12;0;0;0;14658.11;0;0;0;13566.81;0;130.32;13697.13;0;1091.3;0;0;0;10379;5334;277365;;CALLE 13 - LORENZETTI 200 - 300;A;M.ROCA.1107 Rep.Nro.: 0 Piso:  Dpto:, 6100RUFINO CP:;
005800U;SOC CIVIL/VEGA GRISELDA;Adoquinado Barrio el Sol Ord. Nº 3413/2024;M.ROCA.1107;14A;20;1;19;0;0;0;181712.82;11791.4;0;11791.4;169921.42;10159.25;5589.27;185669.94;0;0;0;0;0;10379;5334;361496;;;A;M.ROCA.1107 Rep.Nro.: 0 Piso:  Dpto:, 6100RUFINO CP:;
005801U;SOC CIVIL/CARDOSO OSVALDO;Plan 50 ;LORENZETTI 265;14A;1;0;1;0;0;0;5975;0;0;0;5975;0;0;5975;0;0;0;0;0;10361;5335;275631;;Calle 13- lorenzetti-200-300;A;LORENZETTI 265 Rep.Nro.: 0 Piso:  Dpto:, 6100RUFINO CP:;
005802U;SOCIEDAD CIVIL BARRIO SOL;Plan 50 ;LORENZETTI 255;14A;12;0;12;0;0;0;14508.48;0;0;0;0;0;0;0;0;14508.48;0;0;0;10423;5336;276571;;CALLE 13 LORENZETTI 200-300;B;B.FERREYRA 215 Rep.Nro.: 0 Piso:  Dpto:, 6100RUFINO CP:;
005802U;SOCIEDAD CIVIL BARRIO SOL;Plan 50 ;LORENZETTI 255;14A;12;0;12;0;0;0;7254.24;0;0;0;0;0;0;0;0;7254.24;0;0;0;10423;5336;277347;;CALLE 13 - LORENZETTI 200 - 300;B;B.FERREYRA 215 Rep.Nro.: 0 Piso:  Dpto:, 6100RUFINO CP:;
005802U;SOCIEDAD CIVIL BARRIO SOL;Plan 50 ;LORENZETTI 255;14A;60;0;60;0;0;0;36636.79;0;0;0;36828.49;0;6521.64;43350.13;0;62.79;0;0;0;10423;5336;277374;;CALLE 13 - LORENZETTI 200 - 300;A;B.FERREYRA 215 Rep.Nro.: 0 Piso:  Dpto:, 6100RUFINO CP:;
005803U;SOCIEDAD CIVIL BARRIO SOL;Plan 50 ;LORENZETTI 245;14A;12;0;12;0;0;0;14508.48;0;0;0;0;0;0;0;0;14508.48;0;0;0;10422;5337;276566;;CALLE13 LORENZETTI 200-300;B;B.FERREYRA 215 Rep.Nro.: 0 Piso:  Dpto:, 6100RUFINO CP:;
005803U;SOCIEDAD CIVIL BARRIO SOL;Plan 50 ;LORENZETTI 245;14A;12;0;12;0;0;0;8682.75;0;0;0;8682.75;0;220.53;8903.28;0;0;0;0;0;10422;5337;277348;;CALLE 13 - LORENZETTI 200 - 300;A;B.FERREYRA 215 Rep.Nro.: 0 Piso:  Dpto:, 6100RUFINO CP:;
005804U;SOC CIVIL/CROCCO DIEGO;Plan 50 ;LORENZETTI 235;14A;1;0;1;0;0;0;4301.32;0;0;0;4301.32;0;0;4301.32;0;0;0;0;0;10364;5338;275718;;CALLE 13 - LERENZETTI 200 - 300;A;LORENZETTI 235 Rep.Nro.: 0 Piso:  Dpto:, 6100RUFINO CP:;
005805U;SOC CIVIL/PONCE CLAUDIA;Plan 50 ;LORENZETTI 225;14A;24;0;24;0;0;0;5803.44;0;0;0;0;0;0;0;0;5803.44;0;0;0;10372;5339;275663;;CALLE 13 - LORENZETTI 200 - 300;B;CENTENARIO.1114 Rep.Nro.: 0 Piso:  Dpto:, 6100RUFINO CP:;
005805U;SOC CIVIL/PONCE CLAUDIA;Plan 50 ;LORENZETTI 225;14A;24;0;24;0;0;0;4076.98;0;0;0;4076.98;0;2900.07;6977.05;0;0;0;0;0;10372;5339;277350;;CALLE 13 - LORENZETTI 200 - 300;A;CENTENARIO.1114 Rep.Nro.: 0 Piso:  Dpto:, 6100RUFINO CP:;
005805U;SOC CIVIL/PONCE CLAUDIA;Adoquinado Barrio el Sol Ord. Nº 3413/2024;LORENZETTI 225;14A;20;3;17;0;0;0;786136.12;137048.85;39533.65;176582.5;649087.27;0;35723.56;684810.83;0;0;0;0;0;10372;5339;361501;;;A;CENTENARIO.1114 Rep.Nro.: 0 Piso:  Dpto:, 6100RUFINO CP:;
005806U;CHIAMBRETTO MIGUEL AURELIO;Plan 50 ;LORENZETTI 215;14A;1;0;1;0;0;0;19117;0;0;0;19117;0;0;19117;0;0;0;0;0;28160;28942;275011;;calle 13- lorenzetti 200-300;A;CENTENARIO.1108 Rep.Nro.: 0 Piso: - Dpto:-, 6100RUFINO CP:-;
005806U;CHIAMBRETTO DAIANA AIDA;Adoquinado Barrio el Sol Ord. Nº 3413/2024;LORENZETTI 215;14A;20;0;20;0;0;0;154439.12;0;0;0;154439.07;31334.35;726.91;186500.33;0;0;0;0;0;34220;34694;361500;;;A;CENTENARIO.1108 Rep.Nro.: 0 Piso:  Dpto:, 6100 RUFINO CP:;
005807U;SOC CIVIL/RIVEROS S;Adoquinado Barrio el Sol Ord. Nº 3413/2024;CENTENARIO.1124;14A;20;0;20;0;0;0;721360.73;0;0;0;721360.73;40583.13;9231.39;771175.25;0;0;0;0;0;10375;15399;361502;;;A;GALAN 115 Rep.Nro.: 0 Piso:  Dpto:, 6100RUFINO CP:;
005808U;SOC CIVIL/TROVERO HERALDO;Adoquinado Barrio el Sol Ord. Nº 3413/2024;CENTENARIO.1134;14A;20;1;19;0;0;0;785216.17;50952.91;0;50952.91;734263.26;0;33070.58;767333.84;0;0;0;0;0;10378;5341;360317;;;A;CENTENARIO.1134 Rep.Nro.: 0 Piso:  Dpto:, 6100RUFINO CP:;
005809U;SOCIEDAD CIVIL BARRIO SOL;Adoquinado Barrio el Sol Ord. Nº 3413/2024;PASAJE EL SOL 230;14A;20;12;8;0;0;0;984323.45;649692.92;280626.39;930319.31;334630.53;0;6011.52;340642.05;0;0;0;0;0;10404;5342;361509;;;A;B.FERREYRA 215 Rep.Nro.: 0 Piso:  Dpto:, 6100RUFINO CP:;
005810U;MARSEU WALTER JAVIER Y OT.;Adoquinado Barrio el Sol Ord. Nº 3413/2024;PASAJE EL SOL 240;4A;20;11;9;0;0;0;987578.33;602511.62;233822.54;836334.16;385066.71;0;109578.26;494644.97;0;0;0;0;0;29725;30231;361508;;;A;B.FERREYRA 215 Rep.Nro.: 0 Piso:  Dpto:, 6100RUFINO CP:;
005811U;CALABRIN MARCOS ANTONIO;Adoquinado Barrio el Sol Ord. Nº 3413/2024;PASAJE EL SOL 250;14A;1;0;1;0;0;0;1444831.5;0;0;0;1300348.35;0;0;1300348.35;0;0;0;0;0;20250;18855;360067;;;A;PJE EL SOL 250 Rep.Nro.: 0 Piso:  Dpto:, 6100 RUFINO CP:;
005812U;DE SANTILLAN ELSA SUSANA NIEVAS;Adoquinado Barrio el Sol Ord. Nº 3413/2024;PASAJE EL SOL 260;14A;1;0;1;0;0;0;1444831.5;0;0;0;1300348.35;0;0;1300348.35;0;0;0;0;0;10371;14765;360244;;;A;PASAJE EL SOL 260 Rep.Nro.: 0 Piso:  Dpto:, 6100 RUFINO CP:;
005813U;OLGUIN ALEJANDRO JESUS;Plan 50 ;AYACUCHO.1025;10C;1;0;1;0;0;0;7742.35;0;0;0;7742.35;0;0;7742.35;0;0;0;0;0;8010;121;275623;;CALLE 37- AYACUCHO 1000-1100;A;CENTENARIO 154 Rep.Nro.: 0 Piso:  Dpto:, 6100RUFINO CP:;
005813U;OLGUIN ALEJANDRO JESUS;Pavimento Res. 046/2026;AYACUCHO.1025;10C;6;1;5;0;0;0;333062.16;56114.33;0;56114.33;276947.83;0;28661.13;305608.96;0;0;0;0;0;8010;121;380074;;;A;CENTENARIO 154 Rep.Nro.: 0 Piso:  Dpto:, 6100RUFINO CP:;
005817U;COMELLAS MARTA DORA;Adoquinado Barrio el Sol Ord. Nº 3413/2024;M.ROCA.1135;14A;20;0;20;0;0;0;801855.15;0;0;0;801855.15;0;0;801855.15;0;0;0;0;0;27721;28277;360068;;;A;M.ROCA.1135 Rep.Nro.: 0 Piso:  Dpto:, 6100RUFINO CP:;
005818U;SALIGARI MARCELO FABIO ;Adoquinado Barrio el Sol Ord. Nº 3413/2024;M.ROCA.1125;14A;20;8;12;0;0;0;868239.03;387395.54;140090.63;527486.17;480843.49;0;336909.26;817752.75;0;0;0;0;0;10376;5348;360225;;;A;M.ROCA.1129 Rep.Nro.: 0 Piso:  Dpto:, 6100 RUFINO CP:;
005819U;SOC CIVIL/CARREÑO LUCIO;Plan 50 ;M.ROCA.1113;14A;1;0;1;0;0;0;5462;0;0;0;0;0;0;0;0;5462;0;0;0;10362;5349;276446;;CALLE 13 - LORENZETTI 200 - 300;A;M.ROCA.1113 Rep.Nro.: 0 Piso:  Dpto:, 6100RUFINO CP:;
005819U;SOC CIVIL/CARREÑO LUCIO;Adoquinado Barrio el Sol Ord. Nº 3413/2024;M.ROCA.1113;14A;1;0;1;0;0;0;1270237.5;0;0;0;1143213.75;0;0;1143213.75;0;0;0;0;0;10362;5349;360327;;;A;M.ROCA.1113 Rep.Nro.: 0 Piso:  Dpto:, 6100RUFINO CP:;
005820U;SOC CIVIL/REINOSO CARLOS;Adoquinado Barrio el Sol Ord. Nº 3413/2024;M.ROCA.1165;14B;20;0;20;0;0;0;653887.2;0;0;0;588498.4;0;0;588498.4;0;0;0;0;0;10374;5350;361028;;;A;M.ROCA.1165 Rep.Nro.: 0 Piso:  Dpto:, 6100RUFINO CP:;
005821U;LUCERO BRIAN GASTON;Adoquinado Barrio el Sol Ord. Nº 3413/2024;PASAJE EL SOL 265;14B;20;1;19;0;0;0;984323.45;63873.05;0;63873.05;920450.4;0;7168.92;927619.32;0;0;0;0;0;42209;43402;360252;;;A;PASAJE EL SOL 265 Rep.Nro.: 0 Piso:  Dpto:, 6100 RUFINO CP:;
005822U;BARUFFATO GUSTAVO DANIEL;Adoquinado Barrio el Sol Ord. Nº 3413/2024;PASAJE EL SOL 255;14B;20;1;19;0;0;0;984323.45;63873.05;0;63873.05;920450.4;0;10320.57;930770.97;0;0;0;0;0;13421;13814;361511;;;A;CATAMARCA 322 Rep.Nro.: 0 Piso:  Dpto:, 6100 RUFINO CP:;
005823U;MERCADO SERGIO OMAR R.;Adoquinado Barrio el Sol Ord. Nº 3413/2024;PASAJE EL SOL 249;14B;20;0;20;0;0;0;984323.45;0;0;0;984323.45;0;10610.82;994934.27;0;0;0;0;0;34583;35045;360112;;;A;PASAJE EL SOL 245 Rep.Nro.: 0 Piso:  Dpto:, 6100 RUFINO CP:;
005824U;VARGAS SANDRA MARISA;Adoquinado Barrio el Sol Ord. Nº 3413/2024;PASAJE EL SOL 235;14B;20;1;19;0;0;0;984323.45;63873.05;0;63873.05;920450.4;0;7543.89;927994.29;0;0;0;0;0;19342;17981;360350;;;A;PASAJE EL SOL 235 Rep.Nro.: 0 Piso:  Dpto:, 6100 RUFINO CP:;
005825U;BAEZ OMAR EDGARDO;Adoquinado Barrio el Sol Ord. Nº 3413/2024;CENTENARIO.1174;14B;1;0;1;0;0;0;1385096.79;0;0;0;1246587.11;0;0;1246587.11;0;0;0;0;0;1054;2063;360477;;;A;CENTENARIO.1172 Rep.Nro.: 0 Piso:  Dpto:, 6100 RUFINO CP:;
005826U;BUSTAMANTE ALBERTO;Adoquinado Barrio el Sol Ord. Nº 3413/2024;CENTENARIO.1164;14B;20;1;19;0;0;0;785216.17;50952.91;0;50952.91;734263.26;0;37830.83;772094.09;0;0;0;0;0;24715;25593;360180;;;A;CENTENARIO.1166 Rep.Nro.: 0 Piso:  Dpto:, 6100RUFINO CP:;
005827U;SOCIEDAD CIVIL BARRIO SOL;Adoquinado Barrio el Sol Ord. Nº 3413/2024;CENTENARIO.1186;14B;20;1;19;0;0;0;922043.44;59831.68;0;59831.68;862211.76;0;0;862211.76;0;0;0;0;0;10415;5357;361503;;;A;MEUNIER 089 Rep.Nro.: 0 Piso:  Dpto:, 6100RUFINO CP:;
005828U;MARTIREN DAVID;Adoquinado Barrio el Sol Ord. Nº 3413/2024;CENTENARIO 1192;14B;20;0;20;0;0;0;700224.48;0;0;0;658713.88;0;6672.8;665386.68;0;41510.6;0;0;0;22644;23518;360884;;;A;CENTENARIO 1192 Rep.Nro.: 0 Piso:  Dpto:, 6100RUFINO CP:;
005829U;SOCIEDAD CIVIL BARRIO SOL;Adoquinado Barrio el Sol Ord. Nº 3413/2024;ENTRE RIOS 230;14B;20;20;0;0;0;0;852228.94;852228.94;609708.74;1461937.68;0;0;0;0;0;0;0;0;0;10417;5358;361513;;;A;B.FERREYRA 215 Rep.Nro.: 0 Piso:  Dpto:, 6100 RUFINO CP:;
005830U;SOCIEDAD CIVIL BARRIO SOL;Adoquinado Barrio el Sol Ord. Nº 3413/2024;ENTRE RIOS 240;14B;12;0;12;0;0;0;1373696.86;0;0;0;1373696.86;0;46380.79;1420077.65;0;0;0;0;0;10418;5359;360286;;;A;B.FERREYRA 215 Rep.Nro.: 0 Piso:  Dpto:, 6100RUFINO CP:;
005831U;RIVAROLA ALEJANDRO ERNESTO A.;Adoquinado Barrio el Sol Ord. Nº 3413/2024;ENTRE RIOS 250;14B;20;0;20;0;0;0;849420.14;0;0;0;794453.88;47489.64;2649.11;844592.63;0;54966.26;0;0;0;40405;41265;361512;;;A;ENTRE RIOS 250 Rep.Nro.: 0 Piso:  Dpto:, 6100 RUFINO CP:;
005832U;SOC CIVIL/ARREBILLAGA M.;Adoquinado Barrio el Sol Ord. Nº 3413/2024;ENTRE RIOS 260;14B;20;1;19;0;0;0;849420.14;55119.13;0;55119.13;794301.01;0;4593.26;798894.27;0;0;0;0;0;10359;5361;360758;;;A;ENTRE RIOS 266 Rep.Nro.: 0 Piso:  Dpto:, 6100RUFINO CP:;
005835U;CENTRO DE EMPLEADOS DE COMERCIO;Plan 50 ;LORENZETTI 585;11;12;0;12;0;0;0;14213.49;0;0;0;14213.49;0;2594.08;16807.57;0;0;0;0;0;2123;181;276660;;CALLE 16 LORENZETTI 500-600;A;B.FERREYRA 285 Rep.Nro.: 0 Piso:  Dpto:, 6100RUFINO CP:;
005836U;CENTRO DE EMPLEADOS DE COMERCIO;Plan 50 ;LORENZETTI 575;11;12;0;12;0;0;0;14213.49;0;0;0;14213.49;0;2594.08;16807.57;0;0;0;0;0;2123;181;276655;;CALLE 16 LORENZETTI 500-600;A;B.FERREYRA 285 Rep.Nro.: 0 Piso:  Dpto:, 6100RUFINO CP:;
005837U;SOC CIVIL/FRANCO SILVANA B.;Adoquinado Barrio el Sol Ord. Nº 3413/2024;M.ROCA.1193;14B;20;1;19;0;0;0;716863.46;43071.74;4005.67;47077.41;631788;0;3876.46;635664.46;0;42003.72;0;0;0;10366;14767;360433;;;A;M.ROCA.1193 Rep.Nro.: 0 Piso:  Dpto:, 6100RUFINO CP:;
005838U;SOC CIVIL/LOPEZ ALDO A;Adoquinado Barrio el Sol Ord. Nº 3413/2024;M.ROCA.1187;14B;20;1;19;0;0;0;858237.15;56154.6;0;56154.6;802082.55;0;38774.07;840856.62;0;0;0;0;0;10369;5366;361497;;;A;M.ROCA.1187 Rep.Nro.: 0 Piso:  Dpto:, 6100RUFINO CP:;
005839U;CAMINO WALTER OSVALDO;Adoquinado Barrio el Sol Ord. Nº 3413/2024;M.ROCA.1175;14B;20;19;1;0;0;0;868239.03;832954.65;567001.33;1399955.98;35284.38;0;1058.53;36342.91;0;0;0;0;0;13644;13827;360181;;;A;M.ROCA 1171 Rep.Nro.: 0 Piso:  Dpto:, 6100 RUFINO CP:;
005840U;PEREZ NICOLAS D;Adoquinado Barrio el Sol Ord. Nº 3413/2024;M.ROCA.1207;22A;1;0;1;0;0;0;1052242.64;0;0;0;947018.38;0;0;947018.38;0;0;0;0;0;8613;5368;360885;;;A;M.ROCA.1207 Rep.Nro.: 0 Piso:  Dpto:, 6100RUFINO CP:;
005841U;SOC CIVIL/BARINAGA OSCAR;Adoquinado Barrio el Sol Ord. Nº 3413/2024;ENTRE RIOS 265;22A;20;0;20;0;0;0;849504.22;0;0;0;849504.22;0;0;849504.22;0;0;0;0;0;10360;15402;361514;;;A;ENTRE RIOS 265 Rep.Nro.: 0 Piso:  Dpto:, 6100 RUFINO CP:;
005842U;SOC CIVIL/LUNA;Adoquinado Barrio el Sol Ord. Nº 3413/2024;ENTRE RIOS 259;22A;18;0;18;0;0;0;1472523.05;0;0;0;1472523.05;0;12969.02;1485492.07;0;0;0;0;0;10370;5369;360212;;;A;ENTRE RIOS 259 Rep.Nro.: 0 Piso:  Dpto:, 6100RUFINO CP:;
005843U;ARIAS PATRICIA SUSANA;Adoquinado Barrio el Sol Ord. Nº 3413/2024;ENTRE RIOS 245;22A;20;1;19;0;0;0;849420.14;55119.13;0;55119.13;794301.01;0;0;794301.01;0;0;0;0;0;17338;27292;360246;;;A;ENTRE RIOS 245 Rep.Nro.: 0 Piso:  Dpto:, 6100 RUFINO CP:;
005844U;PAIRETTI TELLO MARIA SOL;Adoquinado Barrio el Sol Ord. Nº 3413/2024;ENTRE RIOS 235;22A;20;0;20;0;0;0;1043225.39;0;0;0;1043225.39;0;0;1043225.39;0;0;0;0;0;34777;35270;360122;;;A;ENTRE RIOS 235 Rep.Nro.: 0 Piso:  Dpto:, 6100 RUFINO CP:;
005845U;FERRERO LUCIANA SOLEDAD;Adoquinado Barrio el Sol Ord. Nº 3413/2024;CENTENARIO.1214;22A;20;1;19;0;0;0;922043.44;59831.68;0;59831.68;862211.76;0;0;862211.76;0;0;0;0;0;22648;23523;360120;;;A;CENTENARIO.1214 Rep.Nro.: 0 Piso:  Dpto:, 6100 RUFINO CP:;
005846U;AGUILERA LILIANA AMALIA ;Adoquinado Barrio el Sol Ord. Nº 3413/2024;CENTENARIO.1208;22A;20;1;19;0;0;0;700224.48;45437.77;0;45437.77;654786.71;0;5406.5;660193.21;0;0;0;0;0;14483;13727;360198;;;A;CENTENARIO.1208 Rep.Nro.: 0 Piso:  Dpto:, 6100 RUFINO CP:;
005847U;SOC CIVIL/PEIRANO EDGARDO;Adoquinado Barrio el Sol Ord. Nº 3413/2024;CENTENARIO.1226;22A;20;0;20;0;0;0;943627.78;0;0;0;943627.78;0;39299.73;982927.51;0;0;0;0;0;10333;5374;361504;;;A;B.FERREYRA 393 Rep.Nro.: 0 Piso:  Dpto:, 6100RUFINO CP:;
005848U;BAZAN MIGUEL A;Adoquinado Barrio el Sol Ord. Nº 3413/2024;CENTENARIO.1236;22A;1;0;1;0;0;0;1152573.37;0;0;0;1037316.03;0;0;1037316.03;0;0;0;0;0;1449;1249;360520;;;A;CENTENARIO.1236 Rep.Nro.: 0 Piso:  Dpto:, 6100RUFINO CP:;
005849U;GRECCO PATRICIA MARIEL;Adoquinado Barrio el Sol Ord. Nº 3413/2024;HORACIO CUTRO 230;22A;20;1;19;0;0;0;1476485.06;95809.55;0;95809.55;1380675.51;0;0;1380675.51;0;0;0;0;0;5305;5376;361021;;;A;ALMAFUERTE 56 BIS Rep.Nro.: 0 Piso:  Dpto:, 6100RUFINO CP:;
005850U;RAMOS DANIELO ALEJANDRO;Adoquinado Barrio el Sol Ord. Nº 3413/2024;HORACIO CUTRO 240;22A;7;0;7;0;0;0;1478310.3;0;0;0;1478310.3;0;0;1478310.3;0;0;0;0;0;16848;16506;360780;;;A;HORACIO CUTRO 240 Rep.Nro.: 0 Piso:  Dpto:, 6100 RUFINO CP:;
005851U;BARALE MICAELA ROCIO;Adoquinado Barrio el Sol Ord. Nº 3413/2024;HORACIO CUTRO 250;22A;20;0;20;0;0;0;987578.33;0;0;0;987577.7;143296.83;92563.28;1223437.81;0;0;0;0;0;25312;26117;361516;;;A;B.FERREYRA 215 Rep.Nro.: 0 Piso:  Dpto:, 6100RUFINO CP:;
005852U;SOCIEDAD CIVIL BARRIO SOL;Adoquinado Barrio el Sol Ord. Nº 3413/2024;HORACIO CUTRO 260;22A;20;1;19;0;0;0;984323.45;63873.05;0;63873.05;920450.15;43548.59;8341.12;972339.86;0;0;0;0;0;10421;5378;361515;;;A;B.FERREYRA 215 Rep.Nro.: 0 Piso:  Dpto:, 6100RUFINO CP:;
005853U;PANICHELLI JUAN MIGUEL;Plan 50 ;LORENZETTI 565;11;12;0;12;0;0;0;16721.77;0;0;0;16721.77;0;3848.96;20570.73;0;0;0;0;0;21621;20080;276653;;CALLE 16 LORENZETTI 500-600;A;IRIGOYEN 455 Rep.Nro.: 0 Piso:  Dpto:, 6100 RUFINO CP:;
005854U;PEPPINO COPPINI FABRICIO E.;Plan 50 ;LORENZETTI 555;11;24;13;11;0;0;0;16515.42;10031.08;54009.08;64040.16;6484.34;0;39.51;6523.85;0;0;0;0;0;36561;37130;275262;;CALLE 16 - LORENZETTI 500 - 600;A;LORENZETTI 545 Rep.Nro.: 0 Piso:  Dpto:, 6100 RUFINO CP:;
005855U;PEPPINO COPPINI FABRICIO E.;Plan 50 ;LORENZETTI 545;11;24;13;11;0;0;0;16515.42;10031.08;54009.08;64040.16;6484.34;0;56.31;6540.65;0;0;0;0;0;36561;37130;275264;;CALLE 16 - LORENZETTI 500 - 600;A;LORENZETTI 545 Rep.Nro.: 0 Piso:  Dpto:, 6100 RUFINO CP:;
005856U;CENTRO DE EMPLEADOS DE COMERCIO;Plan 50 ;LORENZETTI 535;11;12;0;12;0;0;0;14213.49;0;0;0;14213.49;0;2594.08;16807.57;0;0;0;0;0;2123;181;276650;;CALLE 16 LORENZETTI 500-600;A;B.FERREYRA 285 Rep.Nro.: 0 Piso:  Dpto:, 6100RUFINO CP:;
005857U;ALBA EDUARDO RAUL;Adoquinado Barrio el Sol Ord. Nº 3413/2024;M.ROCA.1235;22A;20;1;19;0;0;0;801855.15;52032.62;0;52032.62;749822.53;0;8285.66;758108.19;0;0;0;0;0;30732;31144;360057;;;A;M.ROCA.1235 Rep.Nro.: 0 Piso:  Dpto:, 6100 RUFINO CP:;
005857U;ALBA EDUARDO RAUL;Adoquinado Barrio el Sol Ord. Nº 3413/2024;M.ROCA.1235;22A;1;0;1;0;0;0;1501410.54;0;0;0;0;0;0;0;0;1501410.54;0;0;0;30732;31144;360164;;;B;M.ROCA.1235 Rep.Nro.: 0 Piso:  Dpto:, 6100 RUFINO CP:;
005858U;TULINTINATI RAMON ANGEL;Adoquinado Barrio el Sol Ord. Nº 3413/2024;M.ROCA.1229;22A;1;0;1;0;0;0;1501410.54;0;0;0;1351269.49;0;0;1351269.49;0;0;0;0;0;10967;14769;360165;;;A;M.ROCA.1229 Rep.Nro.: 0 Piso:  Dpto:, 6100RUFINO CP:;
005859U;BARALE MICAELA ROCIO;Adoquinado Barrio el Sol Ord. Nº 3413/2024;M.ROCA.1215;22A;20;1;19;0;0;0;1501926.96;97460.49;0;97460.49;1343227.81;0;2816.98;1346044.79;0;61238.66;0;0;0;25312;26117;360310;;;A;M.ROCA.1215 Rep.Nro.: 0 Piso:  Dpto:, 6100 RUFINO CP:;
005860U;MADERO MAURICIO OSCAR;Plan 50 ;LORENZETTI 525;11;12;4;2;0;0;6;16721.77;5282.21;31747.64;37029.85;2275.84;0;83.27;2359.11;0;0;0;0;9163.72;25791;26587;276643;;CALLE 16 LORENZETTI 500-600;A;B.FERREYRA 285 Rep.Nro.: 0 Piso:  Dpto:, 6100RUFINO CP:;
005861U;ALBORNOZ VILLAGRA ALEJANDRO CESAR;Plan 50 ;LORENZETTI 515;11;12;0;12;0;0;0;13960.07;0;0;0;12482.76;0;0;12482.76;0;1477.31;0;0;0;13230;15036;275266;;CALLE 16 - LORENZETTI 500 - 600;A;DEAN FUNES 160 Rep.Nro.: 0 Piso:  Dpto:, RUFINO CP:6100;
005862U;MADERO MAURICIO OSCAR;Plan 50 ;LORENZETTI 505;11;12;12;0;0;0;0;16721.77;16721.77;98711.03;115432.8;0;0;0;0;0;0;0;0;0;25791;26587;276641;;CALLE 16 LORENZETTI 500-600;A;ASAMBLEA.1240 Rep.Nro.: 0 Piso:  Dpto:, 6100RUFINO CP:;
005865U;MARTINEZ JORGELINA ELIANA;Adoquinado Barrio el Sol Ord. Nº 3413/2024;HORACIO CUTRO 241;22B;13;0;13;0;0;0;1520629.33;0;0;0;1445206.86;0;24350.46;1469557.32;0;5422.47;0;0;0;31635;32013;360564;;;A;HORACIO CUTRO 241 Rep.Nro.: 0 Piso:  Dpto:, 6100 RUFINO CP:;
005866U;MAREGA ERICA CARINA;Adoquinado Barrio el Sol Ord. Nº 3413/2024;HORACIO CUTRO 235;22B;20;1;19;0;0;0;1673349.53;108584.14;0;108584.14;1564765.39;0;0;1564765.39;0;0;0;0;0;35769;36307;361056;;;A;HORACIO CUTRO 235 Rep.Nro.: 0 Piso:  Dpto:, 6100 RUFINO CP:;
005867U;SOC CIVIL BARRIO DEL SOL  ;Adoquinado Barrio el Sol Ord. Nº 3413/2024;CENTENARIO.1266;22B;20;3;17;0;0;0;735570.88;138023.89;11113.61;149137.5;597546.99;0;9468.67;607015.66;0;0;0;0;0;10413;5391;361506;;;A;B.FERREYRA 215 Rep.Nro.: 0 Piso:  Dpto:, 6100RUFINO CP:;
005868U;BAJO LUCIANO OSCAR;Adoquinado Barrio el Sol Ord. Nº 3428/2025;CENTENARIO.1276;22B;13;0;13;0;0;0;153856.4;0;0;0;153856.4;0;0;153856.4;0;0;0;0;0;1097;14708;371126;;;A;PEATONAL.1424 Rep.Nro.: 0 Piso:  Dpto:, 6100 RUFINO CP:;
005868U;BAJO LUCIANO OSCAR;Adoquinado Barrio el Sol Ord. Nº 3413/2024;CENTENARIO.1276;22B;20;0;20;0;0;0;945249.94;0;0;0;945249.94;0;1156.23;946406.17;0;0;0;0;0;1097;14708;361507;;;A;PEATONAL.1424 Rep.Nro.: 0 Piso:  Dpto:, 6100 RUFINO CP:;
005869U;ALVAREZ LEOPOLDO M.U. ;Adoquinado Barrio el Sol Ord. Nº 3428/2025;M.ARGENTINAS 218;22B;13;13;0;0;0;0;516990.41;516990.41;239445.58;756435.99;0;0;0;0;0;0;0;0;0;510;2984;371124;;;A;COBO 279 Rep.Nro.: 0 Piso:  Dpto:, 6100 RUFINO CP:;
005870U;MARSEU WALTER JAVIER Y OT.;Adoquinado Barrio el Sol Ord. Nº 3428/2025;M.ARGENTINAS 230;22B;13;1;12;0;0;0;516990.41;47385.53;0;47385.53;469604.77;68116.28;5964.51;543685.56;0;0;0;0;0;29725;30231;371123;;;A;SANTIAGO DEL ESTERO  Rep.Nro.: 365 Piso:  Dpto:, 6100 RUFINO CP:;
005871U;COSTAMAGNA TERESA MARGARITA;Adoquinado Barrio el Sol Ord. Nº 3428/2025;M.ARGENTINAS 244;22B;13;0;13;0;0;0;514728.22;0;0;0;514728.22;0;8933.57;523661.79;0;0;0;0;0;28194;28824;370312;;;A;B.FERREYRA 215 Rep.Nro.: 0 Piso:  Dpto:, 6100 RUFINO CP:;
005872U;ROVASIO GISELA LORENA;Adoquinado Barrio el Sol Ord. Nº 3428/2025;M.ARGENTINAS 256;22B;13;0;13;0;0;0;516990.41;0;0;0;516990.41;0;0;516990.41;0;0;0;0;0;42935;44179;370311;;;A;B.FERREYRA 215 Rep.Nro.: 0 Piso:  Dpto:, 6100 RUFINO CP:;
005873U;GAVOTTO OSCAR PEDRO;Adoquinado Barrio el Sol Ord. Nº 3428/2025;M.ARGENTINAS 270;22B;12;0;12;0;0;0;1408814.34;0;0;0;1408814.34;0;0;1408814.34;0;0;0;0;0;4691;2086;371090;;;A;M.ROCA 520 Rep.Nro.: 0 Piso:  Dpto:, 6100 RUFINO CP:;
005874U;ZALAZAR CRISTIAN GASTON ;Adoquinado Barrio el Sol Ord. Nº 3428/2025;M.ARGENTINAS 282;22B;13;1;12;0;0;0;516990.41;47385.53;0;47385.53;469604.88;0;0;469604.88;0;0;0;0;0;15778;14210;370308;;;A;M.ARGENTINAS 282 Rep.Nro.: 0 Piso:  Dpto:, 6100 RUFINO CP:;
005875U;BRANDINO HERNANDO GABRIEL;Adoquinado Barrio el Sol Ord. Nº 3413/2024;M.ROCA.1275;22B;20;1;19;0;0;0;607841.08;39442.98;0;39442.98;568398.1;0;1140.05;569538.15;0;0;0;0;0;19816;18468;361498;;;A;M.ARGENTINAS 294 Rep.Nro.: 0 Piso:  Dpto:, 6100 RUFINO CP:;
005875U;BRANDINO HERNANDO GABRIEL;Adoquinado barrio jardin Ordenanza Nº: 3300/2022;M.ROCA.1275;22B;13;0;13;0;0;0;135417.36;0;0;0;0;0;0;0;0;135417.36;0;0;0;19816;18468;371122;;;B;M.ARGENTINAS 294 Rep.Nro.: 0 Piso:  Dpto:, 6100 RUFINO CP:;
005875U;BRANDINO HERNANDO GABRIEL;Adoquinado Barrio el Sol Ord. Nº 3428/2025;M.ROCA.1275;22B;13;0;13;0;0;0;150171.18;0;0;0;150171.18;0;1031.26;151202.44;0;0;0;0;0;19816;18468;371138;;;A;M.ARGENTINAS 294 Rep.Nro.: 0 Piso:  Dpto:, 6100 RUFINO CP:;
005876U;PEREZ OSVALDO DARIO;Adoquinado Barrio el Sol Ord. Nº 3413/2024;HORACIO CUTRO 291;22B;20;1;19;0;0;0;900775.83;58451.61;0;58451.61;842324.22;0;3069.08;845393.3;0;0;0;0;0;15042;13357;360264;;;A;B.FERREYRA 215 Rep.Nro.: 0 Piso:  Dpto:, 6100 RUFINO CP:;
005877U;GOMEZ SERGIO OMAR;Adoquinado Barrio el Sol Ord. Nº 3413/2024;HORACIO CUTRO 285;22B;1;0;1;0;0;0;1444831.5;0;0;0;1300348.35;0;0;1300348.35;0;0;0;0;0;26534;27240;360211;;;A;HORACIO CUTRO 285 Rep.Nro.: 0 Piso:  Dpto:, 6100 RUFINO CP:;
005878U;BARETTO DIEGO JAVIER;Adoquinado Barrio el Sol Ord. Nº 3413/2024;HORACIO CUTRO 265;22B;12;0;12;0;0;0;1591864.97;0;0;0;1591864.97;0;0;1591864.97;0;0;0;0;0;29603;30096;360804;;;A;INGENIERO CUTRO 265 Rep.Nro.: 0 Piso:  Dpto:, 6100 RUFINO CP:;
005879U;MARELLO ROSALIA MABEL;Adoquinado Barrio el Sol Ord. Nº 3413/2024;HORACIO CUTRO 255;22B;1;0;1;0;0;0;1444831.5;0;0;0;1300348.35;0;0;1300348.35;0;0;0;0;0;43076;44334;360095;;;A;HORACIO CUTRO 255 Rep.Nro.: 0 Piso:  Dpto:, 6100 RUFINO CP:;
005959U;SERVERA BEATRIZ N;Cordon Cuneta;LORENZETTI 195;15;12;0;12;0;0;0;7510.2;0;0;0;7510.2;0;0;7510.2;0;0;0;0;0;10237;5478;277292;;SE REALIZO VEREDA SOLAMENTE A ESE CONTR.;A;LORENZETTI 195 Rep.Nro.: 0 Piso:  Dpto:, 6100RUFINO CP:;
005959U;SERVERA BEATRIZ N;Adoquinado Barrio el Sol Ord. Nº 3413/2024;LORENZETTI 195;15;20;0;20;0;0;0;598960.99;0;0;0;598960.99;0;2906.18;601867.17;0;0;0;0;0;10237;5478;360820;;;A;LORENZETTI 195 Rep.Nro.: 0 Piso:  Dpto:, 6100RUFINO CP:;
005971U;MANOS DEL PLATA SA;Plan 50 ;INDEPENDENCIA 975;21BD;48;0;25;23;0;0;313423.83;0;0;0;194521.69;0;10718.86;205240.55;0;0;118902.14;0;0;6321;2163;276353;;"CALLE 19 - L.DE LA TORRE 400 - 500
";A;COLON 660 Rep.Nro.: 0 Piso:  Dpto:, 6100RUFINO CP:;
005971U;MANOS DEL PLATA SA;Plan 50 ;INDEPENDENCIA 975;21BD;48;0;25;23;0;0;161414.28;0;0;0;100179.29;0;5520.26;105699.55;0;0;61234.99;0;0;6321;2163;276354;;CALLE 28 - INDEPENDENCIA 900 - 1000;A;COLON 660 Rep.Nro.: 0 Piso:  Dpto:, 6100RUFINO CP:;
005971U;MANOS DEL PLATA SA;Plan 50 ;INDEPENDENCIA 975;21BD;48;0;25;23;0;0;165331.3;0;0;0;102610.43;0;5654.19;108264.62;0;0;62720.87;0;0;6321;2163;276356;;CALLE 33 - FERRARI 900 - 1000;A;COLON 660 Rep.Nro.: 0 Piso:  Dpto:, 6100RUFINO CP:;
005977U;BOERO PEDRO/KUHN H;Ord. 3303/22 hormigon armado;R.BOUSSY 645;6BD;50;11;39;0;0;0;260576.25;91212.02;34550.78;125762.8;169364.23;0;247187.27;416551.5;0;0;0;0;0;1792;5493;324983;;;A;R.BOUSSY 625 Rep.Nro.: 0 Piso:  Dpto:, 6100RUFINO CP:;
005978U;GATICA RICARDO ;Ord. 3303/22 hormigon armado;R.BOUSSY 655;6BD;50;1;49;0;0;0;285529.97;10347.44;0;10347.44;274977.23;0;1302.94;276280.17;0;205.3;0;0;0;4679;5494;324985;;;A;CHACABUCO 660 Rep.Nro.: 0 Piso:  Dpto:, 6100RUFINO CP:;
005979U;CELDRAN ROBERTO;Ord. 3303/22 hormigon armado;R.BOUSSY 685;6BD;50;0;50;0;0;0;129116.5;0;0;0;0;0;0;0;0;129116.5;0;0;0;2651;14773;324986;;;B;R.BOUSSY 685 Rep.Nro.: 0 Piso:  Dpto:, 6100RUFINO CP:;
005979U;CELDRAN ROBERTO;Ord. 3303/22 hormigon armado;R.BOUSSY 685;6BD;50;1;49;0;0;0;211855.93;7657.13;0;7657.13;204198.82;21.25;371.55;204591.62;0;0;0;0;0;2651;14773;325452;;;A;R.BOUSSY 685 Rep.Nro.: 0 Piso:  Dpto:, 6100RUFINO CP:;
005981U;VARGAS ADALBERTO JORGE;Pavimento Res. 046/2026;SAAVEDRA 540;6BD;6;6;0;0;0;0;411187.86;411187.86;80047.01;491234.87;0;0;0;0;0;0;0;0;0;15690;12195;380084;;;A;SAAVEDRA 542 Rep.Nro.: 0 Piso:  Dpto:, 6100RUFINO CP:;
005982U;TORRES JUAN CARLOS ;Pavimento Res. 046/2026;SAAVEDRA 519;6D;6;0;6;0;0;0;406714.02;0;0;0;406714.02;0;16336.34;423050.36;0;0;0;0;0;10903;5497;380081;;;A;SAAVEDRA 519 Rep.Nro.: 0 Piso:  Dpto:, 6100RUFINO CP:;
005983U;LOPEZ TERESA;Pavimento Res. 046/2026;SAAVEDRA 529;6D;6;6;0;0;0;0;411188.07;411188.07;80047.05;491235.12;0;0;0;0;0;0;0;0;0;6014;5498;380082;;;A;SAAVEDRA 529 Rep.Nro.: 0 Piso:  Dpto:, 6100RUFINO CP:;
005984U;MARTIN GRACIELA;Pavimento Res. 046/2026;SAAVEDRA 539;6D;6;6;0;0;0;0;411187.86;411187.86;80047.01;491234.87;0;0;0;0;0;0;0;0;0;6482;965;380083;;;A;COLON 041 Rep.Nro.: 0 Piso:  Dpto:, 6100RUFINO CP:;
005990U;FREDES CLARA I.;Pavimento Res. 046/2026;AYACUCHO 630;6BD;7;0;7;0;0;0;2539193.09;0;0;0;2439193.09;0;0;2439193.09;0;0;0;0;0;19884;18625;379958;;;A;MORENO 589 Rep.Nro.: 0 Piso:  Dpto:, 6100RUFINO CP:;
006033U;MANTAY JUAN DOMINGO;C.C. Ord. 3081/2016;AYACUCHO 805;10A;1;0;0;1;0;0;3849;0;0;0;0;0;0;0;0;0;3849;0;0;30021;30515;167807;;;A;AYACUCHO 805 Rep.Nro.: 0 Piso:  Dpto:, 6100RUFINO;
006033U;MANTAY JUAN DOMINGO;Plan 50 ;AYACUCHO 805;10A;36;0;36;0;0;0;24485.01;0;0;0;24601.48;0;10515.01;35116.49;0;0;0;0;0;30021;30515;275449;;CALLE 49 - F.A.GARIN 600 - 700;A;AYACUCHO 805 Rep.Nro.: 0 Piso:  Dpto:, 6100 RUFINO CP:;
006033U;MANTAY JUAN DOMINGO;Pavimento Res. 046/2026;AYACUCHO 805;10A;6;2;4;0;0;0;822375.69;277107.8;12054.19;289161.99;545267.89;0;50140.79;595408.68;0;0;0;0;0;30021;30515;380014;;;A;AYACUCHO 805 Rep.Nro.: 0 Piso:  Dpto:, 6100 RUFINO CP:;
006037U;INMOBILIARIAS CUYANAS SA ;C.C. Res. 074/2026;COBO.1740;120;4;0;4;0;0;0;83277.24;0;0;0;0;0;0;0;0;83277.24;0;0;0;5595;427;382392;;;B;P.PERON 042 Rep.Nro.: 0 Piso:  Dpto:, 6100 RUFINO CP:;
006038U;INMOBILIARIAS CUYANAS SA ;C.C. Res. 074/2026;COBO.1760;120;4;0;4;0;0;0;83277.24;0;0;0;0;0;0;0;0;83277.24;0;0;0;5595;427;382394;;;B;P.PERON 042 Rep.Nro.: 0 Piso:  Dpto:, 6100 RUFINO CP:;
006039U;INMOBILIARIAS CUYANAS SA ;C.C. Res. 074/2026;COBO.1780;120;4;0;4;0;0;0;184622.04;0;0;0;0;0;0;0;0;184622.04;0;0;0;5595;427;382395;;;B;P.PERON 042 Rep.Nro.: 0 Piso:  Dpto:, 6100 RUFINO CP:;
006039U;INMOBILIARIAS CUYANAS SA ;C.C. Res. 074/2026;COBO.1780;120;4;0;4;0;0;0;184622.04;0;0;0;0;0;0;0;0;184622.04;0;0;0;5595;427;382674;;;B;P.PERON 042 Rep.Nro.: 0 Piso:  Dpto:, 6100 RUFINO CP:;
006040U;INMOBILIARIAS CUYANAS SA ;C.C. Res. 074/2026;M120 S 032;120;4;0;4;0;0;0;79149.24;0;0;0;0;0;0;0;0;79149.24;0;0;0;5595;427;382675;;;B;P.PERON 042 Rep.Nro.: 0 Piso:  Dpto:, 6100 RUFINO CP:;
006041U;INMOBILIARIAS CUYANAS SA ;C.C. Res. 074/2026;M120 S 052;120;4;0;4;0;0;0;79149.24;0;0;0;0;0;0;0;0;79149.24;0;0;0;5595;427;382676;;;B;P.PERON 042 Rep.Nro.: 0 Piso:  Dpto:, 6100 RUFINO CP:;
006042U;BARTOLOME APARA HECTOR ADRIAN;C.C. Res. 074/2026;M120 S 072;120;4;4;0;0;0;0;80298.88;80298.88;8943.87;89242.75;0;0;0;0;0;0;0;0;0;13419;13481;382678;;;A;EVA PERON  Rep.Nro.: 360 Piso:  Dpto:, 6100 RUFINO CP:;
006043U;MEYZENE CATRINA;C.C. Res. 074/2026;COBO.1675;116;4;0;4;0;0;0;39828.24;0;0;0;39828.24;0;1901.8;41730.04;0;0;0;0;0;18834;17645;382387;;;A;CARBALLEIRA 375 Rep.Nro.: 0 Piso:  Dpto:, 6100RUFINO CP:;
006043U;MEYZENE CATRINA;Res. 159/2026 - Pavimento;COBO.1675;116;1;0;1;0;0;0;81824.23;0;0;0;81824.23;0;0;81824.23;0;0;0;0;0;18834;17645;385283;;;A;CARBALLEIRA 375 Rep.Nro.: 0 Piso:  Dpto:, 6100RUFINO CP:;
006044U;INMOBILIARIAS CUYANAS SA ;C.C. Res. 074/2026;R.FAVALORO 045;120;4;0;4;0;0;0;72415;0;0;0;0;0;0;0;0;72415;0;0;0;5595;427;382640;;;B;P.PERON 042 Rep.Nro.: 0 Piso:  Dpto:, 6100 RUFINO CP:;
006045U;INMOBILIARIAS CUYANAS SA ;C.C. Res. 074/2026;R.FAVALORO 025;120;4;0;4;0;0;0;181037.52;0;0;0;0;0;0;0;0;181037.52;0;0;0;5595;427;382636;;;B;P.PERON 042 Rep.Nro.: 0 Piso:  Dpto:, 6100 RUFINO CP:;
006045U;INMOBILIARIAS CUYANAS SA ;C.C. Res. 074/2026;R.FAVALORO 025;120;4;4;0;0;0;0;84486.84;84486.84;9410.33;93897.17;0;0;0;0;0;0;0;0;0;5595;427;384031;;;A;P.PERON 042 Rep.Nro.: 0 Piso:  Dpto:, 6100 RUFINO CP:;
006045U;INMOBILIARIAS CUYANAS SA ;Res. 159/2026 - Pavimento;R.FAVALORO 025;120;1;1;0;0;0;0;171087.03;171087.03;0;171087.03;0;0;0;0;0;0;0;0;0;5595;427;385310;;;A;P.PERON 042 Rep.Nro.: 0 Piso:  Dpto:, 6100 RUFINO CP:;
006046U;MAGRIS DARIO WALTER;C.C. Res. 074/2026;ALEM VIEYRA 1735;120;4;4;0;0;0;0;205560.17;205560.17;22895.74;228455.91;0;0;0;0;0;0;0;0;0;14619;14976;382680;;;A;BV.ESPAÑA 898 Rep.Nro.: 0 Piso:  Dpto:, 6100 RUFINO CP:;
006059U;CABODEVILA/PEREZ RAMONA;Plan 50 ;F.A.GARIN 615;10A;12;12;0;0;0;0;16910.67;16910.67;99758.03;116668.7;0;0;0;0;0;0;0;0;0;2175;5560;277224;;CALLE 49 F.A.GARIN 600-700;A;ASAMBLEA 907 Rep.Nro.: 0 Piso:  Dpto:, 6100RUFINO CP:;
006060U;FRANCO JORGE;Plan 50 ;F.A.GARIN 627;10A;12;0;12;0;0;0;16910.67;0;0;0;16910.67;0;42802.91;59713.58;0;0;0;0;0;4327;5561;277225;;CALLE 49 F.A.GARIN 600-700;A;F.A.GARIN 627 Rep.Nro.: 0 Piso:  Dpto:, 6100RUFINO CP:;
006061U;MORENO/FESTINI FLAVIO ;Plan 50 ;F.A.GARIN 635;10A;12;0;12;0;0;0;14374.05;0;0;0;14374.05;2810.46;1516.26;18700.77;0;0;0;0;0;7151;5562;277226;;CALLE 49 F.A.GARIN 600-700;A;GARAY 901 Rep.Nro.: 0 Piso:  Dpto:, 6100RUFINO CP:;
006062U;PEREZ VALERIA ;Plan 50 ;F.A.GARIN 645;10A;1;0;1;0;0;0;10650.9;0;0;0;10650.9;0;0;10650.9;0;0;0;0;0;18984;17794;275674;;contado 22% descuento 6 cheques;A;F.A.GARIN 645 Rep.Nro.: 0 Piso:  Dpto:, 6100 RUFINO CP:;
006063U;FRAGANTE NORMA DE;Plan 50 ;F.A.GARIN 657;10A;1;0;1;0;0;0;9558.5;0;0;0;9558.5;0;0;9558.5;0;0;0;0;0;4267;5564;274845;;calle 49 f.a. garin 600-700;A;F.A.GARIN 657 Rep.Nro.: 0 Piso: - Dpto:-, 6100RUFINO CP:6100;
006064U;RIO SILVINA ALEJANDRA;Plan 50 ;AZCUENAGA 656;10A;12;0;12;0;0;0;13960.07;0;0;0;13753.08;0;123.61;13876.69;0;206.99;0;0;0;15929;15930;276751;;CALLE 47 - AZCUENAGA 600 - 700;A;SAAVEDRA 666 Rep.Nro.: 0 Piso:  Dpto:, 6100 RUFINO CP:;
006065U;VALENZA FABIAN DARIO;Plan 50 ;AZCUENAGA 646;10A;3;0;3;0;0;0;13188.13;0;0;0;13188.13;0;0;13188.13;0;0;0;0;0;11070;5566;275143;;;A;PEAT.NORTE.1211 Rep.Nro.: 0 Piso:  Dpto:, 6100RUFINO CP:;
006066U;CABODEVILA;Plan 50 ;AZCUENAGA 636;10;12;0;12;0;0;0;16910.67;0;0;0;16910.67;0;75480.8;92391.47;0;0;0;0;0;2170;5567;276748;;CALLE 47 - AZCUENAGA 600 - 700;A;FALUCHO 170 Rep.Nro.: 0 Piso:  Dpto:, 6100RUFINO CP:;
006067U;RICCI/ETCHEPARE ANGELICA;Plan 50 ;AZCUENAGA 626;10A;12;0;12;0;0;0;16910.67;0;0;0;16910.67;0;42869.42;59780.09;0;0;0;0;0;9257;5568;276747;;CALLE 47 - AZCUENAGA 600 - 700;A;URUGUAY 035 Rep.Nro.: 0 Piso:  Dpto:, 6100RUFINO CP:;
006068U;CABODEVILA/VITTI SERGIO;C.C. Ord. 3081/2016;AYACUCHO 895;10A;1;0;0;1;0;0;1924.5;0;0;0;0;0;0;0;0;0;1924.5;0;0;2178;5569;167816;;;A;AYACUCHO 895 Rep.Nro.: 0 Piso:  Dpto:, 6100RUFINO;
006068U;CABODEVILA/VITTI SERGIO;Plan 50 ;AYACUCHO 895;10A;12;0;12;0;0;0;36780.63;0;0;0;36780.63;0;122131.1;158911.73;0;0;0;0;0;2178;5569;276784;;CALLE 47 - AZCUENAGA 600 - 700;A;AYACUCHO 895 Rep.Nro.: 0 Piso:  Dpto:, 6100RUFINO CP:;
006068U;CABODEVILA/VITTI SERGIO;Pavimento Res. 046/2026;AYACUCHO 895;10A;6;0;6;0;0;0;1301484.78;0;0;0;0;0;0;0;0;1301484.78;0;0;0;2178;5569;380029;;;B;AYACUCHO 895 Rep.Nro.: 0 Piso:  Dpto:, 6100RUFINO CP:;
006068U;CABODEVILA/VITTI SERGIO;Pavimento Res. 046/2026;AYACUCHO 895;10A;6;6;0;0;0;0;381171.12;381171.12;74203.58;455374.7;0;0;0;0;0;0;0;0;0;2178;5569;381737;;;A;AYACUCHO 895 Rep.Nro.: 0 Piso:  Dpto:, 6100RUFINO CP:;
006069U;PEREZ RAMON R ;C.C. Ord. 3081/2016;AYACUCHO 885;10A;1;0;0;1;0;0;1924.5;0;0;0;0;0;0;0;0;0;1924.5;0;0;8626;5570;167815;;;A;AYACUCHO 885 Rep.Nro.: 0 Piso:  Dpto:, 6100RUFINO;
006069U;PEREZ RAMON R ;Pavimento Res. 046/2026;AYACUCHO 885;10A;6;6;0;0;0;0;411187.86;411187.86;80047.01;491234.87;0;0;0;0;0;0;0;0;0;8626;5570;380027;;;A;AYACUCHO 885 Rep.Nro.: 0 Piso:  Dpto:, 6100RUFINO CP:;
006070U;CABODEVILA/GIMENEZ ROQUE;C.C. Ord. 3081/2016;AYACUCHO 875;10A;1;0;0;1;0;0;1924.5;0;0;0;0;0;0;0;0;0;1924.5;0;0;2172;5571;167814;;;A;AYACUCHO 875 Rep.Nro.: 0 Piso:  Dpto:, 6100RUFINO;
006070U;CABODEVILA/GIMENEZ ROQUE;Pavimento Res. 046/2026;AYACUCHO 875;10A;6;1;5;0;0;0;411187.86;69276.95;0;69276.95;315237.66;0;6100.71;321338.37;0;26673.25;0;0;0;2172;5571;380025;;;A;AYACUCHO 875 Rep.Nro.: 0 Piso:  Dpto:, 6100RUFINO CP:;
006071U;CUEBA ARTURO/HEGLER M;C.C. Ord. 3081/2016;AYACUCHO 865;10A;1;0;1;0;0;0;1924.5;0;0;0;1924.5;0;0;1924.5;0;0;0;0;0;3276;5572;167813;;;A;GALAN 172 Rep.Nro.: 0 Piso:  Dpto:, 6100RUFINO;
006071U;CUEBA ARTURO/HEGLER M;Pavimento Res. 046/2026;AYACUCHO 865;10A;6;6;0;0;0;0;411187.86;411187.86;80047.01;491234.87;0;0;0;0;0;0;0;0;0;3276;5572;380022;;;A;GALAN 172 Rep.Nro.: 0 Piso:  Dpto:, 6100RUFINO CP:;
006072U;CABODEVILA/MUÑOZ MARIA;C.C. Ord. 3081/2016;AYACUCHO 855;10A;1;0;0;1;0;0;1924.5;0;0;0;0;0;0;0;0;0;1924.5;0;0;2174;5573;167812;;;A;SANTA FE 059 Rep.Nro.: 0 Piso:  Dpto:, 6100RUFINO;
006072U;CABODEVILA/MUÑOZ MARIA;Pavimento Res. 046/2026;AYACUCHO 855;10A;6;6;0;0;0;0;411187.86;411187.86;80047.01;491234.87;0;0;0;0;0;0;0;0;0;2174;5573;380018;;;A;AYACUCHO 855 Rep.Nro.: 0 Piso:  Dpto:, 6100 RUFINO CP:;
006073U;CABODEVILA/MORALES A;C.C. Ord. 3081/2016;AYACUCHO 845;10A;1;0;0;1;0;0;1924.5;0;0;0;0;0;0;0;0;0;1924.5;0;0;2173;5574;167811;;;A;AYACUCHO 845 Rep.Nro.: 0 Piso:  Dpto:, 6100RUFINO;
006073U;CABODEVILA/MORALES A;Pavimento Res. 046/2026;AYACUCHO 845;10A;6;6;0;0;0;0;411187.86;411187.86;80047.01;491234.87;0;0;0;0;0;0;0;0;0;2173;5574;380017;;;A;AYACUCHO 845 Rep.Nro.: 0 Piso:  Dpto:, 6100RUFINO CP:;
006074U;ROIZARENA JORGE E;C.C. Ord. 3081/2016;AYACUCHO 835;10A;1;0;1;0;0;0;1924.5;0;0;0;1924.5;0;0;1924.5;0;0;0;0;0;9495;6215;167810;;;A;AYACUCHO 850 Rep.Nro.: 0 Piso:  Dpto:, 6100RUFINO;
006074U;ROIZARENA JORGE E;Pavimento Res. 046/2026;AYACUCHO 835;10A;8;0;8;0;0;0;1727915.81;0;0;0;0;0;0;0;0;1727915.81;0;0;0;9495;6215;379789;;;B;AYACUCHO 850 Rep.Nro.: 0 Piso:  Dpto:, 6100RUFINO CP:;
006074U;ROIZARENA JORGE E;Pavimento Res. 046/2026;AYACUCHO 835;10A;7;3;4;0;0;0;1670819.62;187427.13;13869.61;201296.74;1353392.49;0;0;1353392.49;0;0;0;0;0;9495;6215;379791;;;A;AYACUCHO 850 Rep.Nro.: 0 Piso:  Dpto:, 6100RUFINO CP:;
006075U;SUCESION DE GARCIA OSCAR ALBERTO;C.C. Ord. 3081/2016;AYACUCHO 825;10A;1;0;1;0;0;0;1924.5;0;0;0;1924.5;0;0;1924.5;0;0;0;0;0;4597;5576;167809;;;A;AYACUCHO 825 Rep.Nro.: 0 Piso:  Dpto:, 6100RUFINO;
006075U;SUCESION DE GARCIA OSCAR ALBERTO;Pavimento Res. 046/2026;AYACUCHO 825;10A;6;1;5;0;0;0;411187.86;69276.95;0;69276.95;341910.91;0;5819.26;347730.17;0;0;0;0;0;4597;5576;379601;;;A;AYACUCHO 825 Rep.Nro.: 0 Piso:  Dpto:, 6100RUFINO CP:;
006076U;INMOBILIARIAS CUYANAS SA ;C.C. Res. 074/2026;M115 N 075;115;4;4;0;0;0;0;40406.75;40406.75;4500.58;44907.33;0;0;0;0;0;0;0;0;0;5595;427;382603;;;A;P.PERON 042 Rep.Nro.: 0 Piso:  Dpto:, 6100 RUFINO CP:;
006077U;INMOBILIARIAS CUYANAS SA ;C.C. Res. 074/2026;M115 N 065;115;4;4;0;0;0;0;40406.75;40406.75;4500.58;44907.33;0;0;0;0;0;0;0;0;0;5595;427;382604;;;A;P.PERON 042 Rep.Nro.: 0 Piso:  Dpto:, 6100 RUFINO CP:;
006078U;INMOBILIARIAS CUYANAS SA ;C.C. Res. 074/2026;M115 N 055;115;4;4;0;0;0;0;40406.75;40406.75;4500.58;44907.33;0;0;0;0;0;0;0;0;0;5595;427;382605;;;A;P.PERON 042 Rep.Nro.: 0 Piso:  Dpto:, 6100 RUFINO CP:;
006079U;INMOBILIARIAS CUYANAS SA ;C.C. Res. 074/2026;M115 N 045;115;4;4;0;0;0;0;40406.75;40406.75;4500.58;44907.33;0;0;0;0;0;0;0;0;0;5595;427;382609;;;A;P.PERON 042 Rep.Nro.: 0 Piso:  Dpto:, 6100 RUFINO CP:;
006080U;INMOBILIARIAS CUYANAS SA ;C.C. Res. 074/2026;M115 N 035;115;4;4;0;0;0;0;40406.75;40406.75;4500.58;44907.33;0;0;0;0;0;0;0;0;0;5595;427;382610;;;A;P.PERON 042 Rep.Nro.: 0 Piso:  Dpto:, 6100 RUFINO CP:;
006081U;INMOBILIARIAS CUYANAS SA ;C.C. Res. 074/2026;COBO.1606;115;4;4;0;0;0;0;145280.67;145280.67;16181.67;161462.34;0;0;0;0;0;0;0;0;0;5595;427;382356;;;A;P.PERON 042 Rep.Nro.: 0 Piso:  Dpto:, 6100 RUFINO CP:;
006081U;INMOBILIARIAS CUYANAS SA ;Res. 159/2026 - Pavimento;COBO.1606;115;1;1;0;0;0;0;85543.52;85543.52;0;85543.52;0;0;0;0;0;0;0;0;0;5595;427;385254;;;A;P.PERON 042 Rep.Nro.: 0 Piso:  Dpto:, 6100 RUFINO CP:;
006082U;INMOBILIARIAS CUYANAS SA ;C.C. Res. 074/2026;COBO.1616;115;4;4;0;0;0;0;40406.75;40406.75;4500.58;44907.33;0;0;0;0;0;0;0;0;0;5595;427;382364;;;A;P.PERON 042 Rep.Nro.: 0 Piso:  Dpto:, 6100 RUFINO CP:;
006082U;INMOBILIARIAS CUYANAS SA ;Res. 159/2026 - Pavimento;COBO.1616;115;1;1;0;0;0;0;81824.23;81824.23;0;81824.23;0;0;0;0;0;0;0;0;0;5595;427;385258;;;A;P.PERON 042 Rep.Nro.: 0 Piso:  Dpto:, 6100 RUFINO CP:;
006083U;INMOBILIARIAS CUYANAS SA ;C.C. Res. 074/2026;COBO.1624;115;4;4;0;0;0;0;40406.75;40406.75;4500.58;44907.33;0;0;0;0;0;0;0;0;0;5595;427;382368;;;A;P.PERON 042 Rep.Nro.: 0 Piso:  Dpto:, 6100 RUFINO CP:;
006083U;INMOBILIARIAS CUYANAS SA ;Res. 159/2026 - Pavimento;COBO.1624;115;1;1;0;0;0;0;81824.23;81824.23;0;81824.23;0;0;0;0;0;0;0;0;0;5595;427;385262;;;A;P.PERON 042 Rep.Nro.: 0 Piso:  Dpto:, 6100 RUFINO CP:;
006084U;INMOBILIARIAS CUYANAS SA ;C.C. Res. 074/2026;COBO.1640;115;4;4;0;0;0;0;40406.75;40406.75;4500.58;44907.33;0;0;0;0;0;0;0;0;0;5595;427;382371;;;A;P.PERON 042 Rep.Nro.: 0 Piso:  Dpto:, 6100 RUFINO CP:;
006084U;INMOBILIARIAS CUYANAS SA ;Res. 159/2026 - Pavimento;COBO.1640;115;1;1;0;0;0;0;81824.23;81824.23;0;81824.23;0;0;0;0;0;0;0;0;0;5595;427;385268;;;A;P.PERON 042 Rep.Nro.: 0 Piso:  Dpto:, 6100 RUFINO CP:;
006085U;INMOBILIARIAS CUYANAS SA ;C.C. Res. 074/2026;COBO.1650;115;4;4;0;0;0;0;40406.75;40406.75;4500.58;44907.33;0;0;0;0;0;0;0;0;0;5595;427;382374;;;A;P.PERON 042 Rep.Nro.: 0 Piso:  Dpto:, 6100 RUFINO CP:;
006085U;INMOBILIARIAS CUYANAS SA ;Res. 159/2026 - Pavimento;COBO.1650;115;1;1;0;0;0;0;81824.23;81824.23;0;81824.23;0;0;0;0;0;0;0;0;0;5595;427;385272;;;A;P.PERON 042 Rep.Nro.: 0 Piso:  Dpto:, 6100 RUFINO CP:;
006086U;INMOBILIARIAS CUYANAS SA ;C.C. Res. 074/2026;COBO.1660;115;4;4;0;0;0;0;40406.75;40406.75;4500.58;44907.33;0;0;0;0;0;0;0;0;0;5595;427;382376;;;A;P.PERON 042 Rep.Nro.: 0 Piso:  Dpto:, 6100 RUFINO CP:;
006086U;INMOBILIARIAS CUYANAS SA ;Res. 159/2026 - Pavimento;COBO.1660;115;1;1;0;0;0;0;81824.23;81824.23;0;81824.23;0;0;0;0;0;0;0;0;0;5595;427;385275;;;A;P.PERON 042 Rep.Nro.: 0 Piso:  Dpto:, 6100 RUFINO CP:;
006087U;INMOBILIARIAS CUYANAS SA ;C.C. Res. 074/2026;COBO.1670;115;4;4;0;0;0;0;40406.75;40406.75;4500.58;44907.33;0;0;0;0;0;0;0;0;0;5595;427;382384;;;A;P.PERON 042 Rep.Nro.: 0 Piso:  Dpto:, 6100 RUFINO CP:;
006087U;INMOBILIARIAS CUYANAS SA ;Res. 159/2026 - Pavimento;COBO.1670;115;1;1;0;0;0;0;81824.23;81824.23;0;81824.23;0;0;0;0;0;0;0;0;0;5595;427;385279;;;A;P.PERON 042 Rep.Nro.: 0 Piso:  Dpto:, 6100 RUFINO CP:;
006088U;INMOBILIARIAS CUYANAS SA ;C.C. Res. 074/2026;COBO.1680;115;4;4;0;0;0;0;40406.75;40406.75;4500.58;44907.33;0;0;0;0;0;0;0;0;0;5595;427;382388;;;A;P.PERON 042 Rep.Nro.: 0 Piso:  Dpto:, 6100 RUFINO CP:;
006088U;INMOBILIARIAS CUYANAS SA ;Res. 159/2026 - Pavimento;COBO.1680;115;1;1;0;0;0;0;81824.23;81824.23;0;81824.23;0;0;0;0;0;0;0;0;0;5595;427;385285;;;A;P.PERON 042 Rep.Nro.: 0 Piso:  Dpto:, 6100 RUFINO CP:;
006089U;COPPOLA GUSTAVO S;C.C. Res. 074/2026;COBO.1665;116;4;1;3;0;0;0;40406.75;10535.57;0;10535.57;29871.18;0;2449.43;32320.61;0;0;0;0;0;3097;631;382383;;;A;COBO.1659 Rep.Nro.: 0 Piso:  Dpto:, 6100 RUFINO CP:;
006089U;COPPOLA GUSTAVO S;Res. 159/2026 - Pavimento;COBO.1665;116;1;1;0;0;0;0;81824.23;81824.23;0;81824.23;0;0;0;0;0;0;0;0;0;3097;631;385277;;;A;COBO.1659 Rep.Nro.: 0 Piso:  Dpto:, 6100 RUFINO CP:;
006090U;BARALE VIRGINIA;C.C. Res. 074/2026;COBO.1655;116;4;1;3;0;0;0;40406.75;10535.57;0;10535.57;29871.18;0;955.88;30827.06;0;0;0;0;0;1207;5591;382375;;;A;COLON 283 Rep.Nro.: 0 Piso:  Dpto:, 6100RUFINO CP:;
006090U;BARALE VIRGINIA;Res. 159/2026 - Pavimento;COBO.1655;116;1;1;0;0;0;0;81824.23;81824.23;0;81824.23;0;0;0;0;0;0;0;0;0;1207;5591;385273;;;A;COLON 283 Rep.Nro.: 0 Piso:  Dpto:, 6100RUFINO CP:;
006091U;MEYZENE MARIANA N;C.C. Res. 074/2026;COBO.1645;116;4;0;4;0;0;0;39828.24;0;0;0;39828.24;0;1901.8;41730.04;0;0;0;0;0;6821;5592;382373;;;A;CARBALLEIRA 375 Rep.Nro.: 0 Piso:  Dpto:, 6100RUFINO CP:;
006091U;MEYZENE MARIANA N;Res. 159/2026 - Pavimento;COBO.1645;116;1;0;1;0;0;0;81824.23;0;0;0;81824.23;0;0;81824.23;0;0;0;0;0;6821;5592;385269;;;A;CARBALLEIRA 375 Rep.Nro.: 0 Piso:  Dpto:, 6100RUFINO CP:;
006092U;SOLA FLORENCIA ROMINA ;C.C. Res. 074/2026;COBO.1635;116;4;2;2;0;0;0;40406.75;20492.63;866.26;21358.89;19914.12;0;1792.27;21706.39;0;0;0;0;0;32547;36292;382370;;;A;J.ARZUDUY 035 Rep.Nro.: 0 Piso:  Dpto:, 6100 RUFINO CP:;
006092U;SOLA FLORENCIA ROMINA ;Res. 159/2026 - Pavimento;COBO.1635;116;1;1;0;0;0;0;81824.23;81824.23;0;81824.23;0;0;0;0;0;0;0;0;0;32547;36292;385263;;;A;J.ARZUDUY 035 Rep.Nro.: 0 Piso:  Dpto:, 6100 RUFINO CP:;
006093U;SIGNORILE VALENTIN C;C.C. Res. 074/2026;COBO.1615;116;4;4;0;0;0;0;132240.29;132240.29;14729.21;146969.5;0;0;0;0;0;0;0;0;0;10282;5594;382360;;;A;COBO.1615 Rep.Nro.: 0 Piso:  Dpto:, 6100RUFINO CP:;
006093U;SIGNORILE VALENTIN C;Res. 159/2026 - Pavimento;COBO.1615;116;1;1;0;0;0;0;167367.75;167367.75;0;167367.75;0;0;0;0;0;0;0;0;0;10282;5594;385256;;;A;COBO.1615 Rep.Nro.: 0 Piso:  Dpto:, 6100RUFINO CP:;
006094U;SIGNORILE/FARIAS ANALIA;C.C. Res. 074/2026;J.ARZUDUY 025;116;4;4;0;0;0;0;47753.45;47753.45;5318.88;53072.33;0;0;0;0;0;0;0;0;0;10288;5595;382573;;;A;J.ARZUDUY 025 Rep.Nro.: 0 Piso:  Dpto:, 2000ROSARIO CP:;
006095U;SIGNORILE/LUHACES HUGO;C.C. Res. 074/2026;J.ARZUDUY 035;116;4;1;3;0;0;0;40406.75;10535.57;0;10535.57;29871.18;0;2688.4;32559.58;0;0;0;0;0;10290;5596;382574;;;A;J.AZURDUY 035 Rep.Nro.: 0 Piso:  Dpto:, 6100 RUFINO CP:;
006096U;SIGNORILE VALENTIN;C.C. Res. 074/2026;J.ARZUDUY 045;116;4;4;0;0;0;0;40406.75;40406.75;4500.58;44907.33;0;0;0;0;0;0;0;0;0;10283;5597;382575;;;A;J.ARZUDUY 045 Rep.Nro.: 0 Piso:  Dpto:, 6100 RUFINO CP:;
006097U;RABBIA OMAR NELSON;C.C. Res. 074/2026;J.ARZUDUY 055;116;4;4;0;0;0;0;40406.75;40406.75;4500.58;44907.33;0;0;0;0;0;0;0;0;0;9022;14686;382577;;;A;IRIGOYEN.1027 Rep.Nro.: 0 Piso:  Dpto:, 6100RUFINO CP:;
006098U;CUEVAS CLAUDIA RAQUEL;C.C. Res. 074/2026;J.ARZUDUY 065;116;4;4;0;0;0;0;40406.75;40406.75;4500.58;44907.33;0;0;0;0;0;0;0;0;0;32607;32981;382578;;;A;BV.SAN MARTIN 363 Rep.Nro.: 0 Piso:  Dpto:, 6100RUFINO CP:;
006101U;POLDRUGACH J./RIGONAT;C.C. Res. 074/2026;ALEM VIEYRA 1605;115;4;3;1;0;0;0;146933.66;110726.16;11477.78;122203.94;36207.5;0;4272.49;40479.99;0;0;0;0;0;8826;5602;382305;;;A;BV.ESPAÑA 560 Rep.Nro.: 0 Piso:  Dpto:, 6100 RUFINO CP:;
006102U;POLDRUGACH J./RIGONAT;C.C. Res. 074/2026;ALEM VIEYRA 1615;115;4;0;4;0;0;0;35707.52;0;0;0;0;0;0;0;0;35707.52;0;0;0;8826;5602;382306;;;B;BV.ESPAÑA 560 Rep.Nro.: 0 Piso:  Dpto:, 6100 RUFINO CP:;
006102U;POLDRUGACH J./RIGONAT;C.C. Res. 074/2026;ALEM VIEYRA 1615;115;4;3;1;0;0;0;36733.43;27681.55;2869.44;30550.99;9051.88;0;1068.12;10120;0;0;0;0;0;8826;5602;382633;;;A;BV.ESPAÑA 560 Rep.Nro.: 0 Piso:  Dpto:, 6100 RUFINO CP:;
006103U;PANUNZIO/MENDILUCE ROBERTO (P);C.C. Res. 074/2026;ALEM VIEYRA 1625;115;4;4;0;0;0;0;36733.43;36733.43;4091.44;40824.87;0;0;0;0;0;0;0;0;0;8345;5604;382312;;;A;J.B.JUSTO 013 Rep.Nro.: 0 Piso:  Dpto:, 6100 RUFINO CP:;
006104U;CHASCO MARIANO ARIEL;C.C. Res. 074/2026;ALEM VIEYRA 1635;115;4;4;0;0;0;0;36733.43;36733.43;4091.44;40824.87;0;0;0;0;0;0;0;0;0;22382;23308;382314;;;A;L.DE LA TORRE Rep.Nro.: 0 Piso:  Dpto:, 6100 RUFINO CP:;
006105U;CHASCO MANUEL IGNACIO;C.C. Res. 074/2026;ALEM VIEYRA 1645;115;4;4;0;0;0;0;36733.43;36733.43;4091.44;40824.87;0;0;0;0;0;0;0;0;0;31558;31943;382318;;;A;AVDA. CABILDO Rep.Nro.: 0 Piso: 7 Dpto:A, CIUDAD DE BUENOS AIRES CP:;
006106U;CHASCO MARTIN CARLOS;C.C. Res. 074/2026;ALEM VIEYRA 1655;115;4;4;0;0;0;0;36733.43;36733.43;4091.44;40824.87;0;0;0;0;0;0;0;0;0;28634;29224;382319;;;A;POSADAS Rep.Nro.: 985 Piso:  Dpto:, 6100 RUFINO CP:;
006107U;CHASCO MARTIN CARLOS;C.C. Res. 074/2026;ALEM VIEYRA 1665;115;4;4;0;0;0;0;36733.43;36733.43;4091.44;40824.87;0;0;0;0;0;0;0;0;0;28634;29224;382320;;;A;POSADAS Rep.Nro.: 985 Piso:  Dpto:, 6100 RUFINO CP:;
006108U;ELBUSTO MARIA MERCEDES;C.C. Res. 074/2026;ALEM VIEYRA 1675;115;4;0;4;0;0;0;36207.52;0;0;0;0;0;0;0;0;36207.52;0;0;0;3794;927;382323;;;B;P.PERON 042 Rep.Nro.: 0 Piso:  Dpto:, 6100 RUFINO CP:;
006108U;ELBUSTO MARIA MERCEDES;C.C. Res. 074/2026;ALEM VIEYRA 1675;115;1;0;1;0;0;0;217245;0;0;0;195520.5;0;0;195520.5;0;0;0;0;0;3794;927;384928;;;A;PARAISOS Rep.Nro.: 482 Piso:  Dpto:, 6100 RUFINO CP:;
006109U;INMOBILIARIAS CUYANAS SA ;C.C. Res. 074/2026;ALEM VIEYRA 1695;115;4;0;4;0;0;0;150623.2;0;0;0;0;0;0;0;0;150623.2;0;0;0;5595;427;382324;;;B;P.PERON 042 Rep.Nro.: 0 Piso:  Dpto:, 6100 RUFINO CP:;
006109U;ELBUSTO MARIA MERCEDES;C.C. Res. 074/2026;ALEM VIEYRA 1695;115;4;0;4;0;0;0;36207.52;0;0;0;0;0;0;0;0;36207.52;0;0;0;3794;927;384030;;;B;P.PERON 042 Rep.Nro.: 0 Piso:  Dpto:, 6100 RUFINO CP:;
006109U;ELBUSTO MARIA MERCEDES;C.C. Res. 074/2026;ALEM VIEYRA 1695;115;1;0;1;0;0;0;217245;0;0;0;195520.5;0;0;195520.5;0;0;0;0;0;3794;927;384929;;;A;PARAISOS Rep.Nro.: 482 Piso:  Dpto:, 6100 RUFINO CP:;
006110U;ELBUSTO MARIA MERCEDES;C.C. Res. 074/2026;ALEM VIEYRA 1685;115;4;0;4;0;0;0;36207.52;0;0;0;0;0;0;0;0;36207.52;0;0;0;3794;927;382638;;;B;P.PERON 042 Rep.Nro.: 0 Piso:  Dpto:, 6100 RUFINO CP:;
006110U;ELBUSTO MARIA MERCEDES;C.C. Res. 074/2026;ALEM VIEYRA 1685;115;1;0;1;0;0;0;217245;0;0;0;195520.5;0;0;195520.5;0;0;0;0;0;3794;927;384933;;;A;PARAISOS Rep.Nro.: 482 Piso:  Dpto:, 6100 RUFINO CP:;
006111U;ABATEDAGA SALABERRY  NICOLAS;C.C. Res. 074/2026;R.FAVALORO 070;115;4;0;4;0;0;0;39828.24;0;0;0;0;0;0;0;0;39828.24;0;0;0;19084;19935;382646;;;B;RUTA NACIONAL 33 KM 541 Rep.Nro.: 0 Piso:  Dpto:, 6100 RUFINO CP:;
006112U;INMOBILIARIAS CUYANAS SA ;C.C. Res. 074/2026;R.FAVALORO 060;115;4;0;4;0;0;0;39828.24;0;0;0;0;0;0;0;0;39828.24;0;0;0;5595;427;382643;;;B;P.PERON 042 Rep.Nro.: 0 Piso:  Dpto:, 6100 RUFINO CP:;
006113U;INMOBILIARIAS CUYANAS SA ;C.C. Res. 074/2026;R.FAVALORO 050;115;4;0;4;0;0;0;39828.24;0;0;0;0;0;0;0;0;39828.24;0;0;0;5595;427;382641;;;B;P.PERON 042 Rep.Nro.: 0 Piso:  Dpto:, 6100 RUFINO CP:;
006114U;INMOBILIARIAS CUYANAS SA ;C.C. Res. 074/2026;R.FAVALORO 040;115;4;0;4;0;0;0;39828.24;0;0;0;0;0;0;0;0;39828.24;0;0;0;5595;427;382639;;;B;P.PERON 042 Rep.Nro.: 0 Piso:  Dpto:, 6100 RUFINO CP:;
006115U;INMOBILIARIAS CUYANAS SA ;C.C. Res. 074/2026;R.FAVALORO 030;115;4;0;4;0;0;0;39828.24;0;0;0;0;0;0;0;0;39828.24;0;0;0;5595;427;382637;;;B;P.PERON 042 Rep.Nro.: 0 Piso:  Dpto:, 6100 RUFINO CP:;
006116U;INMOBILIARIAS CUYANAS SA ;C.C. Res. 074/2026;R.FAVALORO 020;115;4;0;4;0;0;0;142874.8;0;0;0;0;0;0;0;0;142874.8;0;0;0;5595;427;382635;;;B;P.PERON 042 Rep.Nro.: 0 Piso:  Dpto:, 6100 RUFINO CP:;
006116U;INMOBILIARIAS CUYANAS SA ;C.C. Res. 074/2026;R.FAVALORO 020;115;4;4;0;0;0;0;42243.44;42243.44;4705.16;46948.6;0;0;0;0;0;0;0;0;0;5595;427;384035;;;A;P.PERON 042 Rep.Nro.: 0 Piso:  Dpto:, 6100 RUFINO CP:;
006116U;INMOBILIARIAS CUYANAS SA ;Res. 159/2026 - Pavimento;R.FAVALORO 020;115;1;1;0;0;0;0;81824.23;81824.23;0;81824.23;0;0;0;0;0;0;0;0;0;5595;427;385287;;;A;P.PERON 042 Rep.Nro.: 0 Piso:  Dpto:, 6100 RUFINO CP:;
006127U;MARTIN ALDO ANTONIO;C.C. Res. 074/2026;F.QUIROGA 120;54;4;4;0;0;0;0;45916.75;45916.75;5114.3;51031.05;0;0;0;0;0;0;0;0;0;6468;1093;382623;;;A;P.PERON 576 Rep.Nro.: 0 Piso:  Dpto:, 6100RUFINO CP:;
006127U;MARTIN ALDO ANTONIO;C.C. Res. 074/2026;F.QUIROGA 120;54;4;0;4;0;0;0;45259.36;0;0;0;0;0;0;0;0;45259.36;0;0;0;6468;1093;382625;;;B;P.PERON 576 Rep.Nro.: 0 Piso:  Dpto:, 6100RUFINO CP:;
006128U;SANZ ADALBERTO ALFREDO;C.C. Res. 074/2026;F.QUIROGA 130;54;4;4;0;0;0;0;45916.75;45916.75;5114.3;51031.05;0;0;0;0;0;0;0;0;0;10033;5627;382628;;;A;CROUZEILLES 308 Rep.Nro.: 0 Piso:  Dpto:, 6100RUFINO CP:;
006248U;CROCCO DIEGO DAVID;Plan 50 ;LORENZETTI 236;26D;12;2;10;0;0;0;14213.49;2810.46;16001.35;18811.81;11403.03;0;1621.23;13024.26;0;0;0;0;0;13879;13526;276558;;CALLE 13-LORENZETTI 200-300;A;CENTENARIO 285 Rep.Nro.: 0 Piso:  Dpto:, 6100 RUFINO CP:;
006249U;COSTA WALTER JOSE;Plan 50 ;LORENZETTI 246;26D;12;0;12;0;0;0;13799.51;0;0;0;13799.51;0;8682.37;22481.88;0;0;0;0;0;3236;5688;276559;;CALLE-LORENZETTI 200-300;A;L.DE LA TORRE 265 Rep.Nro.: 0 Piso:  Dpto:, 6100RUFINO CP:;
006250U;COSTA WALTER JOSE;Plan 50 ;LORENZETTI 256;26D;12;0;12;0;0;0;16423.65;0;0;0;16423.65;0;10403.9;26827.55;0;0;0;0;0;3236;5688;277152;;CALLE 13 - LORENZETTI 200 - 300;A;L.DE LA TORRE 265 Rep.Nro.: 0 Piso:  Dpto:, 6100RUFINO CP:;
006251U;AZCURRA ELENA L;Plan 50 ;LORENZETTI 270;26D;12;12;0;0;0;0;16721.77;16721.77;98711.03;115432.8;0;0;0;0;0;0;0;0;0;1022;5690;276563;;CALLE 13- LORENZETTI 200-300;A;LORENZETTI 270 Rep.Nro.: 0 Piso:  Dpto:, 6100RUFINO CP:;
006261U;GIRALDI LAURA BEATRIZ;Plan 50 ;MEUNIER 576;5D;12;0;12;0;0;0;8455.35;0;0;0;8455.35;0;16676.33;25131.68;0;0;0;0;0;33422;33831;285506;;CALLE 24 - MEUNIER 500 - 600;A;MEUNIER 336 Rep.Nro.: 0 Piso:  Dpto:, 6100RUFINO CP:;
006262U;CATTANEO SILVANA CLAUDIA;Plan 50 ;MEUNIER 564;5D;36;0;36;0;0;0;14381.16;0;0;0;3179.13;0;43.78;3222.91;0;11202.03;0;0;0;13709;12656;275281;;"CALLE 24 - MEUNIER 500 - 600
";B;MEUNIER 564 Rep.Nro.: 0 Piso:  Dpto:, 6100RUFINO CP:;
006262U;CATTANEO SILVANA CLAUDIA;Plan 50 ;MEUNIER 564;5D;36;0;36;0;0;0;10343.26;0;0;0;7164.13;0;1313.13;8477.26;0;3179.13;0;0;0;13709;12656;285516;;CALLE 24 - MRUNIRT 500 - 600;A;MEUNIER 564 Rep.Nro.: 0 Piso:  Dpto:, 6100 RUFINO CP:;
006263U;VOLPI JORGE R;Plan 50 ;MEUNIER 554;5D;12;0;12;0;0;0;16343.97;0;0;0;0;0;0;0;0;16343.97;0;0;0;11395;5701;276804;;CALLE 24 - MEUNIER 500 - 600;B;MEUNIER 554 Rep.Nro.: 0 Piso:  Dpto:, 6100RUFINO CP:;
006263U;VOLPI JORGE R;Plan 50 ;MEUNIER 554;5D;12;0;12;0;0;0;8455.35;0;0;0;8455.35;0;1457.52;9912.87;0;0;0;0;0;11395;5701;285520;;CALLE 24 - MEUNIER 500 - 600;A;MEUNIER 554 Rep.Nro.: 0 Piso:  Dpto:, 6100RUFINO CP:;
006264U;RAVASOTTI RICARDO AGUSTIN;Plan 50 ;MEUNIER 544;5D;1;0;1;0;0;0;2867.55;0;0;0;2867.55;0;0;2867.55;0;0;0;0;0;15183;15088;275848;;calle 24-meunier 500-600;A;MEUNIER 544 Rep.Nro.: 0 Piso:  Dpto:, 6100 RUFINO CP:;
006266U;PIRILLO HECTOR HUGO;Plan 50 ;MEUNIER 526;5D;12;0;12;0;0;0;11606.76;0;0;0;0;0;0;0;0;11606.76;0;0;0;25854;26657;275769;;CALLE 24 - MEUNIER 500 - 600;B;MEUNIER 526 Rep.Nro.: 0 Piso:  Dpto:, 6100RUFINO CP:;
006266U;PIRILLO HECTOR HUGO;Plan 50 ;MEUNIER 526;5D;12;0;12;0;0;0;5803.44;0;0;0;0;0;0;0;0;5803.44;0;0;0;25854;26657;277682;;CALLE 24 -MEUNIER 500 - 600 50%;B;MEUNIER 526 Rep.Nro.: 0 Piso:  Dpto:, 6100RUFINO CP:;
006266U;PIRILLO HECTOR HUGO;Plan 50 ;MEUNIER 526;5D;12;0;12;0;0;0;3903.36;0;0;0;1706.88;0;16.53;1723.41;0;2196.48;0;0;0;25854;26657;277734;;CALLE 24 - MEUNIER 500 - 600;B;MEUNIER 526 Rep.Nro.: 0 Piso:  Dpto:, 6100RUFINO CP:;
006266U;PIRILLO HECTOR HUGO;Plan 50 ;MEUNIER 526;5D;12;0;12;0;0;0;3593.55;0;0;0;1886.67;0;81.65;1968.32;0;1706.88;0;0;0;25854;26657;285524;;CALLE 24 - MUNIER 500 - 600;A;MEUNIER 526 Rep.Nro.: 0 Piso:  Dpto:, 6100RUFINO CP:;
006267U;CORREA DANIEL O;Plan 50 ;MEUNIER 516;5D;24;0;24;0;0;0;11606.64;0;0;0;0;0;0;0;0;11606.64;0;0;0;3175;5705;275450;;CALLE 24 - MEUNIER 500 - 600;B;MEUNIER 516 Rep.Nro.: 0 Piso:  Dpto:, 6100RUFINO CP:;
006293U;SANZ ADALBERTO ALFREDO;C.C. Res. 074/2026;F.QUIROGA 140;54;4;4;0;0;0;0;45916.75;45916.75;5114.3;51031.05;0;0;0;0;0;0;0;0;0;10033;5627;382631;;;A;CROUZEILLES 308 Rep.Nro.: 0 Piso:  Dpto:, 6100RUFINO CP:;
006293U;SANZ ADALBERTO ALFREDO;C.C. Res. 074/2026;F.QUIROGA 140;54;4;0;4;0;0;0;45259.36;0;0;0;0;0;0;0;0;45259.36;0;0;0;10033;5627;382632;;;B;CROUZEILLES 308 Rep.Nro.: 0 Piso:  Dpto:, 6100RUFINO CP:;
006302U;GALLO MIRTA EDITH;Plan 50 ;MEUNIER 506;5D;1;0;1;0;0;0;10705.52;0;0;0;10705.52;0;0;10705.52;0;0;0;0;0;4502;5257;276089;;calle 24 meunier 500-600;A;J.B.JUSTO 248 Rep.Nro.: 0 Piso:  Dpto:, 6100RUFINO CP:;
006303U;MENGHINI DELIA V ;C.C. Ord. 3081/2016;AYACUCHO 975;10AC;1;0;0;1;0;0;11624;0;0;0;0;0;0;0;0;0;11624;0;0;6775;5740;168490;;;A;B.FERREYRA 539 Rep.Nro.: 0 Piso:  Dpto:, 6100RUFINO;
006303U;MENGHINI DELIA V ;Plan 50 ;AYACUCHO 975;10AC;12;0;12;0;0;0;208000.92;0;0;0;208000.92;0;306188;514188.92;0;0;0;0;0;6775;5740;277035;;CALLE 45 - POSADAS 600 - 700;A;B.FERREYRA 539 Rep.Nro.: 0 Piso:  Dpto:, 6100RUFINO CP:;
006303U;MENGHINI DELIA V ;Pavimento Res. 046/2026;AYACUCHO 975;10AC;6;6;0;0;0;0;2483574.66;2483574.66;483483.94;2967058.6;0;0;0;0;0;0;0;0;0;6775;5740;380071;;;A;B.FERREYRA 539 Rep.Nro.: 0 Piso:  Dpto:, 6100RUFINO CP:;
006305U;BIGO NELIDA  A;Plan 50 ;M.ROCA.1099;26D;1;0;1;0;0;0;19117;0;0;0;19117;0;0;19117;0;0;0;0;0;1695;5741;275664;;calle 13-lorenzetti 200-300;A;M.ROCA.1099 Rep.Nro.: 0 Piso:  Dpto:, 6100RUFINO CP:;
006310U;CTRO EMPLEADO COMERCIO;C.C. Ord. 3081/2016;AYACUCHO 905;10AC;1;0;0;1;0;0;7726.9;0;0;0;0;0;0;0;0;0;7726.9;0;0;3273;5746;168488;;;A;B.FERREYRA 285 Rep.Nro.: 0 Piso:  Dpto:, 6100RUFINO;
006310U;CENTRO DE EMPLEADOS DE COMERCIO;Plan 50 ;AYACUCHO 905;10AC;12;0;12;0;0;0;103133.7;0;0;0;103133.7;0;18479.08;121612.78;0;0;0;0;0;2123;181;277207;;CALLE 47 AZCUENAGA 600-700;A;B.FERREYRA 285 Rep.Nro.: 0 Piso:  Dpto:, 6100 RUFINO CP:;
006310U;CENTRO DE EMPLEADOS DE COMERCIO;Pavimento Res. 046/2026;AYACUCHO 905;10AC;6;3;3;0;0;0;1650919.23;834440.88;61748.63;896189.51;816478.35;0;110496.74;926975.09;0;0;0;0;0;2123;181;380030;;;A;B.FERREYRA 285 Rep.Nro.: 0 Piso:  Dpto:, 6100 RUFINO CP:;
006312U;ALBERTENGO OSCAR RUBEN;Plan 50 ;POSADAS 625;10C;12;0;12;0;0;0;9401.52;0;0;0;0;0;0;0;0;9401.52;0;0;0;13228;12568;276683;;CALLE 44 - OMBU 400 - 500;B;POSADAS 625 Rep.Nro.: 0 Piso:  Dpto:, 6100 RUFINO CP:;
006312U;ALBERTENGO OSCAR RUBEN;Plan 50 ;POSADAS 625;10C;1;0;1;0;0;0;9401.46;0;0;0;9401.46;0;0;9401.46;0;0;0;0;0;13228;12568;281650;;CALLE 45 - POSADAS 600 - 700;A;POSADAS 625 Rep.Nro.: 0 Piso:  Dpto:, 6100 RUFINO CP:;
006330U;LIPTAI JULIO;Plan 50 ;M.ROCA.1096;26C;36;0;36;0;0;0;28930.97;0;0;0;28930.97;655.77;1150.83;30737.57;0;0;0;0;0;5907;5766;276000;;CALLE 14 - LORENZETTI 300 - 400;A;MEUNIER 365 Rep.Nro.: 0 Piso:  Dpto:, 6100 RUFINO CP:;
006331U;CAPELLI CRISTIAN N;Plan 50 ;LORENZETTI 320;26C;1;0;1;0;0;0;8392.36;0;0;0;8392.36;0;0;8392.36;0;0;0;0;0;18294;17256;275703;;CALLE 14 - LORENZETTI 300 - 400;A;LORENZETTI 320 Rep.Nro.: 0 Piso:  Dpto:, 6100RUFINO CP:;
006332U;ZORZI/BRINGAS LAURA;Plan 50 ;LORENZETTI 328;26C;12;12;0;0;0;0;12578.92;12578.92;74255.22;86834.14;0;0;0;0;0;0;0;0;0;11605;5767;276577;;CALLE 14 LORENZETTI 300-400;A;LORENZETTI 328 Rep.Nro.: 0 Piso:  Dpto:, 6100RUFINO CP:;
006333U;CATUCH JUAN C;Plan 50 ;LORENZETTI 336;26C;36;7;13;0;0;16;18450.97;3011.96;16380.76;19392.72;4487.36;0;79.11;4566.47;0;61.06;0;0;10890.59;2597;865;275260;;CALLE 14 - LORENZETTI 300 - 400;A;COBO 839 Rep.Nro.: 0 Piso:  Dpto:, 6100RUFINO CP:;
006334U;CATUCH JUAN C;Plan 50 ;LORENZETTI 346;26C;36;7;13;0;0;16;20849.27;3403.47;18510.02;21913.49;5070.57;0;89.39;5159.96;0;69;0;0;12306.23;2597;865;275261;;CALLE 14 - LORENZETTI 300 - 400;A;COBO 839 Rep.Nro.: 0 Piso:  Dpto:, 6100RUFINO CP:;
006335U;GARCIA NICANOR;Plan 50 ;LORENZETTI 356;26C;12;0;12;0;0;0;11606.76;0;0;0;0;0;0;0;0;11606.76;0;0;0;4591;5770;276579;;CALLE 14 LORENZETTI 300-400;B;ASAMBLEA 259 Rep.Nro.: 0 Piso:  Dpto:, 6100 RUFINO CP:;
006335U;GARCIA NICANOR;Plan 50 ;LORENZETTI 356;26C;12;0;12;0;0;0;16234.75;0;0;0;15991.24;0;124.74;16115.98;0;243.51;0;0;0;4591;5770;276582;;CALLE 14 LORENZETTI 300-400;A;ASAMBLEA 259 Rep.Nro.: 0 Piso:  Dpto:, 6100 RUFINO CP:;
006336U;SOSA LEONARDO GABRIEL;Plan 50 ;LORENZETTI 364;26C;12;0;12;0;0;0;10272;0;0;0;0;0;0;0;0;10272;0;0;0;10511;4751;276586;;CALLE 14 LORENZETTI 300-400;B;COBO 550 Rep.Nro.: 0 Piso:  Dpto:, 6100RUFINO CP:;
006336U;SOSA LEONARDO GABRIEL;Plan 50 ;LORENZETTI 364;26C;1;0;1;0;0;0;10272;0;0;0;10272;0;0;10272;0;0;0;0;0;10511;4751;282353;;CALLE 14 - LORENZETTI 300 - 400;A;COBO 550 Rep.Nro.: 0 Piso:  Dpto:, 6100 RUFINO CP:;
006337U;ZORZI RODOLFO Y OT/SOSA;Plan 50 ;LORENZETTI 374;26C;12;0;12;0;0;0;12084.72;0;0;0;0;0;0;0;0;12084.72;0;0;0;11603;5772;276589;;CALLE 14 LORENZETTI 300-400;B;COBO 550 Rep.Nro.: 0 Piso:  Dpto:, 6100RUFINO CP:;
006337U;ZORZI RODOLFO Y OT/SOSA;Plan 50 ;LORENZETTI 374;26C;1;0;1;0;0;0;10272;0;0;0;10272;0;0;10272;0;0;0;0;0;11603;5772;282354;;CALLE 14 - LORENZETTI 300 - 400;A;COBO 550 Rep.Nro.: 0 Piso:  Dpto:, 6100RUFINO CP:;
006338U;SOSA TOMAS FRANCISCO;Plan 50 ;LORENZETTI 382;26C;12;0;12;0;0;0;10191;0;0;0;0;0;0;0;0;10191;0;0;0;10521;5773;276591;;CALLE 14 LORENZETTI 300-400;B;COBO 550 Rep.Nro.: 0 Piso:  Dpto:, 6100RUFINO CP:;
006338U;SOSA TOMAS FRANCISCO;Plan 50 ;LORENZETTI 382;26C;1;0;1;0;0;0;10191;0;0;0;10191;0;0;10191;0;0;0;0;0;10521;5773;282355;;CALLE 14 - LORENZETTI 300 - 400;A;COBO 550 Rep.Nro.: 0 Piso:  Dpto:, 6100RUFINO CP:;
006339U;SCOLARI GASTON MAURO;Plan 50 ;LORENZETTI 390;26C;12;12;0;0;0;0;20186.76;20186.76;119082.72;139269.48;0;0;0;0;0;0;0;0;0;10128;5774;275721;;CALLE 14 - LORENZETTI 300 - 400;A;MAGALLANES 226 Rep.Nro.: 0 Piso:  Dpto:, 6100RUFINO CP:;
006339U;SCOLARI GASTON MAURO;Plan 50 ;LORENZETTI 390;26C;12;11;1;0;0;0;23357.82;21786.07;128095.99;149882.06;1571.75;0;0;1571.75;0;0;0;0;0;10128;5774;275722;;CALLE 32 - FERRARI 1000 - 1100;A;MAGALLANES 226 Rep.Nro.: 0 Piso:  Dpto:, 6100RUFINO CP:;
006340U;TORRES OSVALDO;Plan 50 ;LORENZETTI 516;21C;12;0;0;0;0;12;16721.77;0;0;0;0;0;0;0;0;0;0;0;16721.77;10913;5775;276634;;CALLE 16 LORENZETTI 500-600;A;LORENZETTI 516 Rep.Nro.: 0 Piso:  Dpto:, 6100 RUFINO CP:;
006341U;GUTIERREZ P;Plan 50 ;LORENZETTI 526;21C;12;0;12;0;0;0;16910.67;0;0;0;16910.67;0;56621.18;73531.85;0;0;0;0;0;5392;5776;276043;;CALLE 16 - LORENZETTI 500 - 600;A;LORENZETTI 526 Rep.Nro.: 0 Piso:  Dpto:,  CP:;
006342U;TORINO NATALIO R;Plan 50 ;LORENZETTI 536;21C;36;0;16;20;0;0;24691.26;0;0;0;7925.02;0;14080.9;22005.92;0;0;16766.24;0;0;10886;3331;275651;;CALLE 16 - LORENZETTI 500 - 600;A;LORENZETTI 536 Rep.Nro.: 0 Piso:  Dpto:, 6100RUFINO CP:;
006343U;GUTIERREZ P DE ;Plan 50 ;LORENZETTI 548;21C;12;0;0;0;0;12;16721.77;0;0;0;0;0;0;0;0;0;0;0;16721.77;5393;7482;276635;;CALLE 16 LORENZETTI 500-600;A;SANTA FE 789 Rep.Nro.: 0 Piso:  Dpto:, 6100RUFINO CP:;
006344U;GUTIERREZ P DE ;Plan 50 ;LORENZETTI 556;21C;12;12;0;0;0;0;16910.67;16910.67;99692.15;116602.82;0;0;0;0;0;0;0;0;0;5393;7482;277155;;CALLE 16 - LORENZETTI 500 - 600;A;LORENZETTI 556 Rep.Nro.: 0 Piso:  Dpto:, 6100RUFINO CP:;
006345U;GUTIERREZ/GONZALES SANTO;Plan 50 ;LORENZETTI 566;21C;12;8;4;0;0;0;14213.49;10137.58;59041.51;69179.09;4075.91;0;6598.64;10674.55;0;0;0;0;0;5404;5780;276637;;CALLE 16 LORENZETTI 500-600;A;INDEPENDENCIA 575 Rep.Nro.: 0 Piso:  Dpto:, 6100RUFINO CP:;
006346U;TORINO NATALIO R;Plan 50 ;LORENZETTI 576;21C;36;0;16;20;0;0;24860.54;0;0;0;7925.02;0;14080.9;22005.92;0;0;16935.52;0;0;10886;3331;275653;;CALLE 16 - LORENZETTI 500 - 600;A;LORENZETTI 536 Rep.Nro.: 0 Piso:  Dpto:, 6100RUFINO CP:;
006356U;MUNICIPALIDAD DE RUFINO;Plan 50 ;LORENZETTI 501 ;11;1;0;1;0;0;0;38165.73;0;0;0;0;0;0;0;0;38165.73;0;0;0;7461;15172;276644;;CALLE 16 - LORENZETTI 500 - 600;A;.ITALIA 127 Rep.Nro.: 0 Piso:  Dpto:, 6100 RUFINO CP:;
006370U;ZORZI R ;Plan 50 ;L.DE LA TORRE 310;26AC;12;0;12;0;0;0;33443.43;0;0;0;33443.43;0;68130.03;101573.46;0;0;0;0;0;11601;7201;276688;;CALLE 18 L DE LA TORRE 300-400;A;SAN JUAN 026 DEP.1 RUFINO (STA FE) Rep.Nro.: 0 Piso:  Dpto:, 6100RUFINO CP:;
006371U;PEREZ JUAN F ;Plan 50 ;L.DE LA TORRE 330;26AC;12;0;12;0;0;0;11606.76;0;0;0;0;0;0;0;0;11606.76;0;0;0;8603;5805;276689;;CALLE 18 L.DE LA TORRE 300-400;B;L.DE LA TORRE 330 Rep.Nro.: 0 Piso:  Dpto:, 6100RUFINO CP:;
006371U;PEREZ JUAN F ;Plan 50 ;L.DE LA TORRE 330;26AC;36;34;2;0;0;0;21130.17;20485.37;107132.94;127618.31;644.8;0;19.36;664.16;0;0;0;0;0;8603;5805;277991;;CALLE 1 - L. DE LA TORRE  300 - 400;A;L.DE LA TORRE 330 Rep.Nro.: 0 Piso:  Dpto:, 6100RUFINO CP:;
006372U;ROMAN NELSON O;Plan 50 ;L.DE LA TORRE 334;26AC;36;0;36;0;0;0;21002.98;0;0;0;21002.98;0;3994.17;24997.15;0;0;0;0;0;9536;5806;275269;;CALLE 18 - L.DE LA TORRE 300 - 400;A;L.DE LA TORRE 334 Rep.Nro.: 0 Piso:  Dpto:, 6100RUFINO CP:;
006373U;MORIS GABRIEL C;Plan 50 ;L.DE LA TORRE 346;26AC;12;12;0;0;0;0;16721.77;16721.77;98711.03;115432.8;0;0;0;0;0;0;0;0;0;7168;5807;276690;;CALLE 18 L. DE LA TORRE 300-400;A;L.DE LA TORRE 346 Rep.Nro.: 0 Piso:  Dpto:, 6100RUFINO CP:;
006374U;CONTRERAS BERTOLA MARIA;Plan 50 ;L.DE LA TORRE 356;26AC;12;12;0;0;0;0;16721.77;16721.77;98711.03;115432.8;0;0;0;0;0;0;0;0;0;3067;5808;276691;;CALLE 18 L. DE LA TORRE 300-400;A;12 DE OCTUBRE.3550 Rep.Nro.: 0 Piso:  Dpto:, 1667TORT.BS.AS CP:;
006375U;ZORZI/CONTRERAS BERTOLA;Plan 50 ;L.DE LA TORRE;26AC;12;4;8;0;0;0;16721.77;6235.08;35767.39;42002.47;10486.69;0;17504.83;27991.52;0;0;0;0;0;11606;5809;276692;;CALLE 18 L.DE LA TORRE 300-400;A;.12 DE OCTUBRE.3550 Rep.Nro.: 0 Piso: 9 Dpto:E, 1414 TORTUGUITA CP:;
006376U;ROLDAN RAMON;Plan 50 ;L.DE LA TORRE 376;26AC;12;0;12;0;0;0;11606.76;0;0;0;0;0;0;0;0;11606.76;0;0;0;9526;5810;276693;;CALLE 18 L. DE LA TORRE 300-400;B;BV.ESPAÑA 472 Rep.Nro.: 0 Piso:  Dpto:, 6100 RUFINO CP:;
006376U;ROLDAN RAMON;Plan 50 ;L.DE LA TORRE 376;26AC;48;0;48;0;0;0;43041.3;0;0;0;43041.3;0;104006.45;147047.75;0;0;0;0;0;9526;5810;283908;;CALLE 18 - L.DE LA TORRE 300 - 400;A;BV.ESPAÑA 472 Rep.Nro.: 0 Piso:  Dpto:, 6100 RUFINO CP:;
006377U;MONTENEGRO HECTOR HORACIO;Plan 50 ;L.DE LA TORRE 398;26AC;12;12;0;0;0;0;34129.07;34129.07;201468.9;235597.97;0;0;0;0;0;0;0;0;0;17405;16613;276694;;CALLE 18 L. DE LA TORRE 300-400;A;L.DE LA TORRE 398 Rep.Nro.: 0 Piso:  Dpto:, 6100 RUFINO CP:;
006377U;MONTENEGRO HECTOR HORACIO;Plan 50 ;L.DE LA TORRE 398;26AC;12;12;0;0;0;0;20292.78;20292.78;119708.15;140000.93;0;0;0;0;0;0;0;0;0;17405;16613;276964;;CALLE 33 - FERRARI 900 - 1000;A;L.DE LA TORRE 398 Rep.Nro.: 0 Piso:  Dpto:, 6100 RUFINO CP:;
006378U;PANERO ANGEL FABIAN;Plan 50 ;FERRARI 985;26AC;24;0;24;0;0;0;27310.08;0;0;0;0;0;0;0;0;27310.08;0;0;0;45792;47586;276960;;CALLE 33 - FERRARI 900 - 1000;B;FERRARI 853 Rep.Nro.: 0 Piso:  Dpto:, 6100RUFINO CP:;
006378U;PANERO ANGEL FABIAN;Plan 50 ;FERRARI 985;26AC;12;12;0;0;0;0;16910.67;16910.67;99756.9;116667.57;0;0;0;0;0;0;0;0;0;45792;47586;276962;;CALLE 33 - FERRARI 900 - 1000;A;FERRARI 853 Rep.Nro.: 0 Piso:  Dpto:, 6100RUFINO CP:;
006379U;CIUNA JUAN JULIO;Plan 50 ;FERRARI 975;26AC;12;0;12;0;0;0;13655.04;0;0;0;0;0;0;0;0;13655.04;0;0;0;2887;5813;276956;;CALLE 33 - FERRARI 900 - 1000;B;FERRARI 975 Rep.Nro.: 0 Piso:  Dpto:, 6100 RUFINO CP:;
006379U;CIUNA JUAN JULIO;Plan 50 ;FERRARI 975;26AC;1;0;1;0;0;0;9558.5;0;0;0;9558.5;0;0;9558.5;0;0;0;0;0;2887;5813;278509;;calle 33 ferrari 900-1000;A;FERRARI 975 Rep.Nro.: 0 Piso:  Dpto:, 6100 RUFINO CP:;
006380U;AIMAR CRISTIAN HERNAN;Plan 50 ;FERRARI 965;26AC;12;0;12;0;0;0;14374.05;0;0;0;13406.82;967.23;9443.02;23817.07;0;967.23;0;0;0;24301;25264;276952;;CALLE 33 - FERRARI 900 - 1000;A;BV.ESPAÑA 981 Rep.Nro.: 0 Piso:  Dpto:, 6100 RUFINO CP:;
006381U;BARONIO/MONTENEGRI JORGE;Plan 50 ;FERRARI 955;26AC;12;12;0;0;0;0;17079.84;17079.84;100754.84;117834.68;0;0;0;0;0;0;0;0;0;1253;5815;276951;;CALLE 33 - FERRARI 900 - 1000;A;FERRARI 955 Rep.Nro.: 0 Piso:  Dpto:, 6100RUFINO CP:;
006460U;GARCIA GRACIELA N DE;Plan 50 ;GARAY 806;10B;1;0;1;0;0;0;22627.25;0;0;0;0;0;0;0;0;22627.25;0;0;0;4554;5878;276107;;calle 50 F.A GARIN 700-800;B;CARBALLEIRA 382 Rep.Nro.: 0 Piso:  Dpto:, 6100RUFINO CP:;
006460U;GARCIA GRACIELA N DE;Plan 50 ;GARAY 806;10B;1;0;1;0;0;0;26627.25;0;0;0;26627.25;0;0;26627.25;0;0;0;0;0;4554;5878;276109;;CALLE 50 F.A GARIN 700-800;A;CARBALLEIRA 382 Rep.Nro.: 0 Piso:  Dpto:, 6100RUFINO CP:;
006469U;ROMANUTTI GERARDO D;Plan 50 ;GARAY 896;10B;12;0;12;0;0;0;35417.61;0;0;0;35417.61;0;63295.97;98713.58;0;0;0;0;0;9591;5886;277219;;CALLE 48 AZCUENAGA 700-800;A;GARAY 896 Rep.Nro.: 0 Piso:  Dpto:, 6100 RUFINO CP:;
006470U;MENGHINI/CASTELLO A.;Plan 50 ;AZCUENAGA 774;10B;12;0;12;0;0;0;13892.37;0;0;0;13892.37;0;1649.9;15542.27;0;0;0;0;0;1399;5887;277218;;CALLE 48 AZCUENAGA 700-800;A;AZCUENAGA 774 Rep.Nro.: 0 Piso:  Dpto:, 6100 RUFINO CP:;
006471U;MENGHINI/GALARZA ROSA;Plan 50 ;AZCUENAGA 776;10B;12;0;12;0;0;0;16910.67;0;0;0;16910.67;0;28674.35;45585.02;0;0;0;0;0;1405;5888;277216;;CALLE 48 AZCUENAGA 700-800;A;F.A.GARIN 761 Rep.Nro.: 0 Piso:  Dpto:, 6100RUFINO CP:;
006472U;MENGHINI/FLORENTIN J.;Plan 50 ;AZCUENAGA 770;10B;12;0;12;0;0;0;16910.67;0;0;0;16910.67;0;18798.51;35709.18;0;0;0;0;0;1402;5889;277215;;CALLE 48 AZCUENAGA 700-800;A;F.A.GARIN 761 Rep.Nro.: 0 Piso:  Dpto:, 6100RUFINO CP:;
006473U;MENGHINI/GALARZA MARIO;Plan 50 ;AZCUENAGA 760;10B;12;0;12;0;0;0;16910.67;0;0;0;16910.67;0;38998;55908.67;0;0;0;0;0;1404;5890;277213;;CALLE 48 AZCUENAGA 700-800;A;F.A.GARIN 761 Rep.Nro.: 0 Piso:  Dpto:, 6100 RUFINO CP:;
006474U;MENGHINI JOSE LUIS;Plan 50 ;AZCUENAGA 754;10B;12;0;12;0;0;0;16910.67;0;0;0;16910.67;0;16819.96;33730.63;0;0;0;0;0;1407;5891;277212;;CALLE 48 AZCUENAGA 700-800;A;B.FERREYRA 539 Rep.Nro.: 0 Piso:  Dpto:, 6100RUFINO CP:;
006476U;MENGHINI/GIORGI GUILLERMO;Plan 50 ;F.A.GARIN 741;10B;12;12;0;0;0;0;16910.67;16910.67;99756.9;116667.57;0;0;0;0;0;0;0;0;0;1406;5893;277162;;CALLE 50 F.A.GARIN 700-800;A;F.A.GARIN 741 Rep.Nro.: 0 Piso:  Dpto:, 6100 RUFINO CP:;
006477U;MENGHINI/GALARZA AMELI;Plan 50 ;F.A.GARIN 749;10B;12;12;0;0;0;0;16910.67;16910.67;99756.9;116667.57;0;0;0;0;0;0;0;0;0;1403;5894;277164;;CALLE 50 F.A.GARIN 700-800;A;F.A.GARIN 761 Rep.Nro.: 0 Piso:  Dpto:, 6100RUFINO CP:;
006478U;MENGHINI/FLORENTIN J.;Plan 50 ;F.A.GARIN 755;10B;12;12;0;0;0;0;16910.67;16910.67;99756.9;116667.57;0;0;0;0;0;0;0;0;0;1402;5889;277167;;CALLE 50 F.A.GARIN 700-800;A;F.A.GARIN 761 Rep.Nro.: 0 Piso:  Dpto:, 6100RUFINO CP:;
006479U;MENGHINI/AGUIRRE SANDRA;Plan 50 ;F.A.GARIN 761;10B;12;12;0;0;0;0;16910.67;16910.67;99756.9;116667.57;0;0;0;0;0;0;0;0;0;1396;5896;277168;;CALLE 50 F.A.GARIN 700-800;A;F.A.GARIN 761  Rep.Nro.: 0 Piso:  Dpto:, 6100 RUFINO CP:;
006480U;MENGHINI/ZANELLI RODOLFO;Plan 50 ;F.A.GARIN 775;10B;12;0;12;0;0;0;16910.67;0;0;0;16910.67;0;32865.92;49776.59;0;0;0;0;0;1412;5897;277170;;CALLE 50 F.A.GARIN 700-800;A;GALAN 389 Rep.Nro.: 0 Piso:  Dpto:, 6100RUFINO CP:;
006481U;BATTISTELLO/CABRERA EDUARDO;Plan 50 ;GARAY 906;10BD;36;0;36;0;0;0;47792.52;0;0;0;0;0;0;0;0;47792.52;0;0;0;1397;5898;275724;;CALLE 48 - AZCUENAGA 700 - 800;B;GARAY 906 Rep.Nro.: 0 Piso:  Dpto:, 6100 RUFINO CP:;
006481U;BATTISTELLO/CABRERA EDUARDO;Plan 50 ;GARAY 906;10BD;36;0;36;0;0;0;12289.68;0;0;0;0;0;0;0;0;12289.68;0;0;0;1397;5898;275759;;CALLE 08 - GARAY 900 - 1000;B;GARAY 906 Rep.Nro.: 0 Piso:  Dpto:, 6100 RUFINO CP:;
006481U;CABRERA JUAN EDUARDO;Plan 50 ;GARAY 906;10BD;48;0;48;0;0;0;33151.43;0;0;0;33151.43;0;1509.06;34660.49;0;0;0;0;0;22380;23306;276240;;CALLE 08 - GARAY 900 - 1000;A;GARAY 906 Rep.Nro.: 0 Piso:  Dpto:, 6100 RUFINO CP:;
006481U;CABRERA JUAN EDUARDO;Plan 50 ;GARAY 906;10BD;48;0;48;0;0;0;128926.41;0;0;0;128926.41;0;6170.01;135096.42;0;0;0;0;0;22380;23306;276241;;CALLE 48 - AZCUENAGA 700 - 800;A;GARAY 906 Rep.Nro.: 0 Piso:  Dpto:, 6100 RUFINO CP:;
006482U;CAVANAGH SIERRA VALENTIN ADRIAN;Plan 50 ;GARAY 914;10BD;12;0;12;0;0;0;10933.56;0;0;0;0;0;0;0;0;10933.56;0;0;0;2638;9784;276950;;CALLE 08 GARAY 900-1000;B;CROUZEILLES 351 Rep.Nro.: 0 Piso:  Dpto:, 6100RUFINO CP:;
006482U;CAVANAGH SIERRA VALENTIN ADRIAN;Plan 50 ;GARAY 914;10BD;1;0;1;0;0;0;9004.1;0;0;0;9004.1;0;0;9004.1;0;0;0;0;0;2638;9784;277913;;calle 08 garay 900-1000;A;CROUZEILLES 351 Rep.Nro.: 0 Piso:  Dpto:, 6100RUFINO CP:;
006483U;PAGANI CRISTIAN D;Plan 50 ;GARAY 924;10BD;24;0;24;0;0;0;15476.47;0;0;0;15476.47;0;1360.37;16836.84;0;0;0;0;0;8193;5900;275616;;CALLE 08 - GARAY 900 - 1000;A;GARAY 924 Rep.Nro.: 0 Piso:  Dpto:, 6100RUFINO CP:;
006484U;MENGHINI/FALCONE CARLOS;Plan 50 ;GARAY 934;10BD;12;0;12;0;0;0;11606.76;0;0;0;0;0;0;0;0;11606.76;0;0;0;1400;5901;275251;;CALLE 08 - GARAY 900 - 1000;B;GARAY 934 Rep.Nro.: 0 Piso:  Dpto:, 6100RUFINO CP:;
006484U;MENGHINI/FALCONE CARLOS;Plan 50 ;GARAY 934;10BD;36;0;36;0;0;0;20993.15;0;0;0;20993.15;0;14285.93;35279.08;0;0;0;0;0;1400;5901;276165;;CALLE 08 - GARAY 900 - 1000;A;GARAY 934 Rep.Nro.: 0 Piso:  Dpto:, 6100RUFINO CP:;
006485U;ULLATE RAUL ALBERTO;Plan 50 ;AZCUENAGA 779;10BD;36;0;36;0;0;0;21062.15;0;0;0;20991.71;0;2719.55;23711.26;0;70.44;0;0;0;15651;15129;275451;;CALLE 48 - AZCUENAGA 700 - 800;A;AZCUENAGA 779 Rep.Nro.: 0 Piso:  Dpto:, 6100RUFINO CP:;
006486U;ALEM JORGE ADRIAN;Plan 50 ;AZCUENAGA 761;10BD;12;0;12;0;0;0;16910.67;0;0;0;16910.67;0;24045.93;40956.6;0;0;0;0;0;13238;14127;277222;;CALLE 48 AZCUENAGA 700-800;A;AZCUENAGA 761 Rep.Nro.: 0 Piso:  Dpto:, 6100RUFINO CP:;
006487U;GIRAUDO MAURICIO;Plan 50 ;AZCUENAGA 763;10BD;12;0;12;0;0;0;14167.06;0;0;0;14167.06;0;648.08;14815.14;0;0;0;0;0;4928;5904;275293;;CALLE 48 - AZCUENAGA 700 - 800;A;AZCUENAGA 753 Rep.Nro.: 0 Piso:  Dpto:, 6100 RUFINO CP:;
006488U;GAZZERA MONICA ANDREA;Plan 50 ;AZCUENAGA 753;10BD;12;9;3;0;0;0;16910.67;13496.91;78847.62;92344.53;3413.76;0;138.92;3552.68;0;0;0;0;0;14265;14401;275294;;CALLE 48 - AZCUENAGA 700 - 800;A;B.FERREYRA 539 Rep.Nro.: 0 Piso:  Dpto:, 6100 RUFINO CP:;
006490U;WHEELER/VIGNOLO FLORENCIA A.;Plan 50 ;SAN LORENZO 936;10AC;36;0;36;0;0;0;24422.44;0;0;0;23863.1;1118.68;281.82;25263.6;0;0;0;0;0;33514;33932;276523;;CALLE 39 - SAN LORERNZO 900 - 1000;A;SAN LORENZO 936 Rep.Nro.: 0 Piso:  Dpto:, 6100 RUFINO CP:;
006496U;CARDONA/COOREMAN EMILIO;C.C. Res. 074/2026;IRIGOYEN.1595;82;4;4;0;0;0;0;128566.94;128566.94;14320.07;142887.01;0;0;0;0;0;0;0;0;0;2383;4327;382457;;;A;J.AZURDUY 180 Rep.Nro.: 0 Piso:  Dpto:, 6100RUFINO CP:;
006497U;NUÑEZ MARCOS RAMON;C.C. Res. 074/2026;IRIGOYEN.1575;82;4;2;2;0;0;0;40406.75;20492.63;866.26;21358.89;19914.12;0;955.88;20870;0;0;0;0;0;27001;27669;382437;;;A;IRIGOYEN.1204 Rep.Nro.: 0 Piso:  Dpto:, 6100 RUFINO CP:;
006498U;OLIVERA WALTER FABIAN;C.C. Res. 074/2026;IRIGOYEN.1561;82;4;4;0;0;0;0;40406.75;40406.75;4500.58;44907.33;0;0;0;0;0;0;0;0;0;8045;5912;382435;;;A;M.ROCA 177 Rep.Nro.: 0 Piso:  Dpto:, 6100 RUFINO CP:;
006499U;CALLEGARI JULIO CESAR;C.C. Res. 074/2026;IRIGOYEN.1547;82;4;4;0;0;0;0;40406.75;40406.75;4500.58;44907.33;0;0;0;0;0;0;0;0;0;13638;14188;382431;;;A;ASAMBLEA 129 Rep.Nro.: 0 Piso:  Dpto:, 6100 RUFINO CP:;
006500U;CALLEGARI JULIO CESAR;C.C. Res. 074/2026;IRIGOYEN.1535;82;4;4;0;0;0;0;40406.75;40406.75;4500.58;44907.33;0;0;0;0;0;0;0;0;0;13638;14188;382428;;;A;ASAMBLEA 129 Rep.Nro.: 0 Piso:  Dpto:, 6100 RUFINO CP:;
006501U;CALLEGARI JULIO CESAR;C.C. Res. 074/2026;IRIGOYEN.1525;82;4;4;0;0;0;0;40406.75;40406.75;4500.58;44907.33;0;0;0;0;0;0;0;0;0;13638;14188;382426;;;A;ASAMBLEA 129 Rep.Nro.: 0 Piso:  Dpto:, 6100 RUFINO CP:;
006502U;BENAVIDES DI COCCO MARIELA VERONICA;C.C. Res. 074/2026;IRIGOYEN.1505;82;4;4;0;0;0;0;128566.94;128566.94;14320.07;142887.01;0;0;0;0;0;0;0;0;0;1521;1182;382420;;;A;P.PERON 380 Rep.Nro.: 0 Piso:  Dpto:, 6100 RUFINO CP:;
006533U;MARTIN/AUDISIO FRANCISCO JOSE;Concreto asfaltico plan parra;BV.SAN MARTIN.1313;50;50;2;48;0;0;0;274578.87;19643.67;842.7;20486.37;254935.2;0;15036.61;269971.81;0;0;0;0;0;6516;5929;323004;;;A;R.ESCALADA 280 Rep.Nro.: 0 Piso:  Dpto:, 6100 RUFINO CP:;
006534U;FERRERO/AUDISIO FRANCISCO JOSE;Concreto asfaltico plan parra;BV.SAN MARTIN.1325;50;50;2;48;0;0;0;274578.87;19643.67;842.7;20486.37;254935.2;0;15053.15;269988.35;0;0;0;0;0;4167;5928;323005;;;A;R.ESCALADA 280 Rep.Nro.: 0 Piso:  Dpto:, 6100RUFINO CP:;
006535U;FERRERO/AUDISIO FRANCISCO JOSE;Concreto asfaltico plan parra;BV.SAN MARTIN.1333;50;50;2;48;0;0;0;274578.87;19643.67;842.7;20486.37;254935.2;0;15053.15;269988.35;0;0;0;0;0;4167;5928;323006;;;A;R.ESCALADA 280 Rep.Nro.: 0 Piso:  Dpto:, 6100RUFINO CP:;
006536U;MARTIN/AUDISIO FRANCISCO JOSE;Concreto asfaltico plan parra;BV.SAN MARTIN.1341;50;50;2;48;0;0;0;274578.87;19643.67;842.7;20486.37;254935.2;0;15036.61;269971.81;0;0;0;0;0;6516;5929;323007;;;A;R.ESCALADA 280 Rep.Nro.: 0 Piso:  Dpto:, 6100RUFINO CP:;
006537U;MARTIN/AUDISIO FRANCISCO JOSE;Concreto asfaltico plan parra;BV.SAN MARTIN.1351;50;50;2;48;0;0;0;274578.87;19643.67;842.7;20486.37;254935.2;0;15036.61;269971.81;0;0;0;0;0;6516;5929;323008;;;A;R.ESCALADA 280 Rep.Nro.: 0 Piso:  Dpto:, 6100RUFINO CP:;
006612U;SOCIEDAD RURAL DE RUFINO;Plan 50 ;P.PERON 850;4-5-11-12;12;12;0;0;0;0;143740.35;143740.35;847931.69;991672.04;0;0;0;0;0;0;0;0;0;15509;14054;276972;;CALLE 09 GARAY 200-300;A;P.PERON 900 Rep.Nro.: 0 Piso:  Dpto:, 6100RUFINO CP:;
006612U;SOCIEDAD RURAL DE RUFINO;Plan 50 ;P.PERON 850;4-5-11-12;12;12;0;0;0;0;143740.35;143740.35;847931.69;991672.04;0;0;0;0;0;0;0;0;0;15509;14054;276987;;CALLE 10 GARAY 100-200;A;P.PERON 900 Rep.Nro.: 0 Piso:  Dpto:, 6100RUFINO CP:;
006612U;SOCIEDAD RURAL DE RUFINO;Plan 50 ;P.PERON 850;4-5-11-12;1;0;1;0;0;0;136550;0;0;0;0;0;0;0;0;136550;0;0;0;15509;14054;286328;;CALLE P.PERON ENTRE GARAY Y ECHEVERRIA .SOLO VEREDA;B;P.PERON 900 Rep.Nro.: 0 Piso:  Dpto:, 6100 RUFINO CP:;
006612U;SOCIEDAD RURAL DE RUFINO;Plan 50 ;P.PERON 850;4-5-11-12;1;0;1;0;0;0;136550;0;0;0;136550;0;17620.94;154170.94;0;0;0;0;0;15509;14054;286329;;CALLE P.PERON ENTRE GARAY Y ECHEVERRIA. SOLO VEREDA;A;P.PERON 900 Rep.Nro.: 0 Piso:  Dpto:, 6100 RUFINO CP:;
006612U;SOCIEDAD RURAL DE RUFINO;Ord. 3303/22 hormigon armado;P.PERON 850;4-5-11-12;50;11;0;0;0;39;2866348.48;1003335.38;380059.61;1383394.99;0;0;0;0;0;0;0;0;1863013.1;15509;14054;324988;;;A;P.PERON 900 Rep.Nro.: 0 Piso:  Dpto:, 6100 RUFINO CP:;
006685U;BAJO JUAN CARLOS;Ord. 3303/22 hormigon armado;R.BOUSSY 650;6AC;50;0;50;0;0;0;208598.7;0;0;0;189557.77;0;71923.14;261480.91;0;19040.93;0;0;0;13369;13843;324989;;;A;SAN JUAN 302 Rep.Nro.: 0 Piso:  Dpto:, 6100 RUFINO CP:;
006686U;SPEZZAPRIA RENATO;Ord. 3303/22 hormigon armado;SAAVEDRA 456;6AC;50;1;49;0;0;0;233955.45;8466.09;0;8466.09;225489.36;0;304.26;225793.62;0;0;0;0;0;33876;34303;324990;;;A;J.B.JUSTO 081 Rep.Nro.: 0 Piso:  Dpto:, 6100RUFINO CP:;
006687U;MONASTERIO LUIS ANGEL;Ord. 3303/22 hormigon armado;R.BOUSSY 670;6AC;50;50;0;0;0;0;234519.28;234519.28;380126.88;614646.16;0;0;0;0;0;0;0;0;0;14768;12089;324992;;;A;SAAVEDRA 412 Rep.Nro.: 0 Piso:  Dpto:, 6100 RUFINO CP:;
006688U;MONASTERIO LUIS ANGEL;Ord. 3303/22 hormigon armado;SAAVEDRA 486;6AC;50;50;0;0;0;0;299664.95;299664.95;485719.82;785384.77;0;0;0;0;0;0;0;0;0;14768;12089;325000;;;A;SAAVEDRA 412 Rep.Nro.: 0 Piso:  Dpto:, 6100RUFINO CP:;
006689U;MONASTERIO LUIS ANGEL;Ord. 3303/22 hormigon armado;R.BOUSSY 690;6AC;50;50;0;0;0;0;715545.86;715545.86;1159812.25;1875358.11;0;0;0;0;0;0;0;0;0;14768;12089;325002;;;A;SAAVEDRA 412 Rep.Nro.: 0 Piso:  Dpto:, 6100RUFINO CP:;
006690U;BAJO JUAN CARLOS;Ord. 3303/22 hormigon armado;SAAVEDRA 472;6AC;50;0;50;0;0;0;208623.75;0;0;0;208623.75;0;130513.33;339137.08;0;0;0;0;0;13369;13843;325006;;;A;SAN JUAN 302 Rep.Nro.: 0 Piso:  Dpto:, 6100RUFINO CP:;
006691U;BAJO JUAN CARLOS;Ord. 3303/22 hormigon armado;R.BOUSSY 660;6AC;50;0;50;0;0;0;208598.7;0;0;0;189557.77;0;71923.14;261480.91;0;19040.93;0;0;0;13369;13843;325019;;;A;SAN JUAN 302 Rep.Nro.: 0 Piso:  Dpto:, 6100 RUFINO CP:;
006692U;GRIJALBA HECTOR OSCAR;C.C. Dec. 139/2017;SAN LORENZO 174;13A;1;0;0;1;0;0;1924.5;0;0;0;0;0;0;0;0;0;1364.3;0;0;5308;6021;225305;;;A;SAN LORENZO 174 Rep.Nro.: 0 Piso:  Dpto:, 6100-RUFINO;
006692U;GRIJALBA HECTOR OSCAR;Ord. 3303/22 hormigon armado;SAN LORENZO 174;13A;50;1;49;0;0;0;260110.77;9406.74;0;9406.74;250704.03;0;4276.33;254980.36;0;0;0;0;0;5308;6021;325020;;;A;SAN LORENZO 174 Rep.Nro.: 0 Piso:  Dpto:, 6100 RUFINO CP:;
006693U;GONZALEZ BLANCA;C.C. Dec. 139/2017;SAN LORENZO 164;13A;1;0;1;0;0;0;1924.5;0;0;0;0;0;0;0;0;1924.5;0;0;0;5066;6022;225257;;;A;SAN LORENZO 164 Rep.Nro.: 0 Piso:  Dpto:, 6100-RUFINO;
006693U;GONZALEZ BLANCA;Ord. 3303/22 hormigon armado;SAN LORENZO 164;13A;36;0;36;0;0;0;247254.27;0;0;0;247254.29;130.37;144253.42;391638.08;0;0;0;0;0;5066;6022;322941;;;A;SAN LORENZO 164 Rep.Nro.: 0 Piso:  Dpto:, 6100RUFINO CP:;
006699U;BLANCO JOSE MANUEL ROMAN;C.C. Ord. 3081/2016;MEDRANO 276;26D;1;0;0;1;0;0;2906;0;0;0;0;0;0;0;0;0;2906;0;0;9534;6024;166391;;;A;BALCARCE 216 Rep.Nro.: 0 Piso:  Dpto:, 6100RUFINO;
006715U;VARGAS MIGUEL A;Plan 50 ;R.BOUSSY 948;5AC;36;0;36;0;0;0;18956.54;0;0;0;18827.79;0;10852.66;29680.45;0;128.75;0;0;0;11125;15568;276426;;CALLE 04 - R.BOUSSY 900 - 1000;A;R.BOUSSY 948 Rep.Nro.: 0 Piso:  Dpto:, 6100RUFINO CP:;
006715U;VARGAS MIGUEL A;Ord. 3303/22 hormigon armado;R.BOUSSY 948;5AC;50;0;50;0;0;0;216365.91;0;0;0;216365.91;0;1983.42;218349.33;0;0;0;0;0;11125;15568;323130;;;A;R.BOUSSY 948 Rep.Nro.: 0 Piso:  Dpto:, 6100RUFINO CP:;
006716U;SEQUEIRA HECTOR A;Plan 50 ;R.BOUSSY 952;5AC;12;0;12;0;0;0;12564.14;0;0;0;12404.4;0;209.64;12614.04;0;159.74;0;0;0;10189;6032;275243;;CALLE 04 - R.BOUSSY 900 - 1000;A;R.BOUSSY 952 Rep.Nro.: 0 Piso:  Dpto:, 6100RUFINO CP:;
006716U;SEQUEIRA HECTOR A;Ord. 3303/22 hormigon armado;R.BOUSSY 952;5AC;13;0;13;0;0;0;137833.36;0;0;0;137407.99;0;626.94;138034.93;0;425.37;0;0;0;10189;6032;321886;;;A;R.BOUSSY 952 Rep.Nro.: 0 Piso:  Dpto:, 6100RUFINO CP:;
006717U;SANCHEZ MARCOS MIGUEL;Plan 50 ;R.BOUSSY 966;5AC;1;0;1;0;0;0;9558.5;0;0;0;9558.5;0;0;9558.5;0;0;0;0;0;19394;19518;275704;;CALLE4 - R.BOUSSY 900 - 1000;A;POSADAS 153 Rep.Nro.: 0 Piso:  Dpto:, 6100 RUFINO CP:;
006717U;SANCHEZ MARCOS MIGUEL;Ord. 3303/22 hormigon armado;R.BOUSSY 966;5AC;50;10;40;0;0;0;260304.92;83855.65;28644.16;112499.81;176449.27;0;12953.55;189402.82;0;0;0;0;0;19394;19518;322482;;;A;POSADAS 153 Rep.Nro.: 0 Piso:  Dpto:, 6100 RUFINO CP:;
006718U;ROMERO/FIRPO MARIO A;C.C. Ord. 3081/2016;POSADAS 470;5AC;1;0;0;1;0;0;1732.05;0;0;0;0;0;0;0;0;0;1732.05;0;0;9624;6034;169065;;;A;.A.CASTELLANOS Rep.Nro.: 0 Piso:  Dpto:, 6106A.CASTELLA;
006718U;ROMERO/FIRPO MARIO A;Ord. 3303/22 hormigon armado;POSADAS 470;5AC;50;11;0;0;0;39;234519.28;82091.06;31095.77;113186.83;0;0;0;0;0;0;0;0;152428.22;9624;6034;325023;;;A;.A.CASTELLANOS Rep.Nro.: 0 Piso:  Dpto:, 6106A.CASTELLA CP:;
006722U;NAVILLI WALDO A;Adoquinado barrio jardin Ordenanza Nº: 3300/2022;ITALIA.1008;20;50;11;0;0;0;39;408679.51;143706.76;54435.58;198142.34;0;0;0;0;0;0;0;0;264972.75;7722;913;324428;;;A;BV.ESPAÑA 488 Rep.Nro.: 0 Piso:  Dpto:, 6100 RUFINO CP:;
006731U;LIMA/GIRALDEZ HUGO;Adoquinado barrio jardin Ordenanza Nº: 3300/2022;VEGA GUERRA 070;20;50;33;17;0;0;0;156601.58;124593.11;141642.46;266235.57;32008.47;0;52818.46;84826.93;0;0;0;0;0;5898;6045;324432;;;A;VEGA GUERRA 070 Rep.Nro.: 0 Piso:  Dpto:, 6100RUFINO CP:;
006732U;RICCI LUCIANA BELEN;Adoquinado barrio jardin Ordenanza Nº: 3300/2022;ITALIA 920;13;24;0;24;0;0;0;144343.55;0;0;0;144339.54;8636.34;702.1;153677.98;0;0;0;0;0;9259;6046;323164;;;A;ITALIA 890 Rep.Nro.: 0 Piso:  Dpto:, 6100RUFINO CP:;
006737U;INBERNOS RUTH;Adoquinado barrio jardin Ordenanza Nº: 3300/2022;ITALIA 998;13;36;1;35;0;0;0;158536.17;7123.35;10984.21;18107.56;151412.82;0;0;151412.82;0;0;0;0;0;23213;24178;323119;;;A;J.INGENIEROS 092 Rep.Nro.: 0 Piso:  Dpto:, 6100 RUFINO CP:;
006738U;SALAZAR MARIA L ;Plan 50 ;LAPRIDA 811;6;12;12;0;0;0;0;25366.02;25366.02;149635.46;175001.48;0;0;0;0;0;0;0;0;0;9839;6052;276994;;CALLE 11 GARAY 000-100;A;GARAY 057 Rep.Nro.: 0 Piso:  Dpto:, 6100RUFINO CP:;
006738U;SALAZAR MARIA L ;Adoquinado barrio jardin Ordenanza Nº: 3300/2022;LAPRIDA 811;6;50;11;0;0;0;39;246461.22;86664.65;32828.26;119492.91;0;0;0;0;0;0;0;0;159796.57;9839;6052;324434;;;A;GARAY 067 Rep.Nro.: 0 Piso:  Dpto:, 6100 RUFINO CP:;
006738U;SALAZAR MARIA L ;Ord. 3303/22 hormigon armado;LAPRIDA 811;6;50;11;0;0;0;39;390865.9;136818.56;51826.36;188644.92;0;0;0;0;0;0;0;0;254047.34;9839;6052;325024;;;A;GARAY 067 Rep.Nro.: 0 Piso:  Dpto:, 6100 RUFINO CP:;
006739U;VIGNOLO NICOLAS N;Plan 50 ;ITALIA 810;6;12;0;12;0;0;0;37789.89;0;0;0;37789.89;0;74.86;37864.75;0;0;0;0;0;11313;6053;276995;;CALLE 11 GARAY 000-100;A;ITALIA 735 Rep.Nro.: 0 Piso:  Dpto:, 6100RUFINO CP:;
006739U;VIGNOLO NICOLAS N;Ord. 3303/22 hormigon armado;ITALIA 810;6;50;5;45;0;0;0;704698.47;98033.71;80620.19;178653.9;606664.76;0;780868.61;1387533.37;0;0;0;0;0;11313;6053;325025;;;A;ITALIA 735 Rep.Nro.: 0 Piso:  Dpto:, 6100 RUFINO CP:;
006746U;RICCI MIGUEL ANGEL;Adoquinado barrio jardin Ordenanza Nº: 3300/2022;ITALIA 890;6;24;0;24;0;0;0;142814.37;0;0;0;142810.4;8544.84;694.67;152049.91;0;0;0;0;0;9260;5881;323168;;;A;ITALIA 890 Rep.Nro.: 0 Piso:  Dpto:, 6100 RUFINO CP:;
006747U;GOMA RUBEN OMAR;Adoquinado barrio jardin Ordenanza Nº: 3300/2022;VEGA GUERRA 040;21;50;12;38;0;0;0;216646.09;82204.17;34103.48;116307.65;134441.92;0;78154.55;212596.47;0;0;0;0;0;4990;8843;324436;;;A;COBO 125 Rep.Nro.: 0 Piso:  Dpto:, 6100 RUFINO CP:;
006748U;GOMA RUBEN OMAR;Adoquinado barrio jardin Ordenanza Nº: 3300/2022;VEGA GUERRA 020;21;50;12;38;0;0;0;215729.32;81856.39;33959.19;115815.58;133872.93;0;77823.73;211696.66;0;0;0;0;0;4990;8843;324439;;;A;COBO 125 Rep.Nro.: 0 Piso:  Dpto:, 6100 RUFINO CP:;
006749U;PALENZONA GUSTAVO DAVID;Plan 50 ;LAPRIDA 820;7;12;12;0;0;0;0;37321.8;37321.8;220163.2;257485;0;0;0;0;0;0;0;0;0;22185;23606;276993;;CALLE 11 GARAY 000-100;A;GARAY 055 Rep.Nro.: 0 Piso:  Dpto:, 6100RUFINO CP:;
006749U;PALENZONA GUSTAVO DAVID;Adoquinado barrio jardin Ordenanza Nº: 3300/2022;LAPRIDA 820;7;50;6;44;0;0;0;382229.71;77804.6;14917.88;92722.48;304425.11;0;353094.94;657520.05;0;0;0;0;0;22185;23606;324440;;;A;GARAY 055 Rep.Nro.: 0 Piso:  Dpto:, 6100RUFINO CP:;
006749U;PALENZONA GUSTAVO DAVID;Ord. 3303/22 hormigon armado;LAPRIDA 820;7;50;6;44;0;0;0;575093.75;116531.43;22343.17;138874.6;458562.32;0;533624.19;992186.51;0;0;0;0;0;22185;23606;325026;;;A;GARAY 055 Rep.Nro.: 0 Piso:  Dpto:, 6100RUFINO CP:;
006750U;MARTINESSI ELIZABETH ;Plan 50 ;BV.SAN MARTIN 805;7;12;0;12;0;0;0;37913.67;0;0;0;37913.67;0;15052.87;52966.54;0;0;0;0;0;6554;6063;276992;;CALLE 11 GARAY 000-100;A;GARAY 011 Rep.Nro.: 0 Piso:  Dpto:, 6100RUFINO CP:;
006750U;MARTINESSI ELIZABETH ;Adoquinado barrio jardin Ordenanza Nº: 3300/2022;BV.SAN MARTIN 805;7;50;1;49;0;0;0;149563.34;5433.66;0;5433.66;144129.7;6443.11;11753.14;162325.95;0;0;0;0;0;6554;6063;324443;;;A;GARAY 011 Rep.Nro.: 0 Piso:  Dpto:, 6100RUFINO CP:;
006750U;MARTINESSI ELIZABETH ;Ord. 3303/22 hormigon armado;BV.SAN MARTIN 805;7;50;2;48;0;0;0;583154.28;41027.17;2691.53;43718.7;542127.19;16650.27;40676.78;599454.24;0;0;0;0;0;6554;6063;325027;;;A;GARAY 011 Rep.Nro.: 0 Piso:  Dpto:, 6100RUFINO CP:;
006751U;PALMERO CANDIDA FLORENCIA;Adoquinado barrio jardin Ordenanza Nº: 3300/2022;BV.SAN MARTIN.1098;14B;50;10;40;0;0;0;203246.86;65736.84;22541.04;88277.88;137510.03;6898.28;23088.87;167497.18;0;0;0;0;0;22187;24441;324446;;;A;ITALIA 633 Rep.Nro.: 0 Piso:  Dpto:, 6100RUFINO CP:;
006756U;CARRARA SILVANA V;Plan 50 ;GARAY  065 BIS;14B;12;12;0;0;0;0;16910.67;16910.67;99756.9;116667.57;0;0;0;0;0;0;0;0;0;17299;16478;277001;;CALLE 12 GARAY 000-100 BIS;A;GARAY 065 BIS Rep.Nro.: 0 Piso:  Dpto:, 6100RUFINO CP:;
006757U;FERNANDEZ ANSELMO;Plan 50 ;GARAY  057 BIS;14B;12;12;0;0;0;0;16910.67;16910.67;99756.9;116667.57;0;0;0;0;0;0;0;0;0;4027;6070;277002;;CALLE 12 GARAY 000-100 BIS;A;GARAY 057 BIS Rep.Nro.: 0 Piso:  Dpto:, 6100 RUFINO CP:;
006758U;APARICIO JULIAN HORACIO;Plan 50 ;GARAY  045 BIS;14B;12;10;2;0;0;0;14374.05;12439.59;72904.07;85343.66;1934.46;0;1859.98;3794.44;0;0;0;0;0;626;6071;277004;;CALLE 12 GARAY 000-100 BIS;A;GARAY 045 BIS Rep.Nro.: 0 Piso:  Dpto:, 6100RUFINO CP:;
006759U;PINOTTI DIANA I.D. DE;Plan 50 ;GARAY  035 BIS;14B;1;0;1;0;0;0;9558.5;0;0;0;9558.5;0;0;9558.5;0;0;0;0;0;8765;14792;275683;;calle 12 - garay 000 - 100 bis;A;GARAY 045 Rep.Nro.: 0 Piso:  Dpto:, 6100 RUFINO CP:;
006759U;PINOTTI DIANA I.D. DE;Plan 50 ;GARAY  035 BIS;14B;12;0;12;0;0;0;11606.76;0;0;0;0;0;0;0;0;11606.76;0;0;0;8765;14792;277006;;CALLE 12 GARAY 000-100 BIS;B;GARAY 045 Rep.Nro.: 0 Piso:  Dpto:, 6100 RUFINO CP:;
006772U;DI PRINZIO GASTON Y OTRA;Ord. 3303/22 hormigon armado;VICTORERO 515;22A;50;14;36;0;0;0;390865.9;168337.18;82431.55;250768.73;222528.72;0;279728.07;502256.79;0;0;0;0;0;44073;45524;325029;;;A;VICTORERO 342 Rep.Nro.: 0 Piso:  Dpto:, 6100RUFINO CP:;
006773U;FC SAN MARTIN;PAVIMENTO CALLE ARENALES;ARENALES 030;10CD;48;0;48;0;0;0;4895869.44;0;0;0;0;0;0;0;0;4895869.44;0;0;0;3892;526;309296;;Pavimento Calle Arenales;B;.T BENEGAS 1799 Rep.Nro.: 0 Piso:  Dpto:, 5000MENDOZA CP:;
006773U;FC SAN MARTIN;PAVIMENTO CALLE ARENALES;ARENALES 030;10CD;48;48;0;0;0;0;14403230.07;14403230.07;24994634.62;39397864.69;0;0;0;0;0;0;0;0;0;3892;526;316150;;;A;.T BENEGAS 1799 Rep.Nro.: 0 Piso:  Dpto:, 5000MENDOZA CP:;
006819U;MEDINA GUILLERMINA;Plan 50 ;R.BOUSSY 755;6D;12;6;6;0;0;0;16910.67;9352.62;54030.23;63382.85;7558.05;0;1100.45;8658.5;0;0;0;0;0;6717;15579;276905;;CALLE 06 R.BOUSSY  700 - 800;A;R.BOUSSY 755 Rep.Nro.: 0 Piso:  Dpto:, 6100RUFINO CP:;
006819U;MEDINA GUILLERMINA;Ord. 3303/22 hormigon armado;R.BOUSSY 755;6D;50;11;0;0;0;39;260576.25;91212.02;34550.78;125762.8;0;0;0;0;0;0;0;0;169364.23;6717;15579;325030;;;A;R.BOUSSY 755 Rep.Nro.: 0 Piso:  Dpto:, 6100RUFINO CP:;
006820U;URQUIZA JUAN C. Y OTRO;Plan 50 ;R.BOUSSY 836;5A;12;12;0;0;0;0;4227.66;4227.66;24939.2;29166.86;0;0;0;0;0;0;0;0;0;5273;6120;276855;;CALLE 05 R.BOUSSY  800 - 900;A;R.BOUSSY 838 Rep.Nro.: 0 Piso:  Dpto:, 6100 RUFINO CP:;
006820U;URQUIZA JUAN C. Y OTRO;Ord. 3303/22 hormigon armado;R.BOUSSY 836;5A;50;11;0;0;0;39;65143.82;22803.08;8637.72;31440.8;0;0;0;0;0;0;0;0;42340.74;5273;6120;325031;;;A;R.BOUSSY 838 Rep.Nro.: 0 Piso:  Dpto:, 6100 RUFINO CP:;
006826U;MENDOZA/MENDOZA ANA M;Plan 50 ;SARG.CABRAL 571;21AC;12;12;0;0;0;0;10848.09;10848.09;63993.45;74841.54;0;0;0;0;0;0;0;0;0;6767;6125;276645;;"CALLE 41 - SARG. CABRAL 500 - 600
";A;SARG.CABRAL 571 Rep.Nro.: 0 Piso:  Dpto:, 6100RUFINO CP:;
006838U;CEL RUFINO;PAVIMENTO CALLE SANTA ROSA;SANTA ROSA 338;34;1;0;1;0;0;0;511.4;0;0;0;511.4;0;0;511.4;0;0;0;0;0;2116;6136;308336;;Pavimento Calle Santa Rosa 338;A;COBO 349 Rep.Nro.: 0 Piso:  Dpto:, 6100RUFINO CP:;
006857U;DIPOS/ASSA;Ord. 3303/22 hormigon armado;25 DE MAYO 015;V;50;0;50;0;0;0;2117657.36;0;0;0;0;0;0;0;0;2117657.36;0;0;0;3661;6154;325033;;;A;COBO 279 Rep.Nro.: 0 Piso:  Dpto:, 6100RUFINO CP:;
006861U;RIOS PEDRO;C.C. Ord. 3081/2016;LAS HERAS 315;04D;1;0;0;1;0;0;1924.5;0;0;0;0;0;0;0;0;0;1924.5;0;0;9337;6158;165567;;;A;AMERICA 726 Rep.Nro.: 0 Piso:  Dpto:, 6100RUFINO;
006866U;GUERRERO STELLA M;C.C. Ord. 3081/2016;DORREGO 220;10;1;0;0;1;0;0;2694.3;0;0;0;0;0;0;0;0;0;2694.3;0;0;5348;6162;166448;;;A;DORREGO 220 Rep.Nro.: 0 Piso:  Dpto:, 6100RUFINO;
006878U;RIOS PEDRO;C.C. Ord. 3081/2016;LAS HERAS 325;04D;1;0;0;1;0;0;1924.5;0;0;0;0;0;0;0;0;0;1924.5;0;0;9337;6158;165568;;;A;AMERICA 726 Rep.Nro.: 0 Piso:  Dpto:, 6100RUFINO;
006894U;MELIA DANTE GASTON;Plan 50 ;L.DE LA TORRE 221;26D;12;0;12;0;0;0;42640.46;0;0;0;42640.46;0;0;42640.46;0;0;0;0;0;6731;4927;276682;;CALLE 17 L. DE LA TORRE 200-300;A;AZCUENAGA 480 Rep.Nro.: 0 Piso:  Dpto:, 6100RUFINO CP:;
006894U;RAMOS MARIA JOSE;Ord. 3303/22 hormigon armado;L.DE LA TORRE 221;26D;50;1;49;0;0;0;781731.56;28220.31;0;28220.31;753511.25;0;883894.8;1637406.05;0;0;0;0;0;33548;33974;325034;;;A;AZCUENAGA 480 Rep.Nro.: 0 Piso:  Dpto:, 6100 RUFINO CP:;
006908U;CORREA NELIDA ERMELINDA;C.C. Ord. 3081/2016;AZCUENAGA 556;5B;1;0;0;1;0;0;1924.5;0;0;0;0;0;0;0;0;0;1924.5;0;0;16201;16049;167884;;;A;AZCUENAGA 546 Rep.Nro.: 0 Piso:  Dpto:, 6100RUFINO;
006908U;CORREA NELIDA ERMELINDA;Pavimento Res. 046/2026;AZCUENAGA 556;5B;6;6;0;0;0;0;411187.86;411187.86;80047.01;491234.87;0;0;0;0;0;0;0;0;0;16201;16049;380114;;;A;AZCUENAGA 546 Rep.Nro.: 0 Piso:  Dpto:, 6100RUFINO CP:;
006909U;ALASIA JORGE JOSE ;Plan 50 ;R.BOUSSY 827;5B;12;10;2;0;0;0;16910.67;14634.83;85769.59;100404.42;2275.84;0;3263.55;5539.39;0;0;0;0;0;282;6204;276879;;CALLE 05 R.BOUSSY  800 - 900;A;R.BOUSSY 827 Rep.Nro.: 0 Piso:  Dpto:, 6100RUFINO CP:;
006909U;ALASIA JORGE JOSE ;Ord. 3303/22 hormigon armado;R.BOUSSY 827;5B;50;11;0;0;0;39;260576.25;91212.02;34550.78;125762.8;0;0;0;0;0;0;0;0;169364.23;282;6204;325035;;;A;R.BOUSSY 827 Rep.Nro.: 0 Piso:  Dpto:, 6100RUFINO CP:;
006910U;RODRIGUEZ ROGELIO;Plan 50 ;R.BOUSSY 835;5B;36;1;19;0;0;16;21062.15;486.21;2577.4;3063.61;8125.83;0;824.93;8950.76;0;0;0;0;12450.11;9474;6205;276017;;CALLE 05 - R.BOUSSY 800 - 900;A;AZCUENAGA 538 Rep.Nro.: 0 Piso:  Dpto:, 6100 RUFINO CP:;
006910U;RODRIGUEZ ROGELIO;Ord. 3303/22 hormigon armado;R.BOUSSY 835;5B;50;11;2;0;0;37;260576.25;91212.02;34550.78;125762.8;5289.15;0;98.03;5387.18;0;0;0;0;164075.08;9474;6205;325036;;;A;AZCUENAGA 538 Rep.Nro.: 0 Piso:  Dpto:, 6100 RUFINO CP:;
006911U;GIRAUDO CA;Plan 50 ;R.BOUSSY 845;5B;12;12;0;0;0;0;16910.67;16910.67;99756.9;116667.57;0;0;0;0;0;0;0;0;0;4921;6206;276881;;CALLE 05 R.BOUSSY  800 - 900;A;R.BOUSSY 845 Rep.Nro.: 0 Piso:  Dpto:, 6100RUFINO CP:;
006911U;GIRAUDO CA;Ord. 3303/22 hormigon armado;R.BOUSSY 845;5B;50;10;4;0;0;36;260576.25;83855.65;28753.96;112609.61;9746.63;0;1474.05;11220.68;0;0;0;0;166973.97;4921;6206;325037;;;A;R.BOUSSY 845 Rep.Nro.: 0 Piso:  Dpto:, 6100RUFINO CP:;
006912U;BAER ESTEBAN O;Plan 50 ;R.BOUSSY 855;5B;12;12;0;0;0;0;16910.67;16910.67;99756.9;116667.57;0;0;0;0;0;0;0;0;0;1048;6207;276882;;CALLE 05 R.BOUSSY  800 - 900;A;R.BOUSSY 855 Rep.Nro.: 0 Piso:  Dpto:, 6100RUFINO CP:;
006912U;BAER ESTEBAN O;Ord. 3303/22 hormigon armado;R.BOUSSY 855;5B;50;11;0;39;0;0;260576.25;91212.02;34550.78;125762.8;0;0;0;0;0;0;169364.23;0;0;1048;6207;325038;;;A;R.BOUSSY 855 Rep.Nro.: 0 Piso:  Dpto:, 6100RUFINO CP:;
006913U;GALDEANO STELLA MARIS;Plan 50 ;R.BOUSSY 867;5B;12;0;12;0;0;0;11606.76;0;0;0;0;0;0;0;0;11606.76;0;0;0;4449;6208;276884;;CALLE 05 R.BOUSSY  800 - 900;B;R.BOUSSY 867 Rep.Nro.: 0 Piso:  Dpto:, 6100RUFINO CP:;
006913U;GALDEANO STELLA MARIS;Plan 50 ;R.BOUSSY 867;5B;12;0;12;0;0;0;8236.68;0;0;0;0;0;0;0;0;8236.68;0;0;0;4449;6208;277151;;CALLE 05 - R.BOUSSY 800 - 900;B;R.BOUSSY 867 Rep.Nro.: 0 Piso:  Dpto:, 6100RUFINO CP:;
006913U;GALDEANO STELLA MARIS;Plan 50 ;R.BOUSSY 867;5B;1;0;1;0;0;0;6783.14;0;0;0;6783.14;0;0;6783.14;0;0;0;0;0;4449;6208;277185;;CALLE 5 R. BOUSSY 800-900;A;R.BOUSSY 867 Rep.Nro.: 0 Piso:  Dpto:, 6100RUFINO CP:;
006913U;GALDEANO STELLA MARIS;Ord. 3303/22 hormigon armado;R.BOUSSY 867;5B;50;0;50;0;0;0;124139.3;0;0;0;111725.46;0;0;111725.46;0;0;0;0;0;4449;6208;325040;;;A;R.BOUSSY 867 Rep.Nro.: 0 Piso:  Dpto:, 6100RUFINO CP:;
006914U;MAGRIS BERNABE A;Plan 50 ;R.BOUSSY 877;5B;1;0;1;0;0;0;9558.5;0;0;0;0;0;0;0;0;9558.5;0;0;0;6179;2854;274616;;calle 05- r. boussy 800-900;B;SANTA FE 656 Rep.Nro.: 1 Piso: - Dpto:, 6100RUFINO CP:;
006914U;MAGRIS BERNABE A;Plan 50 ;R.BOUSSY 877;5B;1;0;1;0;0;0;9558.5;0;0;0;9558.5;0;0;9558.5;0;0;0;0;0;6179;2854;275299;;contado 30% descuento;A;SANTA FE 656 Rep.Nro.: 0 Piso:  Dpto:, 6100RUFINO CP:;
006914U;MAGRIS BERNABE A;Ord. 3303/22 hormigon armado;R.BOUSSY 877;5B;50;1;49;0;0;0;260576.25;9406.74;0;9406.74;251169.51;0;290554.56;541724.07;0;0;0;0;0;6179;2854;325041;;;A;SANTA FE 656 Rep.Nro.: 0 Piso:  Dpto:, 6100RUFINO CP:;
006915U;REYNOSO RAUL;Plan 50 ;R.BOUSSY 887;5B;12;12;0;0;0;0;16910.67;16910.67;99756.9;116667.57;0;0;0;0;0;0;0;0;0;9237;6210;276885;;CALLE 05 R.BOUSSY  800 - 900;A;AZCUENAGA 520 Rep.Nro.: 0 Piso:  Dpto:, 6100RUFINO CP:;
006915U;REYNOSO RAUL;Ord. 3303/22 hormigon armado;R.BOUSSY 887;5B;50;11;0;0;0;39;260576.25;91212.02;34550.78;125762.8;0;0;0;0;0;0;0;0;169364.23;9237;6210;325042;;;A;AZCUENAGA 520 Rep.Nro.: 0 Piso:  Dpto:, 6100RUFINO CP:;
006916U;ZAPATA H/BALESTRO;C.C. Ord. 3081/2016;R.BOUSSY 897;5B;1;0;0;1;0;0;3849;0;0;0;0;0;0;0;0;0;3849;0;0;11524;6211;167817;;;A;CARBALLEIRA.1383 Rep.Nro.: 0 Piso:  Dpto:, 6100RUFINO;
006916U;MANTAY RAUL IGNACIO;Plan 50 ;R.BOUSSY 897;5B;12;0;12;0;0;0;13655.04;0;0;0;0;0;0;0;0;13655.04;0;0;0;30491;30944;276890;;CALLE 05 R.BOUSSY  800 - 900;B;F.A.GARIN 605 Rep.Nro.: 0 Piso:  Dpto:, 6100 RUFINO CP:;
006916U;MANTAY RAUL IGNACIO;Plan 50 ;R.BOUSSY 897;5B;36;0;36;0;0;0;24860.54;0;0;0;24860.54;0;29263.15;54123.69;0;0;0;0;0;30491;30944;277577;;CALLE 05 - R.BOUSSY 800 - 900;A;F.A.GARIN 605 Rep.Nro.: 0 Piso:  Dpto:, 6100 RUFINO CP:;
006916U;MANTAY RAUL IGNACIO;Ord. 3303/22 hormigon armado;R.BOUSSY 897;5B;50;4;46;0;0;0;260389.61;33911.7;10720.56;44632.26;226477.91;0;60658.83;287136.74;0;0;0;0;0;30491;30944;325043;;;A;F.A.GARIN 605 Rep.Nro.: 0 Piso:  Dpto:, 6100 RUFINO CP:;
006916U;MANTAY RAUL IGNACIO;Pavimento Res. 046/2026;R.BOUSSY 897;5B;6;6;0;0;0;0;822375.69;822375.69;160094.02;982469.71;0;0;0;0;0;0;0;0;0;30491;30944;380161;;;A;ROSA BOUSSY 897 Rep.Nro.: 0 Piso:  Dpto:, 6100 RUFINO CP:;
006917U;NOCEDA MANUEL A;C.C. Ord. 3081/2016;AZCUENAGA 520;5B;1;0;0;1;0;0;1924.5;0;0;0;0;0;0;0;0;0;1924.5;0;0;7923;6212;167818;;;A;AZCUENAGA 520 Rep.Nro.: 0 Piso:  Dpto:, 6100RUFINO;
006917U;NOCEDA MANUEL A;Pavimento Res. 046/2026;AZCUENAGA 520;5B;6;6;0;0;0;0;411187.86;411187.86;80047.01;491234.87;0;0;0;0;0;0;0;0;0;7923;6212;380107;;;A;AZCUENAGA 520 Rep.Nro.: 0 Piso:  Dpto:, 6100RUFINO CP:;
006918U;SANTOS GABRIELA N;C.C. Ord. 3081/2016;AZCUENAGA 530;5B;1;0;0;1;0;0;1924.5;0;0;0;0;0;0;0;0;0;1924.5;0;0;10029;6213;167820;;;A;AZCUENAGA 530 Rep.Nro.: 0 Piso:  Dpto:, 6100RUFINO;
006918U;GAILLARD AMANDA BEATRIZ;Pavimento Res. 046/2026;AZCUENAGA 530;5B;6;0;6;0;0;0;680342.13;0;0;0;680342.55;110490.22;0;790832.77;0;0;0;0;0;21440;22972;378521;;;A;AZCUENAGA 530 Rep.Nro.: 0 Piso:  Dpto:, 6100 RUFINO CP:;
006919U;HELEG OSCAR O.;C.C. Ord. 3081/2016;AZCUENAGA 538;5B;1;0;0;1;0;0;1924.5;0;0;0;0;0;0;0;0;0;1924.5;0;0;5422;6214;167883;;;A;AZCUENAGA 538 Rep.Nro.: 0 Piso:  Dpto:, 6100RUFINO;
006919U;HELEG OSCAR O.;Pavimento Res. 046/2026;AZCUENAGA 538;5B;6;6;0;0;0;0;411187.86;411187.86;80047.01;491234.87;0;0;0;0;0;0;0;0;0;5422;6214;380110;;;A;AZCUENAGA 538 Rep.Nro.: 0 Piso:  Dpto:, 6100RUFINO CP:;
006920U;ROIZARENA JORGE E;C.C. Ord. 3081/2016;AYACUCHO 850;5B;1;0;1;0;0;0;1924.5;0;0;0;1924.5;0;0;1924.5;0;0;0;0;0;9495;6215;167799;;;A;AYACUCHO 850 Rep.Nro.: 0 Piso:  Dpto:, 6100RUFINO;
006920U;ROIZARENA JORGE E;Pavimento Res. 046/2026;AYACUCHO 850;5B;1;0;1;0;0;0;2033570;0;0;0;1830213;0;0;1830213;0;0;0;0;0;9495;6215;379544;;;A;AYACUCHO 850 Rep.Nro.: 0 Piso:  Dpto:, 6100RUFINO CP:;
006921U;BARABINO RUBEN C;C.C. Ord. 3081/2016;AYACUCHO 836;5B;1;0;0;1;0;0;1924.5;0;0;0;0;0;0;0;0;0;1924.5;0;0;1170;3049;167798;;;A;P.PERON.1155 Rep.Nro.: 0 Piso:  Dpto:, 6100RUFINO;
006921U;BARABINO RUBEN C;Pavimento Res. 046/2026;AYACUCHO 836;5B;6;6;0;0;0;0;411187.86;411187.86;80047.01;491234.87;0;0;0;0;0;0;0;0;0;1170;3049;380015;;;A;P.PERON.1155 Rep.Nro.: 0 Piso:  Dpto:, 6100RUFINO CP:;
006922U;PETRIKAS JOSE MARIA;C.C. Ord. 3081/2016;AYACUCHO 820;5B;1;0;0;1;0;0;1924.5;0;0;0;0;0;0;0;0;0;1924.5;0;0;15063;14281;167797;;;A;AYACUCHO 820 Rep.Nro.: 0 Piso:  Dpto:, 6100RUFINO;
006922U;PETRIKAS JOSE MARIA;Pavimento Res. 046/2026;AYACUCHO 820;5B;6;1;5;0;0;0;2055939.24;346384.75;0;346384.75;1709554.49;0;0;1709554.49;0;0;0;0;0;15063;14281;379648;;;A;AYACUCHO 820 Rep.Nro.: 0 Piso:  Dpto:, 6100RUFINO CP:;
006924U;ARNAUDO MARCOS;C.C. Ord. 3081/2016;RIVADAVIA 556;22AC;1;0;0;1;0;0;2886.75;0;0;0;0;0;0;0;0;0;2886.75;0;0;13315;15120;169039;;;A;INDEPENDENCIA 610 Rep.Nro.: 0 Piso:  Dpto:, 6100RUFINO;
006925U;THAMIS MANUEL JOSE;C.C. Ord. 3081/2016;RIVADAVIA 570;22AC;1;0;1;0;0;0;2886.75;0;0;0;2886.75;0;0;2886.75;0;0;0;0;0;10799;6220;169038;;;A;RIVADAVIA 570 Rep.Nro.: 0 Piso:  Dpto:, 6100RUFINO;
006956U;OJEDA CONSTANCIO J.;C.C. Ord. 3081/2016;BENITO A.BIANCO 509;26D;1;0;0;1;0;0;6658.74;0;0;0;0;0;0;0;0;0;6658.74;0;0;8000;6250;166409;;;A;BENITO A.BIANCO 509 Rep.Nro.: 0 Piso:  Dpto:, 6100RUFINO;
006957U;MONCLA RUBEN ES;C.C. Ord. 3081/2016;MEDRANO 250;26D;1;0;0;1;0;0;2886.75;0;0;0;0;0;0;0;0;0;2886.75;0;0;6984;6251;166398;;;A;MEDRANO 244 Rep.Nro.: 0 Piso:  Dpto:, 6100RUFINO;
006958U;ALOS JAIME A;C.C. Ord. 3081/2016;MEDRANO 260;26D;1;0;0;1;0;0;2886.75;0;0;0;0;0;0;0;0;0;2886.75;0;0;466;6252;166397;;;A;FERRARI 348 Rep.Nro.: 0 Piso:  Dpto:, 6100RUFINO;
006959U;CORREA RICARDO O;C.C. Ord. 3081/2016;R.ESCALADA 510;26D;1;0;0;1;0;0;3829.75;0;0;0;0;0;0;0;0;0;3829.75;0;0;3201;6253;166389;;;A;CHACABUCO 470 Rep.Nro.: 0 Piso:  Dpto:, 6100RUFINO;
006969U;IRURZUN VANESA ALEJANDRA;C.C. Ord. 3081/2016;DORREGO 275;9;1;0;0;1;0;0;1924.5;0;0;0;0;0;0;0;0;0;1924.5;0;0;25297;27737;166440;;;A;COBO 175 Rep.Nro.: 0 Piso:  Dpto:, 6100RUFINO;
006970U;IRURZUN VANESA ALEJANDRA;C.C. Ord. 3081/2016;DORREGO 255;9;1;0;0;1;0;0;5773.5;0;0;0;0;0;0;0;0;0;5773.5;0;0;25297;27737;166441;;;A;COBO 175 Rep.Nro.: 0 Piso:  Dpto:, 6100RUFINO;
006971U;BARABINO RUBEN C;C.C. Ord. 3081/2016;DORREGO 235;9;1;0;0;1;0;0;1924.5;0;0;0;0;0;0;0;0;0;1924.5;0;0;1170;3049;166442;;;A;P.PERON.1155 Rep.Nro.: 0 Piso:  Dpto:, 6100RUFINO;
006973U;CORTES SILVERIO;C.C. Ord. 3081/2016;MEDRANO 265;10;1;0;0;1;0;0;1924.5;0;0;0;0;0;0;0;0;0;1924.5;0;0;3214;6267;166373;;;A;R.ESCALADA 298 Rep.Nro.: 0 Piso:  Dpto:, 6100RUFINO;
006974U;ALARCIA/NAZZO ANIBAL;C.C. Ord. 3081/2016;MEDRANO 255;10;1;0;0;1;0;0;1924.5;0;0;0;0;0;0;0;0;0;1924.5;0;0;276;6268;166374;;;A;1RO DE MAYO 576 Rep.Nro.: 0 Piso:  Dpto:, 6100RUFINO;
006975U;COSTAMAGNA/SANCHEZ LUIS;C.C. Ord. 3081/2016;MEDRANO 245;10;1;0;0;1;0;0;1924.5;0;0;0;0;0;0;0;0;0;1924.5;0;0;3248;6269;166376;;;A;BENITO A.BIANCO 451 Rep.Nro.: 0 Piso:  Dpto:, 6100RUFINO;
006976U;PALAVECINO ERNESTO;C.C. Ord. 3081/2016;MEDRANO 235;10;1;0;0;1;0;0;1924.5;0;0;0;0;0;0;0;0;0;1424.5;0;0;8225;6270;166384;;;A;MEDRANO 235 Rep.Nro.: 0 Piso:  Dpto:, 6100RUFINO;
006977U;PEREYRA ESTER ZULEMA;C.C. Ord. 3081/2016;BENITO A.BIANCO 495;10;1;0;0;1;0;0;5773.5;0;0;0;0;0;0;0;0;0;5773.5;0;0;8540;6271;166385;;;A;BENITO A.BIANCO 495 Rep.Nro.: 0 Piso:  Dpto:, 6100RUFINO;
006983U;FANTINO ANDRES;C.C. Ord. 3081/2016;BENITO A.BIANCO 444;10;1;0;0;1;0;0;3079.2;0;0;0;0;0;0;0;0;0;3079.2;0;0;3969;6276;166449;;;A;ECHEVERRIA 351 Rep.Nro.: 0 Piso:  Dpto:, 6100RUFINO;
006984U;MONTERO FRANCISCO;C.C. Ord. 3081/2016;DORREGO 240;10;1;0;0;1;0;0;3849;0;0;0;0;0;0;0;0;0;3849;0;0;12800;10833;166447;;;A;DORREGO 240 Rep.Nro.: 0 Piso:  Dpto:, 6100RUFINO;
006986U;MALDONADO EMILIO;C.C. Ord. 3081/2016;DORREGO 270;10;1;0;0;1;0;0;1924.5;0;0;0;0;0;0;0;0;0;1924.5;0;0;6250;6279;166445;;;A;DORREGO 270 Rep.Nro.: 0 Piso:  Dpto:, 6100RUFINO;
006987U;LACASE AGAPITA DE;C.C. Ord. 3081/2016;R.ESCALADA 410;10;1;0;0;1;0;0;5773.5;0;0;0;0;0;0;0;0;0;5773.5;0;0;5777;6280;166444;;;A;R.ESCALADA 410 Rep.Nro.: 0 Piso:  Dpto:, 6100RUFINO;
007035U;MAROTTE JOSE ANTONIO;C.C. Ord. 3081/2016;BOLIVAR 312;37;1;0;0;1;0;0;1924.5;0;0;0;0;0;0;0;0;0;1924.5;0;0;6432;6322;166426;;;A;BOLIVAR 312 Rep.Nro.: 0 Piso:  Dpto:, 6100RUFINO;
007036U;TORRES/MONTENEGRO MADRID;C.C. Ord. 3081/2016;BOLIVAR 342;37;1;0;0;1;0;0;2886.75;0;0;0;0;0;0;0;0;0;2886.75;0;0;10921;6323;166428;;;A;BOLIVAR 342 Rep.Nro.: 0 Piso:  Dpto:, 6100RUFINO;
007037U;SPADA MARTIN;C.C. Ord. 3081/2016;BOLIVAR 360;37;1;0;0;1;0;0;2886.75;0;0;0;0;0;0;0;0;0;2886.75;0;0;10550;6324;166429;;;A;BOLIVAR 364 Rep.Nro.: 0 Piso:  Dpto:, 6100RUFINO;
007045U;ZUMPANO DOMINGO;C.C. Ord. 3081/2016;BOLIVAR 355;38;1;0;0;1;0;0;2886.75;0;0;0;0;0;0;0;0;0;2886.75;0;0;18097;17349;166435;;;A;BOLIVAR 355 Rep.Nro.: 0 Piso:  Dpto:, 6100RUFINO;
007046U;CORREA JUAN MARCELO;C.C. Ord. 3081/2016;BOLIVAR 341;38;1;0;0;1;0;0;2886.75;0;0;0;0;0;0;0;0;0;2886.75;0;0;6770;6333;166434;;;A;BOLIVAR 341 Rep.Nro.: 0 Piso:  Dpto:, 6100RUFINO;
007047U;MENESES/HIDALGO CRISTINA;C.C. Ord. 3081/2016;BOLIVAR 325;38;1;0;0;1;0;0;2886.75;0;0;0;0;0;0;0;0;0;2886.75;0;0;6771;6334;166433;;;A;GARAY.925 Rep.Nro.: 0 Piso:  Dpto:, 6100RUFINO;
007048U;SUCESION DE ARDISONE MARIA LUISA ;C.C. Ord. 3081/2016;BOLIVAR 315;38;1;0;0;1;0;0;2020.8;0;0;0;0;0;0;0;0;0;2020.8;0;0;692;6335;166432;;;A;AMERICA 406 Rep.Nro.: 0 Piso:  Dpto:, 6100RUFINO;
007061U;MACHADO E ;Plan 50 ;GUEMES 434;21B;12;0;12;0;0;0;14547.96;0;0;0;14547.96;0;46642.89;61190.85;0;0;0;0;0;6126;6348;277049;;CALLE 23 GUEMES 400-500;A;GUEMES 434 Rep.Nro.: 0 Piso:  Dpto:, 6100RUFINO CP:;
007107U;VAÑOS R E;C.C. Ord. 3081/2016;AMERICA 682;3B;1;0;0;1;0;0;4811.25;0;0;0;0;0;0;0;0;0;4811.25;0;0;11039;6463;165559;;;A;AMERICA 705 Rep.Nro.: 0 Piso:  Dpto:, 6100RUFINO;
007127U;VIVAS BENITO;Pavimento Res. 046/2026;SAAVEDRA 559;6D;6;6;0;0;0;0;411187.86;411187.86;80047.01;491234.87;0;0;0;0;0;0;0;0;0;11381;6411;380086;;;A;SAAVEDRA 529 Rep.Nro.: 0 Piso:  Dpto:, 6100RUFINO CP:;
007161U;FARRE/CUELLO MARIO;C.C. Dec. 139/2017;SAN LORENZO 126;13A;1;0;1;0;0;0;1924.5;0;0;0;0;0;0;0;0;1924.5;0;0;0;3998;14798;225253;;;A;SAN LORENZO 126 Rep.Nro.: 0 Piso:  Dpto:, 6100-RUFINO;
007161U;FARRE/CUELLO MARIO;Ord. 3303/22 hormigon armado;SAN LORENZO 126;13A;1;0;1;0;0;0;140854.25;0;0;0;140854.25;0;0;140854.25;0;0;0;0;0;3998;14798;323112;;;A;SAN LORENZO 126 Rep.Nro.: 0 Piso:  Dpto:, 6100RUFINO CP:;
007164U;RAMELLO DARIO FABIAN;C.C. Dec. 139/2017;SAN LORENZO 136;13A;1;0;1;0;0;0;1924.5;0;0;0;0;0;0;0;0;1924.5;0;0;0;9085;6446;225254;;;A;SAN LORENZO 136 Rep.Nro.: 0 Piso:  Dpto:, 6100-RUFINO;
007164U;RAMELLO DARIO FABIAN;Ord. 3303/22 hormigon armado;SAN LORENZO 136;13A;12;0;12;0;0;0;166110.67;0;0;0;166110.67;0;0;166110.67;0;0;0;0;0;9085;6446;323143;;;A;SAN LORENZO 136 Rep.Nro.: 0 Piso:  Dpto:, 6100RUFINO CP:;
007191U;ALVAREZ PABLO F;C.C. Ord. 3081/2016;LAS HERAS 345;04D;1;0;0;1;0;0;1539.6;0;0;0;0;0;0;0;0;0;1539.6;0;0;527;14529;165571;;;A;LAS HERAS 345 Rep.Nro.: 0 Piso:  Dpto:, 6100RUFINO;
007192U;GIRELLA ANTONIO/ARGUELLO;C.C. Ord. 3081/2016;LAS HERAS 335;04D;1;0;0;1;0;0;1924.5;0;0;0;0;0;0;0;0;0;1924.5;0;0;4945;6472;165572;;;A;LAS HERAS 335 Rep.Nro.: 0 Piso:  Dpto:, 6100RUFINO;
007193U;FRUA EDUARDO V/DELGADO;C.C. Ord. 3081/2016;AMERICA 716;04D;1;0;0;1;0;0;1924.5;0;0;0;0;0;0;0;0;0;1924.5;0;0;4370;6473;165566;;;A;AMERICA 710 Rep.Nro.: 0 Piso:  Dpto:, 6100RUFINO;
007197U;VERA MIGUELA G DE;PAVIMENTO CALLE SANTA ROSA;SANTA ROSA 439;06C;96;0;96;0;0;0;84134.4;0;0;0;0;0;0;0;0;84134.4;0;0;0;11177;6477;308419;;;B;SANTA ROSA 439 Rep.Nro.: 0 Piso:  Dpto:, 6100RUFINO CP:;
007197U;VERA MIGUELA G DE;PAVIMENTO CALLE SANTA ROSA;SANTA ROSA 439;06C;48;44;4;0;0;0;511058.81;502931.43;1029128.48;1532059.91;6410.35;1717.03;1609.06;9736.44;0;1717.03;0;0;0;11177;6477;308429;;;A;SANTA ROSA 439 Rep.Nro.: 0 Piso:  Dpto:, 6100RUFINO CP:;
007233U;CASTILLO/TOYOS PEDRO P;C.C. Ord. 3081/2016;LAS HERAS 355;04D;1;0;0;1;0;0;1924.5;0;0;0;0;0;0;0;0;0;1924.5;0;0;2562;6511;165573;;;A;LAS HERAS 355 Rep.Nro.: 0 Piso:  Dpto:, 6100RUFINO;
007253U;SOLARINO SANDRA EDITH Y OTRO;Pavimento Res. 046/2026;SAAVEDRA 579;6D;6;6;0;0;0;0;411187.86;411187.86;80047.01;491234.87;0;0;0;0;0;0;0;0;0;42581;43777;380090;;;A;SAAVEDRA 581 Rep.Nro.: 0 Piso:  Dpto:, 6100 RUFINO CP:;
007257U;SALGUEIRO/GOMEZ HUGO ;Plan 50 ;L.DE LA TORRE 345 INT.;26C;12;12;0;0;0;0;4598.53;4598.53;27145.8;31744.33;0;0;0;0;0;0;0;0;0;9855;6533;276698;;CALLE 18 L.DE LA TORRE 300-400;A;L.DE LA TORRE 345 INT. Rep.Nro.: 0 Piso:  Dpto:, 6100 RUFINO CP:;
007314U;MOLINA CRISTIAN A.;Plan 50 ;INDEPENDENCIA 735;22D;12;8;4;0;0;0;42276.57;30288.62;176276.29;206564.91;11987.95;0;4166.68;16154.63;0;0;0;0;0;6904;6585;276872;;CALLE 30 - INDEPENDENCIA 700 - 800;A;INDEPENDENCIA 735 Rep.Nro.: 0 Piso:  Dpto:, 6100RUFINO CP:;
007339U;BEVILACQUA HUGO ALBERTO;Plan 50 ;ASAMBLEA 840;20B;36;0;36;0;0;0;35268.75;0;0;0;33776.19;1889.6;3592.93;39258.72;0;5617.99;0;0;0;1650;231;276019;;CALLE 03 - ASAMBLEA 800 - 900;A;ASAMBLEA 840 Rep.Nro.: 0 Piso:  Dpto:, 6100RUFINO CP:;
007339U;BEVILACQUA HUGO ALBERTO;Ord. 3303/22 hormigon armado;ASAMBLEA 840;20B;50;8;42;0;0;0;521153.63;137248.79;36941.7;174190.49;383904.84;0;32444.76;416349.6;0;0;0;0;0;1650;231;325044;;;A;ASAMBLEA 840 Rep.Nro.: 0 Piso:  Dpto:, 6100 RUFINO CP:;
007342U;MATIAS ROBERTO OSCAR;Plan 50 ;INDEPENDENCIA 830;21A;36;0;36;0;0;0;19555.62;0;0;0;22781.97;0;373.56;23155.53;0;0;0;0;0;18980;32140;275585;;CALLE 29 - INDEPENDENCIA 800 - 900;A;INDEPENDENCIA 834 Rep.Nro.: 0 Piso:  Dpto:, 6100RUFINO CP:;
007343U;RODRIGUEZ ARACELI ;Plan 50 ;GUEMES 440;21B;12;0;12;0;0;0;1847.77;0;0;0;1847.77;0;4538.38;6386.15;0;0;0;0;0;9426;6611;277050;;CALLE 23 GUEMES 400-500;A;FERRARI 876 Rep.Nro.: 0 Piso:  Dpto:, 6100RUFINO CP:;
007344U;FERRERO CAMILO;Plan 50 ;GUEMES 446;21B;12;12;0;0;0;0;16721.77;16721.77;98711.03;115432.8;0;0;0;0;0;0;0;0;0;4121;6612;277051;;CALLE 23- GUEMES 400-500;A;CATAMARCA 370 Rep.Nro.: 0 Piso:  Dpto:, 6100RUFINO CP:;
007345U;LAFON/BARINAGA LORENA;Plan 50 ;GUEMES 466;21B;36;0;36;0;0;0;12429.92;0;0;0;12429.92;0;6854.51;19284.43;0;0;0;0;0;5786;6613;277271;;CALLE 23 - GUEMES 400 - 500;A;SANTA FE 375 Rep.Nro.: 0 Piso:  Dpto:, 6100RUFINO CP:;
007346U;CORIA JUAN ;Plan 50 ;INDEPENDENCIA 835;21B;36;0;16;20;0;0;21131.15;0;0;0;6736.2;0;2101.35;8837.55;0;0;14394.95;0;0;3128;6614;275284;;CALLE 29 - INDEPENDENCIA 800 - 900;A;INDEPENDENCIA 835 Rep.Nro.: 0 Piso:  Dpto:, 6100RUFINO CP:;
007347U;EGUARAS ENRIQUE;Plan 50 ;GUEMES 475;21BD;12;0;12;0;0;0;13960.07;0;0;0;13782.58;0;268.99;14051.57;0;177.49;0;0;0;3783;6615;276795;;CALLE 23 - GUEMES 400 - 500;A;GUEMES 475 Rep.Nro.: 0 Piso:  Dpto:, 6100RUFINO CP:;
007348U;TREJO FORTUNATO;Plan 50 ;GUEMES 435;21BD;12;0;12;0;0;0;16910.67;0;0;0;16910.67;0;54849.78;71760.45;0;0;0;0;0;10954;6616;276787;;CALLE 23 - GUEMES 400 - 500;A;GUEMES 435 Rep.Nro.: 0 Piso:  Dpto:,  CP:;
007349U;NOVELLINO ANDREA LAURA;Plan 50 ;GUEMES 425;21B;36;0;36;0;0;0;20905.63;0;0;0;20737.64;0;496.99;21234.63;0;167.99;0;0;0;7937;6617;275452;;CALLE 23 - GUEMES 400 - 500;A;GUEMES 425 Rep.Nro.: 0 Piso:  Dpto:, 6100 RUFINO CP:;
007350U;PEREZ SEGUNDA CATALINA;Plan 50 ;GUEMES 415;21BD;12;0;12;0;0;0;16910.67;0;0;0;16910.67;0;64590.34;81501.01;0;0;0;0;0;8635;6618;276786;;"CALLE 23 - GUEMES 400 - 500
";A;GUEMES 415 Rep.Nro.: 0 Piso:  Dpto:, 6100RUFINO CP:;
007351U;TORRES ESTER BEATRIZ;Plan 50 ;GUEMES 405;21BD;12;0;12;0;0;0;11606.76;0;0;0;0;0;0;0;0;11606.76;0;0;0;10894;6619;276783;;CALLE 23 - GUEMES 400 - 500;B;GUEMES 405 Rep.Nro.: 0 Piso:  Dpto:, 6100RUFINO CP:;
007351U;TORRES ESTER BEATRIZ;Plan 50 ;GUEMES 405;21BD;12;0;12;0;0;0;31338.24;0;0;0;0;0;0;0;0;31338.24;0;0;0;10894;6619;276943;;CALLE 33 - FERRARI 900 - 1000;B;GUEMES 405 Rep.Nro.: 0 Piso:  Dpto:, 6100RUFINO CP:;
007351U;TORRES ESTER BEATRIZ;Plan 50 ;GUEMES 405;21BD;1;0;1;0;0;0;10650.9;0;0;0;10650.9;0;0;10650.9;0;0;0;0;0;10894;6619;277727;;CALLE 33 - FERRARI 900 - 1000;A;GUEMES 405 Rep.Nro.: 0 Piso:  Dpto:, 6100RUFINO CP:;
007351U;TORRES ESTER BEATRIZ;Plan 50 ;GUEMES 405;21BD;1;0;1;0;0;0;28757.43;0;0;0;28757.43;0;0;28757.43;0;0;0;0;0;10894;6619;277729;;"CALLE 23 - GUEMES 400 - 500
";A;GUEMES 405 Rep.Nro.: 0 Piso:  Dpto:, 6100RUFINO CP:;
007352U;MENDOZA DELFINO;Plan 50 ;FERRARI 930;21BD;36;11;25;0;0;0;13312.93;5941.16;29002.12;34943.28;7371.77;0;27558.98;34930.75;0;0;0;0;0;6748;6620;276516;;CALLE 33 - FERRARI 900 - 1000;A;FOFFANO.1395 Rep.Nro.: 0 Piso:  Dpto:, 6100RUFINO CP:;
007353U;CABRERA EDUARDO F;Plan 50 ;FERRARI 946;21BD;24;0;24;0;0;0;17232.85;0;0;0;17232.85;0;8330.87;25563.72;0;0;0;0;0;2198;6621;276351;;CALLE 33 FERRARI 900 - 1000;A;FERRARI 872 Rep.Nro.: 0 Piso:  Dpto:, 6100RUFINO CP:;
007363U;SORIA ROBERTO ALFREDO;C.C. Ord. 3081/2016;RIVADAVIA 526;22AC;1;0;0;1;0;0;1924.5;0;0;0;0;0;0;0;0;0;1924.5;0;0;15517;13086;169042;;;A;RIVADAVIA 526 Rep.Nro.: 0 Piso:  Dpto:, 6100RUFINO;
007364U;CAMARGO RICARDO;C.C. Ord. 3081/2016;RIVADAVIA 536;22AC;1;0;0;1;0;0;1924.5;0;0;0;0;0;0;0;0;0;1924.5;0;0;2284;6632;169041;;;A;.ESPERANDO 170 Rep.Nro.: 0 Piso:  Dpto:, 2600VENADO TUE;
007365U;IBERN BADE;C.C. Ord. 3081/2016;RIVADAVIA 546;22AC;1;0;0;1;0;0;1924.5;0;0;0;0;0;0;0;0;0;1924.5;0;0;5521;6633;169040;;;A;RIVADAVIA 546 Rep.Nro.: 0 Piso:  Dpto:, 6100RUFINO;
007369U;CASTRO LUIS ;C.C. Ord. 3081/2016;RIVADAVIA 515;22C;1;0;0;1;0;0;1924.5;0;0;0;0;0;0;0;0;0;1924.5;0;0;2575;6636;169035;;;A;RIVADAVIA 515 Rep.Nro.: 0 Piso:  Dpto:, 6100RUFINO;
007370U;MORENO FELIX RAUL;Plan 50 ;INDEPENDENCIA 775;22D;12;12;0;0;0;0;29593.56;29593.56;174573.93;204167.49;0;0;0;0;0;0;0;0;0;7116;7407;276880;;CALLE 30 - INDEPENDENCIA 700 - 800;A;S.ESTERO 332 Rep.Nro.: 0 Piso:  Dpto:, 6100 RUFINO CP:;
007371U;GARCIA PEDRO/ITHURBIDE;Plan 50 ;INDEPENDENCIA 761;22D;12;12;0;0;0;0;29593.56;29593.56;174573.93;204167.49;0;0;0;0;0;0;0;0;0;4604;6638;276876;;CALLE 30 - INDEPENDENCIA 700 - 800;A;INDEPENDENCIA 761 Rep.Nro.: 0 Piso:  Dpto:, 6100 RUFINO CP:;
007377U;ARIAS NESTOR OSCAR ;Plan 50 ;M.ROCA 894;26A;36;36;0;0;0;0;63393.43;63393.43;333538.72;396932.15;0;0;0;0;0;0;0;0;0;19509;18284;275278;;CALLE 22 - GUEMES 300 - 400;A;ASAMBLEA 907 Rep.Nro.: 0 Piso:  Dpto:, 6100 RUFINO CP:;
007378U;NOVAL INES DE;Plan 50 ;GUEMES 336;26A;24;0;24;0;0;0;16066.23;0;0;0;16066.23;0;51448.21;67514.44;0;0;0;0;0;7933;6645;275279;;CALLE 22 - GUEMES 300 - 400;A;BV.ESPAÑA 730 Rep.Nro.: 0 Piso:  Dpto:, 6100 RUFINO CP:;
007379U;VIDAURRE/PEÑA MENARVINO;Plan 50 ;GUEMES 346;26A;12;0;12;0;0;0;14374.05;0;0;0;14374.05;0;42555.99;56930.04;0;0;0;0;0;11268;6646;275814;;CALLE 22 - GUEMES 300 - 400;A;M.ROCA 860 Rep.Nro.: 0 Piso:  Dpto:, 6100RUFINO CP:;
007380U;CORONEL W SUC ;Plan 50 ;GUEMES 356;26A;12;12;0;0;0;0;16721.77;16721.77;98711.03;115432.8;0;0;0;0;0;0;0;0;0;3159;3507;277044;;calle 22-guemes 300-400;A;FERRARI 897 Rep.Nro.: 0 Piso:  Dpto:, 6100 RUFINO CP:;
007381U;CORONEL W SUC ;Plan 50 ;GUEMES 366;26A;12;12;0;0;0;0;16910.67;16910.67;99692.15;116602.82;0;0;0;0;0;0;0;0;0;3159;3507;277175;;CALLE 22 - GUEMES 300 - 400;A;FERRARI 897 Rep.Nro.: 0 Piso:  Dpto:, 6100RUFINO CP:;
007383U;ESCUDERO LEONCIO R;Plan 50 ;FERRARI 907;26AC;12;12;0;0;0;0;59187.24;59187.24;349148.55;408335.79;0;0;0;0;0;0;0;0;0;3849;6650;276948;;CALLE 33 - FERRARI 900 - 1000;A;FERRARI 907 Rep.Nro.: 0 Piso:  Dpto:, 6100 RUFINO CP:;
007383U;ESCUDERO LEONCIO R;Plan 50 ;FERRARI 907;26AC;12;12;0;0;0;0;35444.61;35444.61;208953.86;244398.47;0;0;0;0;0;0;0;0;0;3849;6650;277179;;CALLE 22 - GUEMES 300 - 400;A;FERRARI 907 Rep.Nro.: 0 Piso:  Dpto:, 6100 RUFINO CP:;
007384U;MUJICA/MARCHETTO MIGUEL;C.C. Dec. 139/2017;SAN LORENZO 156;13A;1;0;1;0;0;0;1924.5;0;0;0;0;0;0;0;0;1924.5;0;0;0;7246;6651;225256;;;A;SAN LORENZO 156 Rep.Nro.: 0 Piso:  Dpto:, 6100-RUFINO;
007384U;MARCHETTO BRUNO;Ord. 3303/22 hormigon armado;SAN LORENZO 156;13A;50;0;50;0;0;0;201042.25;0;0;0;201042.25;0;72195.03;273237.28;0;0;0;0;0;38361;38992;325045;;;A;TILOS 309 Rep.Nro.: 0 Piso:  Dpto:, 6100 RUFINO CP:;
007385U;PANNUNZIO RP;Plan 50 ;GUEMES 375;26AC;36;0;32;0;0;4;16497.36;0;0;0;15459.04;0;12.95;15471.99;0;0;0;0;1634.22;8285;6652;275765;;CALLE 22 - GUEMES 300 - 400;A;CENTENARIO 164 Rep.Nro.: 0 Piso:  Dpto:, 6100RUFINO CP:;
007386U;MARTIN ANIBAL A;Plan 50 ;GUEMES 365;26AC;12;12;0;0;0;0;16721.77;16721.77;98711.03;115432.8;0;0;0;0;0;0;0;0;0;6470;6653;277048;;CALLE 22 GUEMES 300-400;A;GUEMES 365 Rep.Nro.: 0 Piso:  Dpto:, 6100RUFINO CP:;
007387U;LEONE GONZALO LUIS;Plan 50 ;GUEMES 355;26AC;12;0;12;0;0;0;16721.77;0;0;0;16721.77;0;52697.23;69419;0;0;0;0;0;16281;16112;277047;;calle 22 GUEMES 300-400;A;GUEMES 355 Rep.Nro.: 0 Piso:  Dpto:, 6100RUFINO CP:;
007388U;PANUNZIO RODOLFO P;Plan 50 ;GUEMES 345;26AC;36;0;29;0;0;7;18252.96;0;0;0;13703.44;0;0;13703.44;0;0;0;0;2317.32;8341;6199;275764;;CALLE 22 - GUEMES 300 - 400;A;CENTENARIO 164 Rep.Nro.: 0 Piso:  Dpto:, 6100RUFINO CP:;
007389U;MARTINEZ/MATIO CARLOS;Plan 50 ;GUEMES 335;26AC;12;12;0;0;0;0;16721.77;16721.77;98711.03;115432.8;0;0;0;0;0;0;0;0;0;6596;6656;277046;;calle 22 guemes 300-400;A;GUEMES 335 Rep.Nro.: 0 Piso:  Dpto:, 6100RUFINO CP:;
007390U;PANUNZIO RODOLFO P;Plan 50 ;GUEMES 325;26AC;36;0;29;0;0;7;18252.96;0;0;0;13703.44;0;0;13703.44;0;0;0;0;2317.32;8341;6199;275763;;CALLE 22 - GUEMES 300 - 400;A;CENTENARIO 164 Rep.Nro.: 0 Piso:  Dpto:, 6100RUFINO CP:;
007391U;PANUNZIO/LEZCANO ANTONIO;Plan 50 ;GUEMES 315;26AC;12;12;0;0;0;0;33443.43;33443.43;197421.44;230864.87;0;0;0;0;0;0;0;0;0;8343;6658;277045;;calle 22-guemes 300-400;A;.M.ELGUETA 278 LA CARLOTA (CORDOBA) Rep.Nro.: 0 Piso:  Dpto:, 2670 LA CARLOTA CP:;
007394U;IRUSTA HECTOR;C.C. Dec. 139/2017;SAN LORENZO 146;13A;1;0;0;1;0;0;1924.5;0;0;0;0;0;0;0;0;0;1924.5;0;0;5649;6661;225255;;;A;SAN LORENZO 146 Rep.Nro.: 0 Piso:  Dpto:, 6100-RUFINO;
007394U;IRUSTA HECTOR;Ord. 3303/22 hormigon armado;SAN LORENZO 146;13A;50;15;35;0;0;0;260576.25;118824.48;62643.32;181467.8;141751.77;0;36438.04;178189.81;0;0;0;0;0;5649;6661;325046;;;A;SAN LORENZO 146 Rep.Nro.: 0 Piso:  Dpto:, 6100 RUFINO CP:;
007396U;BARABINO RUBEN C;Plan 50 ;GUEMES 215;26BD;12;12;0;0;0;0;33443.43;33443.43;197421.44;230864.87;0;0;0;0;0;0;0;0;0;1170;3049;277040;;CALLE 21-GUEMES 200-300;A;P.PERON.1155 Rep.Nro.: 0 Piso:  Dpto:, 6100RUFINO CP:;
007396U;BARABINO RUBEN C;Ord. 3303/22 hormigon armado;GUEMES 215;26BD;50;10;0;0;0;40;521153.63;167711.58;57508;225219.58;0;0;0;0;0;0;0;0;353442.05;1170;3049;325047;;;A;P.PERON.1155 Rep.Nro.: 0 Piso:  Dpto:, 6100RUFINO CP:;
007405U;PERERA/AVILA OSCAR A;Plan 50 ;CENTENARIO 996;26BD;12;0;12;0;0;0;33443.43;0;0;0;33443.43;0;113621.21;147064.64;0;0;0;0;0;8521;6671;276664;;CALLE 17- L.DE LA TORRE 200-300;A;ACACIAS 250 Rep.Nro.: 0 Piso:  Dpto:, 6100 RUFINO CP:;
007405U;ALVAREZ ROBERTO LUIS;Ord. 3303/22 hormigon armado;CENTENARIO 996;26BD;50;9;0;0;0;41;521153.63;152630.99;46755.54;199386.53;0;0;0;0;0;0;0;0;368522.64;45067;46645;325048;;;A;ACACIAS 250 Rep.Nro.: 0 Piso:  Dpto:, 6100 RUFINO CP:;
007406U;VIALE OVIDIO MIGUEL;Plan 50 ;L.DE LA TORRE 291;26D;36;0;36;0;0;0;42087.4;0;0;0;42087.4;203.41;2066.25;44357.06;0;0;0;0;0;11212;6672;276379;;CALLE 17 - L.DE LA TORRE 200 - 300;A;M.ROCA.1009 Rep.Nro.: 0 Piso:  Dpto:, 6100RUFINO CP:;
007406U;VIALE OVIDIO MIGUEL;Ord. 3303/22 hormigon armado;L.DE LA TORRE 291;26D;50;1;49;0;0;0;519900.67;18813.51;0;18813.51;501087.16;0;3052.65;504139.81;0;0;0;0;0;11212;6672;325049;;;A;M.ROCA.1009 Rep.Nro.: 0 Piso:  Dpto:, 6100 RUFINO CP:;
007407U;BELIERA RAMON ANGEL ;Plan 50 ;L.DE LA TORRE 275;26D;36;17;19;0;0;0;21131.15;7713.81;43583.22;51297.03;13417.34;0;56756.71;70174.05;0;0;0;0;0;13449;12010;275267;;CALLE 17 - L.DE LA TORRE 200 - 300;A;L.DE LA TORRE 275 Rep.Nro.: 0 Piso:  Dpto:, 6100RUFINO CP:;
007407U;BELIERA RAMON ANGEL ;Ord. 3303/22 hormigon armado;L.DE LA TORRE 275;26D;50;1;6;43;0;0;260576.25;9406.74;0;9406.74;42307.8;0;583.06;42890.86;0;0;208861.71;0;0;13449;12010;325050;;;A;L.DE LA TORRE 275 Rep.Nro.: 0 Piso:  Dpto:, 6100RUFINO CP:;
007408U;COSTA EDGAR J;Plan 50 ;L.DE LA TORRE 265;26D;12;0;12;0;0;0;14213.49;0;0;0;7106.73;0;12974.7;20081.43;0;7106.76;0;0;0;3226;15605;276687;;CALLE 17 L. DE LA TORRE 200-300;A;L.DE LA TORRE 265 Rep.Nro.: 0 Piso:  Dpto:, 6100RUFINO CP:;
007408U;COSTA EDGAR J;Ord. 3303/22 hormigon armado;L.DE LA TORRE 265;26D;50;43;7;0;0;0;260576.25;242669.77;346731.68;589401.45;17906.48;0;3765.48;21671.96;0;0;0;0;0;3226;15605;325052;;;A;L.DE LA TORRE 265 Rep.Nro.: 0 Piso:  Dpto:, 6100RUFINO CP:;
007409U;TIBALDI AURORA ;Plan 50 ;L.DE LA TORRE 255;26D;12;12;0;0;0;0;16721.77;16721.77;98711.03;115432.8;0;0;0;0;0;0;0;0;0;10807;15606;276686;;CALLE 17 L. DELA TORRE 200-300;A;L.DE LA TORRE 255 Rep.Nro.: 0 Piso:  Dpto:, 6100RUFINO CP:;
007409U;TIBALDI AURORA ;Ord. 3303/22 hormigon armado;L.DE LA TORRE 255;26D;50;11;0;0;0;39;260576.25;91212.02;34550.78;125762.8;0;0;0;0;0;0;0;0;169364.23;10807;15606;325054;;;A;L.DE LA TORRE 255 Rep.Nro.: 0 Piso:  Dpto:, 6100RUFINO CP:;
007410U;ANDRICH MIGUEL;Plan 50 ;L.DE LA TORRE 245;26D;12;12;0;0;0;0;16721.77;16721.77;98711.03;115432.8;0;0;0;0;0;0;0;0;0;588;6674;276685;;CALLE 17 L. DE LA TORRE 200-300;A;L.DE LA TORRE 245 Rep.Nro.: 0 Piso:  Dpto:, 6100RUFINO CP:;
007410U;ANDRICH MIGUEL;Ord. 3303/22 hormigon armado;L.DE LA TORRE 245;26D;50;19;0;0;0;31;260576.25;143357.8;95884.12;239241.92;0;0;0;0;0;0;0;0;117218.45;588;6674;325055;;;A;L.DE LA TORRE 245 Rep.Nro.: 0 Piso:  Dpto:, 6100RUFINO CP:;
007411U;UTRERA/PENA JOSE;Plan 50 ;L.DE LA TORRE 235;26D;12;0;12;0;0;0;16721.77;0;0;0;16721.77;0;53048.39;69770.16;0;0;0;0;0;11038;6675;276684;;CALLE 17 L.DE LA TORRE 200-300;A;L.DE LA TORRE 235 Rep.Nro.: 0 Piso:  Dpto:, 6100 RUFINO CP:;
007411U;UTRERA/PENA JOSE;Ord. 3303/22 hormigon armado;L.DE LA TORRE 235;26D;50;1;49;0;0;0;260576.25;9406.74;0;9406.74;251169.51;0;405241.71;656411.22;0;0;0;0;0;11038;6675;325056;;;A;L.DE LA TORRE 235 Rep.Nro.: 0 Piso:  Dpto:, 6100 RUFINO CP:;
007412U;BARABINO RUBEN C;Plan 50 ;CENTENARIO 896;26B;12;12;0;0;0;0;33443.43;33443.43;197421.44;230864.87;0;0;0;0;0;0;0;0;0;1170;3049;277023;;CALLE 21-GUEMES 200-300;A;P.PERON.1155 Rep.Nro.: 0 Piso:  Dpto:, 6100RUFINO CP:;
007412U;BARABINO RUBEN C;Ord. 3303/22 hormigon armado;CENTENARIO 896;26B;50;10;0;0;0;40;521153.63;167711.58;57508;225219.58;0;0;0;0;0;0;0;0;353442.05;1170;3049;325057;;;A;P.PERON.1155 Rep.Nro.: 0 Piso:  Dpto:, 6100RUFINO CP:;
007413U;PERERA/IRIGARAY ELSA E;Plan 50 ;L.DE LA TORRE 226;26BD;12;0;12;0;0;0;14213.49;0;0;0;14213.49;0;50655.13;64868.62;0;0;0;0;0;8522;6677;276666;;CALLE 17 L. DE LA TORRE 200-300;A;L.DE LA TORRE 226 Rep.Nro.: 0 Piso:  Dpto:, 6100RUFINO CP:;
007413U;PERERA/IRIGARAY ELSA E;Ord. 3303/22 hormigon armado;L.DE LA TORRE 226;26BD;50;5;0;45;0;0;260576.25;44598.9;6785.64;51384.54;0;0;0;0;0;0;215977.35;0;0;8522;6677;325058;;;A;L.DE LA TORRE 226 Rep.Nro.: 0 Piso:  Dpto:, 6100RUFINO CP:;
007419U;VALDEZ JOSE OMAR;Ord. 3303/22 hormigon armado;L.DE LA TORRE 124;28AC;50;27;23;0;0;0;260576.25;184248.42;170943.32;355191.74;76327.83;0;147303.35;223631.18;0;0;0;0;0;15673;13689;325059;;;A;L.DE LA TORRE 124 Rep.Nro.: 0 Piso:  Dpto:, 6100 RUFINO CP:;
007420U;LUPI CARLOS EDUARDO;Ord. 3303/22 hormigon armado;L.DE LA TORRE 130;28AC;50;13;37;0;0;0;234519.28;94883.86;42900;137783.86;139635.42;0;76042.45;215677.87;0;0;0;0;0;23755;24744;325061;;;A;L.DE LA TORRE 140 Rep.Nro.: 0 Piso:  Dpto:, 6100 RUFINO CP:;
007421U;BOGLIOLI SUSANA CRISTINA;Ord. 3303/22 hormigon armado;L.DE LA TORRE 150;28AC;50;0;50;0;0;0;234074.72;0;0;0;234074.72;0;2536.68;236611.4;0;0;0;0;0;16135;16024;325062;;;A;L.DE LA TORRE 150 Rep.Nro.: 0 Piso:  Dpto:, 6100RUFINO CP:;
007422U;SELVAGGIO PEDRO F;Ord. 3303/22 hormigon armado;L.DE LA TORRE 160;28AC;50;11;0;0;0;39;234519.28;82091.06;31095.77;113186.83;0;0;0;0;0;0;0;0;152428.22;10181;6686;325063;;;A;L.DE LA TORRE 160 Rep.Nro.: 0 Piso:  Dpto:, 6100RUFINO CP:;
007423U;BAIGORRIA D;Ord. 3303/22 hormigon armado;L.DE LA TORRE 170;28AC;50;11;0;0;0;39;234519.28;82091.06;31095.77;113186.83;0;0;0;0;0;0;0;0;152428.22;1069;6687;325064;;;A;M.ROCA 915 Rep.Nro.: 0 Piso:  Dpto:, 6100RUFINO CP:;
007424U;BARABINO MARIA C;Ord. 3303/22 hormigon armado;L.DE LA TORRE 180;28AC;50;11;0;0;0;39;755675.09;264516.16;100197.73;364713.89;0;0;0;0;0;0;0;0;491158.93;1155;1041;325065;;;A;P.PERON.1155 Rep.Nro.: 0 Piso:  Dpto:, 6100RUFINO CP:;
007433U;BONETTO SERGIO GUSTAVO;Ord. 3303/22 hormigon armado;CENTENARIO.1005;28C;50;0;50;0;0;0;198623.26;0;0;0;0;0;0;0;0;198623.26;0;0;0;1895;6697;325066;;;B;A.MARTIN 046 Rep.Nro.: 0 Piso:  Dpto:, 6100RUFINO CP:;
007433U;BONETTO SERGIO GUSTAVO;Ord. 3303/22 hormigon armado;CENTENARIO.1005;28C;50;1;10;0;0;39;158426.25;5733.09;0;5733.09;49471.65;0;404.81;49876.46;0;0;0;0;103221.51;1895;6697;326241;;Por Resol.241/22 abona solamente el 38.09% . Se compenso el 61.91%;A;A.MARTIN 046 Rep.Nro.: 0 Piso:  Dpto:, 6100RUFINO CP:;
007434U;MALDONADO CESAR;Ord. 3303/22 hormigon armado;L.DE LA TORRE 169;28C;50;0;50;0;0;0;127689.03;0;0;0;127689.04;5633.47;1034.94;134357.45;0;0;0;0;0;6247;6698;324895;;;A;L.DE LA TORRE 169 Rep.Nro.: 0 Piso:  Dpto:, 6100 RUFINO CP:;
007435U;MARQUESI RUBEN A;Ord. 3303/22 hormigon armado;L.DE LA TORRE 159;28C;50;11;0;0;0;39;234519.28;82091.06;31095.77;113186.83;0;0;0;0;0;0;0;0;152428.22;6434;6699;325069;;;A;MORENO 413 Rep.Nro.: 0 Piso:  Dpto:, 6100RUFINO CP:;
007436U;RIVAROLA JOSE L;Ord. 3303/22 hormigon armado;L.DE LA TORRE 145;28C;50;11;0;0;0;39;234519.28;82091.06;31095.77;113186.83;0;0;0;0;0;0;0;0;152428.22;9354;6700;325070;;;A;L.DE LA TORRE 145 Rep.Nro.: 0 Piso:  Dpto:, 6100RUFINO CP:;
007437U;BUFFA ALBERTO OSCAR;Ord. 3303/22 hormigon armado;L.DE LA TORRE 135;28C;50;11;39;0;0;0;234519.28;82091.06;31095.77;113186.83;152428.22;0;128182.11;280610.33;0;0;0;0;0;13586;12274;325073;;;A;BV.ESPAÑA.1046 Rep.Nro.: 0 Piso:  Dpto:, 6100 RUFINO CP:;
007438U;DE JUAN SEBASTIAN;Ord. 3303/22 hormigon armado;L.DE LA TORRE 127;28C;50;11;0;0;0;39;416923.28;145939.65;55281.41;201221.06;0;0;0;0;0;0;0;0;270983.63;3437;6702;325075;;;A;L.DE LA TORRE 127 Rep.Nro.: 0 Piso:  Dpto:, 6100 RUFINO CP:;
007452U;FERRERO CRISTINA LEONOR;Pavimiento Urbano;AZCUENAGA 246;3A;19;0;19;0;0;0;801.8;0;0;0;801.8;0;1262.92;2064.72;0;0;0;0;0;4125;6714;227877;;;A;AZCUENAGA 246 Rep.Nro.: 0 Piso:  Dpto:, 6100-RUFINO;
007519U;GOROSITO/TORTA OSCAR;Plan 50 ;R.BOUSSY 834;5A;12;4;8;0;0;0;16910.67;6235.08;35881.94;42117.02;10675.59;0;25990.21;36665.8;0;0;0;0;0;5227;6779;276854;;CALLE 05 R.BOUSSY  800 - 900;A;COBO 522 Rep.Nro.: 0 Piso:  Dpto:, 6100RUFINO CP:;
007519U;GOROSITO/TORTA OSCAR;Ord. 3303/22 hormigon armado;R.BOUSSY 834;5A;50;10;1;0;0;39;260576.25;83855.65;28753.96;112609.61;2488.42;0;0;2488.42;0;0;0;0;174232.18;5227;6779;325077;;;A;COBO 522 Rep.Nro.: 0 Piso:  Dpto:, 6100 RUFINO CP:;
007520U;URQUIZA JUAN C.Y OTRA;Plan 50 ;R.BOUSSY 838;5A;12;12;0;0;0;0;14374.05;14374.05;84793.26;99167.31;0;0;0;0;0;0;0;0;0;11012;6780;276856;;CALLE 05 R.BOUSSY  800 - 900;A;R.BOUSSY 838 Rep.Nro.: 0 Piso:  Dpto:, 6100RUFINO CP:;
007520U;URQUIZA JUAN C.Y OTRA;Ord. 3303/22 hormigon armado;R.BOUSSY 838;5A;50;11;0;0;0;39;260576.25;91212.02;34550.78;125762.8;0;0;0;0;0;0;0;0;169364.23;11012;6780;325078;;;A;R.BOUSSY 838 Rep.Nro.: 0 Piso:  Dpto:, 6100 RUFINO CP:;
007521U;MARQUEZ ALBERTO I;Plan 50 ;R.BOUSSY 840;5A;12;0;12;0;0;0;21247.11;0;0;0;0;0;0;0;0;21247.11;0;0;0;6436;6781;276857;;CALLE 05 R.BOUSSY  800 - 900;B;R.BOUSSY 840 Rep.Nro.: 0 Piso:  Dpto:, 6100RUFINO CP:;
007521U;MARQUEZ ALBERTO I;Plan 50 ;R.BOUSSY 840;5A;24;0;0;24;0;0;25258.84;0;0;0;0;0;0;0;0;0;25258.84;0;0;6436;6781;285635;;CALLE 05 - R.BOUSSY 800 - 900;A;R.BOUSSY 840 Rep.Nro.: 0 Piso:  Dpto:, 6100RUFINO CP:;
007521U;MARQUEZ ALBERTO I;Ord. 3303/22 hormigon armado;R.BOUSSY 840;5A;50;1;20;29;0;0;325722.87;11758.52;0;11758.52;155382.24;0;13649.79;169032.03;0;0;158582.11;0;0;6436;6781;325080;;;A;R.BOUSSY 840 Rep.Nro.: 0 Piso:  Dpto:, 6100 RUFINO CP:;
007522U;BRUNO A/CAFFA J;Plan 50 ;R.BOUSSY 866;5A;12;0;12;0;0;0;13697.64;0;0;0;13697.64;0;37269.55;50967.19;0;0;0;0;0;2026;6782;276867;;CALLE 05 R.BOUSSY  800 - 900;A;CHACABUCO 622 Rep.Nro.: 0 Piso:  Dpto:, 6100RUFINO CP:;
007522U;BRUNO A/CAFFA J;Ord. 3303/22 hormigon armado;R.BOUSSY 866;5A;50;9;13;0;0;28;211066.48;61435.29;20124.66;81559.95;43819.68;0;13103.83;56923.51;0;0;0;0;105811.51;2026;6782;325082;;;A;CHACABUCO 622 Rep.Nro.: 0 Piso:  Dpto:, 6100RUFINO CP:;
007523U;BRARDA PEDRO ENRIQUE;Plan 50 ;R.BOUSSY 876;5A;12;0;12;0;0;0;13697.64;0;0;0;13697.64;0;5132.59;18830.23;0;0;0;0;0;1975;6783;276869;;CALLE 05 R.BOUSSY  800 - 900;A;R.BOUSSY 876 Rep.Nro.: 0 Piso:  Dpto:, 6100 RUFINO CP:;
007523U;BRARDA PEDRO ENRIQUE;Ord. 3303/22 hormigon armado;R.BOUSSY 876;5A;50;0;50;0;0;0;194858.99;0;0;0;194858.99;0;146909.95;341768.94;0;0;0;0;0;1975;6783;325083;;;A;R.BOUSSY 876 Rep.Nro.: 0 Piso:  Dpto:, 6100 RUFINO CP:;
007524U;RULLAN RAMON;Pavimiento Urbano;AZCUENAGA 490;5A;70;0;70;0;0;0;2308.5;0;0;0;0;0;0;0;0;2308.5;0;0;0;9784;7385;229477;;;A;AZCUENAGA 490 Rep.Nro.: 0 Piso:  Dpto:, 6100-RUFINO;
007524U;RULLAN RAMON;Pavimiento Urbano;AZCUENAGA 490;5A;70;0;70;0;0;0;5175.9;0;0;0;0;0;0;0;0;5175.9;0;0;0;9784;7385;229478;;;A;AZCUENAGA 490 Rep.Nro.: 0 Piso:  Dpto:, 6100-RUFINO;
007524U;RULLAN LORENA SUSANA;Plan 50 ;AZCUENAGA 490;5A;12;0;12;0;0;0;29179.32;0;0;0;29179.32;0;29198.44;58377.76;0;0;0;0;0;40315;41160;276875;;CALLE 05 R.BOUSSY  800 - 900;A;AZCUENAGA 490 Rep.Nro.: 0 Piso:  Dpto:, 6100RUFINO CP:;
007524U;RULLAN LORENA SUSANA;Ord. 3303/22 hormigon armado;AZCUENAGA 490;5A;50;12;38;0;0;0;528971.81;199801.91;82890.41;282692.32;329169.9;0;380341.11;709511.01;0;0;0;0;0;40315;41160;325084;;;A;AZCUENAGA 490 Rep.Nro.: 0 Piso:  Dpto:, 6100 RUFINO CP:;
007529U;SOBRINO MIRTA S;C.C. Dec. 132/2017;F.A.GARIN 421;5A;1;0;1;0;0;0;1539.6;0;0;0;0;0;0;0;0;1539.6;0;0;0;10330;6787;223886;;;A;F.A.GARIN 421 Rep.Nro.: 0 Piso:  Dpto:, 6100-RUFINO;
007529U;SOBRINO MIRTA S;Ord. 3303/22 hormigon armado;F.A.GARIN 421;5A;50;1;49;0;0;0;207606.48;7525.31;0;7525.31;200081.17;0;8313.46;208394.63;0;0;0;0;0;10330;6787;325086;;;A;F.A.GARIN 421 Rep.Nro.: 0 Piso:  Dpto:, 6100RUFINO CP:;
007531U;FERRERO/FRANCESCATTO O;C.C. Ord. 3081/2016;POSADAS 490;5AC;1;0;0;1;0;0;5965.95;0;0;0;0;0;0;0;0;0;5965.95;0;0;4171;6789;169066;;;A;POSADAS 490 Rep.Nro.: 0 Piso:  Dpto:, 6100RUFINO;
007531U;FERRERO/FRANCESCATTO O;Plan 50 ;POSADAS 490;5AC;12;12;0;0;0;0;53758.89;53758.89;317126.44;370885.33;0;0;0;0;0;0;0;0;0;4171;6789;276823;;CALLE 04 R.BOUSSY  900 - 1000;A;POSADAS 490 Rep.Nro.: 0 Piso:  Dpto:, 6100 RUFINO CP:;
007531U;FERRERO/FRANCESCATTO O;Ord. 3303/22 hormigon armado;POSADAS 490;5AC;50;11;0;0;0;39;1636163.51;572721.92;216944.91;789666.83;0;0;0;0;0;0;0;0;1063441.59;4171;6789;325087;;;A;POSADAS 490 Rep.Nro.: 0 Piso:  Dpto:, 6100 RUFINO CP:;
007532U;DEFELIPO/MAIBACH EDUARDO;C.C. Ord. 3081/2016;POSADAS 450;5AC;1;0;0;1;0;0;2886.75;0;0;0;0;0;0;0;0;0;2886.75;0;0;3463;6790;169064;;;A;POSADAS 450 Rep.Nro.: 0 Piso:  Dpto:, 6100RUFINO;
007532U;DEFELIPO/MAIBACH EDUARDO;Ord. 3303/22 hormigon armado;POSADAS 450;5AC;50;2;48;0;0;0;390865.9;27836;1358.86;29194.86;363029.93;6735.48;33162.06;402927.47;0;0;0;0;0;3463;6790;325089;;;A;POSADAS 450 Rep.Nro.: 0 Piso:  Dpto:, 6100RUFINO CP:;
007533U;JACOB RAUL H;C.C. Ord. 3081/2016;POSADAS 440;5AC;1;0;0;1;0;0;1924.5;0;0;0;0;0;0;0;0;0;1924.5;0;0;5679;6791;169063;;;A;POSADAS 440 Rep.Nro.: 0 Piso:  Dpto:, 6100RUFINO;
007533U;JACOB RAUL H;Ord. 3303/22 hormigon armado;POSADAS 440;5AC;50;0;50;0;0;0;256986;0;0;0;256986;0;323889.77;580875.77;0;0;0;0;0;5679;6791;325090;;;A;POSADAS 440 Rep.Nro.: 0 Piso:  Dpto:, 6100 RUFINO CP:;
007534U;ZAVALLA GUSTAVO LUIS;C.C. Ord. 3081/2016;POSADAS 410;5AC;1;0;0;1;0;0;6735.75;0;0;0;0;0;0;0;0;0;6735.75;0;0;15802;12664;169062;;;A;MEUNIER 382 Rep.Nro.: 0 Piso:  Dpto:, 6100RUFINO;
007534U;ZAVALLA LUIS;Ord. 3303/22 hormigon armado;POSADAS 410;5AC;50;0;50;0;0;0;228569.79;0;0;0;0;0;0;0;0;228569.79;0;0;0;26427;27132;325091;;;A;MEUNIER 382 Rep.Nro.: 0 Piso:  Dpto:, 6100 RUFINO CP:;
007539U;MANTAY PAULA CECILIA;C.C. Ord. 3081/2016;POSADAS 550;5BD;1;0;0;1;0;0;1924.5;0;0;0;0;0;0;0;0;0;1924.5;0;0;6345;6796;175104;;;A;POSADAS 550 Rep.Nro.: 0 Piso:  Dpto:, 6100RUFINO;
007539U;MANTAY PAULA CECILIA;Pavimento Res. 046/2026;POSADAS 550;5BD;6;6;0;0;0;0;411187.86;411187.86;80047.01;491234.87;0;0;0;0;0;0;0;0;0;6345;6796;380190;;;A;POSADAS 550 Rep.Nro.: 0 Piso:  Dpto:, 6100RUFINO CP:;
007540U;PEÑA MAXIMO;C.C. Ord. 3081/2016;POSADAS 536;5BD;1;0;0;1;0;0;1924.5;0;0;0;0;0;0;0;0;0;1924.5;0;0;8442;6797;175103;;;A;POSADAS 536 Rep.Nro.: 0 Piso:  Dpto:, 6100RUFINO;
007540U;PEÑA MAXIMO;Pavimento Res. 046/2026;POSADAS 536;5BD;6;3;3;0;0;0;411187.86;207830.85;15379.48;223210.33;203357.01;0;12404.77;215761.78;0;0;0;0;0;8442;6797;380177;;;A;POSADAS 536 Rep.Nro.: 0 Piso:  Dpto:, 6100 RUFINO CP:;
007541U;DOLAGARAY A;C.C. Ord. 3081/2016;POSADAS 530;5BD;1;0;0;1;0;0;1924.5;0;0;0;0;0;0;0;0;0;1924.5;0;0;3668;1981;175101;;;A;CHACABUCO 979 Rep.Nro.: 0 Piso:  Dpto:, 6100RUFINO;
007541U;DOLAGARAY A;Pavimento Res. 046/2026;POSADAS 530;5BD;1;0;1;0;0;0;2033570;0;0;0;1830213;0;0;1830213;0;0;0;0;0;3668;1981;379793;;;A;CHACABUCO 979 Rep.Nro.: 0 Piso:  Dpto:, 6100RUFINO CP:;
007542U;ALE EDGARDO D./BELZER SILVINO;C.C. Ord. 3081/2016;POSADAS 516;5BD;1;0;0;1;0;0;1924.5;0;0;0;0;0;0;0;0;0;1924.5;0;0;342;6799;175100;;;A;MORENO 620 Rep.Nro.: 0 Piso:  Dpto:, 6100RUFINO;
007542U;ALE EDGARDO D./BELZER SILVINO;Pavimento Res. 046/2026;POSADAS 516;5BD;6;6;0;0;0;0;411224.28;411224.28;80054.1;491278.38;0;0;0;0;0;0;0;0;0;342;6799;380170;;;A;POSADAS 516 Rep.Nro.: 0 Piso:  Dpto:, 6100 RUFINO CP:;
007543U;SOTO GUSTAVO DANIEL;C.C. Ord. 3081/2016;R.BOUSSY 997;5BD;1;0;0;1;0;0;2116.95;0;0;0;0;0;0;0;0;0;2116.95;0;0;10524;6800;175098;;;A;POSADAS 506 Rep.Nro.: 0 Piso:  Dpto:, 6100RUFINO;
007543U;SOTO GUSTAVO DANIEL;Plan 50 ;R.BOUSSY 997;5BD;12;0;12;0;0;0;49584.65;0;0;0;49584.65;0;3700.42;53285.07;0;0;0;0;0;10524;6800;275453;;"CALLE 04 - R.BOUSSY 900 - 1000

";A;R.BOUSSY 997 Rep.Nro.: 0 Piso:  Dpto:, 6100 RUFINO CP:;
007543U;SOTO GUSTAVO DANIEL;Ord. 3303/22 hormigon armado;R.BOUSSY 997;5BD;51;0;51;0;0;0;630003.12;0;0;0;630003.12;0;69888.74;699891.86;0;0;0;0;0;10524;6800;323081;;;A;R.BOUSSY 997 Rep.Nro.: 0 Piso:  Dpto:, 6100 RUFINO CP:;
007543U;SOTO GUSTAVO DANIEL;Pavimento Res. 046/2026;R.BOUSSY 997;5BD;6;6;0;0;0;0;452306.61;452306.61;88051.7;540358.31;0;0;0;0;0;0;0;0;0;10524;6800;380163;;;A;R.BOUSSY 997 Rep.Nro.: 0 Piso:  Dpto:, 6100 RUFINO CP:;
007544U;PEREYRA ALBIL NORMA B;Plan 50 ;R.BOUSSY 965;5BD;12;0;12;0;0;0;16752.17;0;0;0;15906.5;0;416.13;16322.63;0;845.67;0;0;0;8525;6801;276828;;CALLE 04 R.BOUSSY  900 - 1000;A;VICTORERO 260 Rep.Nro.: 0 Piso:  Dpto:, 6100RUFINO CP:;
007544U;SIERRA FRANCO LEANDRO;Ord. 3303/22 hormigon armado;R.BOUSSY 965;5BD;50;16;34;0;0;0;312691.09;150278.36;84737.41;235015.77;162412.73;0;152947.54;315360.27;0;0;0;0;0;20842;19324;325092;;;A;R.BOUSSY 965 Rep.Nro.: 0 Piso:  Dpto:, 6100RUFINO CP:;
007545U;TEIXIDO VICTOR A;Plan 50 ;R.BOUSSY 955;5BD;36;0;36;0;0;0;26413.79;0;0;0;26413.79;0;70922.07;97335.86;0;0;0;0;0;10776;6802;275245;;CALLE 04 - R.BOUSSY 900 - 1000;A;CENTENARIO 815 Rep.Nro.: 0 Piso:  Dpto:, 6100RUFINO CP:;
007545U;TEIXIDO VICTOR A;Ord. 3303/22 hormigon armado;R.BOUSSY 955;5BD;50;4;0;46;0;0;325722.87;45189.26;5134.66;50323.92;0;0;0;0;0;0;280533.61;0;0;10776;6802;325093;;;A;CENTENARIO 815 Rep.Nro.: 0 Piso:  Dpto:, 6100RUFINO CP:;
007546U;CORREIA/CORIA MARISA;C.C. Ord. 3081/2016;POSADAS 415;5C;1;0;0;1;0;0;5773.5;0;0;0;0;0;0;0;0;0;5773.5;0;0;3205;6803;169055;;;A;CARBALLEIRA 118 Rep.Nro.: 0 Piso:  Dpto:, 6100RUFINO;
007546U;CORREIA/CORIA MARISA;Ord. 3303/22 hormigon armado;POSADAS 415;5C;50;2;48;0;0;0;776264.44;55671.97;2717.71;58389.68;698935.96;39057.33;26228.88;764222.17;0;1912.52;0;0;0;3205;6803;325094;;;A;CARBALLEIRA 118 Rep.Nro.: 0 Piso:  Dpto:, 6100 RUFINO CP:;
007547U;VIOTTI ESTELA ;C.C. Ord. 3081/2016;POSADAS 445;5C;1;0;0;1;0;0;1924.5;0;0;0;0;0;0;0;0;0;1924.5;0;0;11359;6804;169057;;;A;POSADAS 445 Rep.Nro.: 0 Piso:  Dpto:, 6100RUFINO;
007547U;VIOTTI ESTELA ;Ord. 3303/22 hormigon armado;POSADAS 445;5C;50;11;0;0;0;39;260576.25;91212.02;34550.78;125762.8;0;0;0;0;0;0;0;0;169364.23;11359;6804;325095;;;A;POSADAS 445 Rep.Nro.: 0 Piso:  Dpto:, 6100RUFINO CP:;
007549U;OLMEDO CARLOS F;C.C. Ord. 3081/2016;POSADAS 465;5C;1;0;0;1;0;0;1924.5;0;0;0;0;0;0;0;0;0;1924.5;0;0;8057;5193;169059;;;A;POSADAS 455 Rep.Nro.: 0 Piso:  Dpto:, 6100 RUFINO;
007549U;OLMEDO CARLOS F;Ord. 3303/22 hormigon armado;POSADAS 465;5C;50;10;0;0;0;40;260576.25;83855.65;28753.96;112609.61;0;0;0;0;0;0;0;0;176720.6;8057;5193;325096;;;A;POSADAS 455 Rep.Nro.: 0 Piso:  Dpto:, 6100 RUFINO CP:;
007550U;TEDOLDI FRANCISCO;C.C. Ord. 3081/2016;POSADAS 475;5C;1;0;0;1;0;0;1924.5;0;0;0;0;0;0;0;0;0;1924.5;0;0;10769;1508;169060;;;A;INDEPENDENCIA 610 Rep.Nro.: 0 Piso:  Dpto:, 6100RUFINO;
007550U;TEDOLDI FRANCISCO;Ord. 3303/22 hormigon armado;POSADAS 475;5C;50;11;0;0;0;39;260576.25;91212.02;34550.78;125762.8;0;0;0;0;0;0;0;0;169364.23;10769;1508;325098;;;A;INDEPENDENCIA 610 Rep.Nro.: 0 Piso:  Dpto:, 6100RUFINO CP:;
007551U;ZOLEZZI GABRIEL ALBERTO;C.C. Ord. 3081/2016;POSADAS 487;5C;1;0;0;1;0;0;3849;0;0;0;0;0;0;0;0;0;3849;0;0;15805;15061;169061;;;A;POSADAS 487 Rep.Nro.: 0 Piso:  Dpto:, 6100RUFINO;
007551U;ZOLEZZI GABRIEL ALBERTO;Ord. 3303/22 hormigon armado;POSADAS 487;5C;1;0;1;0;0;0;70427.12;0;0;0;63384.41;0;0;63384.41;0;0;0;0;0;15805;15061;321935;;;A;POSADAS 487 Rep.Nro.: 0 Piso:  Dpto:, 6100 RUFINO CP:;
007554U;TEDOLDI FRANCISCO;C.C. Ord. 3081/2016;POSADAS 505;5D;1;0;0;1;0;0;2116.95;0;0;0;0;0;0;0;0;0;2116.95;0;0;10769;1508;175031;;;A;R.BOUSSY.1025 Rep.Nro.: 0 Piso:  Dpto:, 6100RUFINO;
007554U;TEDOLDI FRANCISCO;Pavimento Res. 046/2026;POSADAS 505;5D;6;1;5;0;0;0;452306.61;76204.64;0;76204.64;376101.97;0;47618.2;423720.17;0;0;0;0;0;10769;1508;380168;;;A;R.BOUSSY.1025 Rep.Nro.: 0 Piso:  Dpto:, 6100RUFINO CP:;
007555U;GIMENEZ/GIMENEZ ADA L;C.C. Ord. 3081/2016;POSADAS 515;5D;1;0;0;1;0;0;1924.5;0;0;0;0;0;0;0;0;0;1924.5;0;0;4858;6812;175037;;;A;POSADAS 515 Rep.Nro.: 0 Piso:  Dpto:, 6100RUFINO;
007555U;GIMENEZ/GIMENEZ ADA L;Pavimento Res. 046/2026;POSADAS 515;5D;6;6;0;0;0;0;411187.86;411187.86;80047.01;491234.87;0;0;0;0;0;0;0;0;0;4858;6812;380169;;;A;POSADAS 515 Rep.Nro.: 0 Piso:  Dpto:, 6100RUFINO CP:;
007556U;HERRERO PEDRO A;C.C. Ord. 3081/2016;POSADAS 525;5D;1;0;0;1;0;0;1924.5;0;0;0;0;0;0;0;0;0;1924.5;0;0;5483;956;175053;;;A;POSADAS 525 Rep.Nro.: 0 Piso:  Dpto:, 6100RUFINO;
007556U;HERRERO PEDRO A;Pavimento Res. 046/2026;POSADAS 525;5D;6;6;0;0;0;0;411187.86;411187.86;80047.01;491234.87;0;0;0;0;0;0;0;0;0;5483;956;380173;;;A;POSADAS 525 Rep.Nro.: 0 Piso:  Dpto:, 6100RUFINO CP:;
007557U;CASTRO MARCOS;C.C. Ord. 3081/2016;POSADAS 535;5D;1;0;0;1;0;0;1924.5;0;0;0;0;0;0;0;0;0;1924.5;0;0;2576;6814;175055;;;A;POSADAS 541 Rep.Nro.: 0 Piso:  Dpto:, 6100RUFINO;
007557U;CASTRO MARCOS;Pavimento Res. 046/2026;POSADAS 535;5D;6;6;0;0;0;0;411187.86;411187.86;80047.01;491234.87;0;0;0;0;0;0;0;0;0;2576;6814;380174;;;A;J.A.PERO 1007 Rep.Nro.: 0 Piso:  Dpto:, 6100RUFINO CP:;
007558U;LEONE NEGRETE LMY ;C.C. Ord. 3081/2016;POSADAS 545;5D;1;0;0;1;0;0;1924.5;0;0;0;0;0;0;0;0;0;1924.5;0;0;5872;6815;175056;;;A;POSADAS 560 Rep.Nro.: 0 Piso:  Dpto:, 6100RUFINO;
007558U;LEONE NEGRETE LMY ;Pavimento Res. 046/2026;POSADAS 545;5D;6;5;1;0;0;0;411187.86;343402.19;52458.24;395860.43;67785.67;0;7456.42;75242.09;0;0;0;0;0;5872;6815;380189;;;A;POSADAS 560 Rep.Nro.: 0 Piso:  Dpto:, 6100RUFINO CP:;
007561U;SGANZETTA JUAN;Ord. 3303/22 hormigon armado;R.BOUSSY 636;6AC;50;11;0;0;0;39;260576.25;91212.02;34550.78;125762.8;0;0;0;0;0;0;0;0;169364.23;10244;6818;325100;;;A;SAN JUAN 555 Rep.Nro.: 0 Piso:  Dpto:, 6100RUFINO CP:;
007562U;MAINA RJ;Ord. 3303/22 hormigon armado;SAAVEDRA 466;6AC;1;0;1;0;0;0;126768.82;0;0;0;114091.94;0;0;114091.94;0;0;0;0;0;6231;14803;323149;;;A;.ITALIA 117 Rep.Nro.: 0 Piso:  Dpto:, 6100RUFINO CP:;
007563U;MERCURI OSCAR ALBERTO;Ord. 3303/22 hormigon armado;CHACABUCO 651;6AC;50;1;49;0;0;0;208181.27;7525.31;0;7525.31;200656.01;10277.49;1067.71;212001.21;0;0;0;0;0;6800;6819;325101;;;A;CHACABUCO 651 Rep.Nro.: 0 Piso:  Dpto:, 6100RUFINO CP:;
007564U;FASSANO/ROLDAN MIGUEL;Pavimento Res. 046/2026;AYACUCHO 666;6BD;6;6;0;0;0;0;411187.86;411187.86;80047.01;491234.87;0;0;0;0;0;0;0;0;0;4008;6820;379999;;;A;AYACUCHO 666 Rep.Nro.: 0 Piso:  Dpto:, 6100RUFINO CP:;
007564U;FASSANO/ROLDAN MIGUEL;Pavimento Res. 046/2026;AYACUCHO 666;6BD;6;0;6;0;0;0;1016785.02;0;0;0;0;0;0;0;0;1016785.02;0;0;0;4008;6820;380079;;;B;AYACUCHO 666 Rep.Nro.: 0 Piso:  Dpto:, 6100RUFINO CP:;
007565U;PIRRA LILIANA;Ord. 3303/22 hormigon armado;R.BOUSSY 695;6BD;50;1;49;0;0;0;276588.09;10008.82;0;10008.82;266283.27;0;759.74;267043.01;0;296;0;0;0;4537;6821;325106;;;A;CATAMARCA 556 Rep.Nro.: 0 Piso:  Dpto:, 6100RUFINO CP:;
007565U;PIRRA LILIANA;Pavimento Res. 046/2026;R.BOUSSY 695;6BD;3;1;2;0;0;0;254196.24;84732.08;0;84732.08;169464.16;0;0;169464.16;0;0;0;0;0;4537;6821;383599;;"segun resolucion 139/2026 pasa a 60 cuotas.
25mts por calle Saavedra";A;CATAMARCA 556 Rep.Nro.: 0 Piso:  Dpto:, 6100 RUFINO CP:;
007565U;PIRRA LILIANA;Pavimento Res. 046/2026;R.BOUSSY 695;6BD;6;0;6;0;0;0;1027969.65;0;0;0;0;0;0;0;0;1027969.65;0;0;0;4537;6821;382795;;;B;CATAMARCA 556 Rep.Nro.: 0 Piso:  Dpto:, 6100 RUFINO CP:;
007566U;BOERO PEDRO/KUHN H;Ord. 3303/22 hormigon armado;R.BOUSSY 635;6BD;50;11;39;0;0;0;192827.36;67497.27;25567.72;93064.99;125330.09;0;182919.32;308249.41;0;0;0;0;0;1792;5493;325108;;;A;R.BOUSSY 625 Rep.Nro.: 0 Piso:  Dpto:, 6100 RUFINO CP:;
007568U;GRAVINO LAURA G. Y OTRO;Ord. 3303/22 hormigon armado;SAAVEDRA 435;6C;12;0;12;0;0;0;166110.67;0;0;0;166110.67;0;27840.11;193950.78;0;0;0;0;0;3510;6824;322803;;;A;SAAVEDRA 435 Rep.Nro.: 0 Piso:  Dpto:, 6100 RUFINO CP:6100;
007569U;BONINO PABLO DANIEL;Ord. 3303/22 hormigon armado;SAAVEDRA 455;6C;50;1;49;0;0;0;156249.33;5644.05;0;5644.05;150605.29;3624.04;770.97;155000.3;0;0;0;0;0;13548;13716;325110;;;A;COBO 882 Rep.Nro.: 0 Piso:  Dpto:, 6100 RUFINO CP:;
007571U;BAIARDI ENZO LUIS;Plan 50 ;SAAVEDRA 509;6D;12;0;12;0;0;0;26865.09;0;0;0;26865.09;0;15729.18;42594.27;0;0;0;0;0;1063;6827;276896;;CALLE 06 R.BOUSSY  700 - 800;A;OLMOS 403 Rep.Nro.: 0 Piso:  Dpto:, 6100RUFINO CP:;
007571U;BAIARDI ENZO LUIS;Ord. 3303/22 hormigon armado;SAAVEDRA 509;6D;50;6;44;0;0;0;486435.18;98685;18921.38;117606.38;387750.18;0;31189.18;418939.36;0;0;0;0;0;1063;6827;325112;;;A;OLMOS 403 Rep.Nro.: 0 Piso:  Dpto:, 6100RUFINO CP:;
007571U;BAIARDI ENZO LUIS;Pavimento Res. 046/2026;SAAVEDRA 509;6D;6;6;0;0;0;0;616781.79;616781.79;120070.51;736852.3;0;0;0;0;0;0;0;0;0;1063;6827;380080;;;A;OLMOS 403 Rep.Nro.: 0 Piso:  Dpto:, 6100RUFINO CP:;
007572U;SANCHEZ ALICIA BEATRIZ;Pavimento Res. 046/2026;SAAVEDRA 549;6D;1;0;1;0;0;0;2033570;0;0;0;1830213;0;0;1830213;0;0;0;0;0;28571;29169;379263;;;A;CARBALLEIRA 533 Rep.Nro.: 0 Piso:  Dpto:, 6100RUFINO CP:;
007573U;VERA MERCEDES;Plan 50 ;R.BOUSSY 775;6D;12;12;0;0;0;0;16910.67;16910.67;99756.9;116667.57;0;0;0;0;0;0;0;0;0;21377;22929;276907;;CALLE 06 R.BOUSSY  700 - 800;A;R.BOUSSY 775 Rep.Nro.: 0 Piso:  Dpto:,  CP:;
007573U;VERA MERCEDES;Ord. 3303/22 hormigon armado;R.BOUSSY 775;6D;50;11;0;0;0;39;260576.25;91212.02;34550.78;125762.8;0;0;0;0;0;0;0;0;169364.23;21377;22929;325113;;;A;R.BOUSSY 775 Rep.Nro.: 0 Piso:  Dpto:, 6100 RUFINO CP:;
007574U;CORIA SILVIA MARISA;Plan 50 ;R.BOUSSY 765;6D;36;0;36;0;0;0;21062.15;0;0;0;21062.15;0;12468.57;33530.72;0;0;0;0;0;3133;4220;275617;;CALLE 06 - R.BOUSSY 700 - 800;A;R.BOUSSY 765 Rep.Nro.: 0 Piso:  Dpto:, 6100RUFINO CP:;
007574U;CORIA SILVIA MARISA;Ord. 3303/22 hormigon armado;R.BOUSSY 765;6D;50;0;50;0;0;0;124139.3;0;0;0;0;0;0;0;0;124139.3;0;0;0;3133;4220;325114;;;B;R.BOUSSY 765 Rep.Nro.: 0 Piso:  Dpto:, 6100RUFINO CP:;
007574U;CORIA SILVIA MARISA;Ord. 3303/22 hormigon armado;R.BOUSSY 765;6D;1;0;1;0;0;0;54645.8;0;0;0;0;0;0;0;0;54645.8;0;0;0;3133;4220;325835;;;B;R.BOUSSY 765 Rep.Nro.: 0 Piso:  Dpto:, 6100RUFINO CP:;
007574U;CORIA SILVIA MARISA;Ord. 3303/22 hormigon armado;R.BOUSSY 765;6D;12;0;12;0;0;0;76777.97;0;0;0;76777.97;0;9265.38;86043.35;0;0;0;0;0;3133;4220;327858;;;A;R.BOUSSY 765 Rep.Nro.: 0 Piso:  Dpto:, 6100RUFINO CP:;
007576U;CAMILETTI CLAUDIA L;Plan 50 ;R.BOUSSY 745;6D;12;0;12;0;0;0;11606.76;0;0;0;0;0;0;0;0;11606.76;0;0;0;2286;14557;276903;;CALLE 06 R.BOUSSY  700 - 800;B;COBO 139 Rep.Nro.: 0 Piso:  Dpto:, 6100RUFINO CP:;
007576U;CAMILETTI CLAUDIA L;Plan 50 ;R.BOUSSY 745;6D;1;0;1;0;0;0;4779.25;0;0;0;4779.25;0;0;4779.25;0;0;0;0;0;2286;14557;278209;;CALLE 06 - R. BOUSSY 700 - 800;A;COBO 139 Rep.Nro.: 0 Piso:  Dpto:, 6100RUFINO CP:;
007576U;CAMILETTI CLAUDIA L;Ord. 3303/22 hormigon armado;R.BOUSSY 745;6D;50;0;50;0;0;0;138337.87;0;0;0;124504.2;0;0;124504.2;0;0;0;0;0;2286;14557;325115;;;A;COBO 139 Rep.Nro.: 0 Piso:  Dpto:, 6100RUFINO CP:;
007577U;GONZALEZ AMELIA ;Plan 50 ;R.BOUSSY 735;6D;12;0;12;0;0;0;16910.67;0;0;0;16910.67;0;52245.54;69156.21;0;0;0;0;0;5060;6832;276899;;CALLE 06 R.BOUSSY  700 - 800;A;R.BOUSSY 735 Rep.Nro.: 0 Piso:  Dpto:, 6100RUFINO CP:;
007577U;GONZALEZ AMELIA ;Ord. 3303/22 hormigon armado;R.BOUSSY 735;6D;50;10;40;0;0;0;260576.25;83855.65;28753.96;112609.61;176720.6;0;84806.87;261527.47;0;0;0;0;0;5060;6832;325117;;;A;R.BOUSSY 735 Rep.Nro.: 0 Piso:  Dpto:, 6100RUFINO CP:;
007578U;ABADIE JUAN;Plan 50 ;R.BOUSSY 727;6D;12;0;12;0;0;0;19125.81;0;0;0;19125.81;0;37614.32;56740.13;0;0;0;0;0;5;6833;276897;;CALLE 06 R.BOUSSY  700 - 800;A;R.BOUSSY 727 Rep.Nro.: 0 Piso:  Dpto:, 6100RUFINO CP:;
007578U;ABADIE JUAN;Ord. 3303/22 hormigon armado;R.BOUSSY 727;6D;50;4;46;0;0;0;291375.88;40886.9;4645.79;45532.69;250488.98;0;40783.93;291272.91;0;0;0;0;0;5;6833;325118;;;A;SAAVEDRA 541 Rep.Nro.: 0 Piso:  Dpto:, 6100 RUFINO CP:;
007580U;BALLATORE JORGE CARLOS;Plan 50 ;F.A.GARIN 665;10A;12;0;12;0;0;0;14374.05;0;0;0;14374.05;0;10618.75;24992.8;0;0;0;0;0;25643;29980;277227;;CALLE 49 F.A.GARIN 600-700;A;F.A.GARIN 665 Rep.Nro.: 0 Piso:  Dpto:, 6100 RUFINO CP:;
007595U;GARIBOLDI C/GALLEANO;Pavimento Res. 046/2026;AYACUCHO 635;11AC;6;6;0;0;0;0;411187.86;411187.86;80047.01;491234.87;0;0;0;0;0;0;0;0;0;4635;6850;379996;;;A;AYACUCHO 635 Rep.Nro.: 0 Piso:  Dpto:, 6100RUFINO CP:;
007596U;KRAMER LEOPOLDO;Pavimento Res. 046/2026;AYACUCHO 625;11AC;6;1;5;0;0;0;685313.07;115461.58;0;115461.58;569851.49;0;0;569851.49;0;0;0;0;0;5745;6851;379272;;;A;AYACUCHO 625 Rep.Nro.: 0 Piso:  Dpto:, 6100RUFINO CP:;
007597U;CUERVO FRUCTUOSO ;Plan 50 ;GARAY 130;13B;12;0;12;0;0;0;14374.05;0;0;0;14374.05;0;4490.13;18864.18;0;0;0;0;0;3292;6853;276979;;CALLE 10 GARAY 100-200;A;25 DE MAYO 371 Rep.Nro.: 0 Piso:  Dpto:, 6100RUFINO CP:;
007597U;CUERVO MIGUEL ANGEL (H);Ord. 3303/22 hormigon armado;GARAY 130;13B;50;0;50;0;0;0;258216.25;0;0;0;258216.25;0;74126.96;332343.21;0;0;0;0;0;24092;25040;325119;;;A;25 DE MAYO 371 Rep.Nro.: 0 Piso:  Dpto:, 6100 RUFINO CP:;
007598U;CUERVO FRUCTUOSO ;Plan 50 ;GARAY 140;13B;12;0;12;0;0;0;14374.05;0;0;0;14374.05;0;4465.23;18839.28;0;0;0;0;0;3292;6853;276980;;CALLE 10 GARAY 100-200;A;25 DE MAYO 371 Rep.Nro.: 0 Piso:  Dpto:, 6100RUFINO CP:;
007598U;CUERVO MIGUEL ANGEL (H);Ord. 3303/22 hormigon armado;GARAY 140;13B;50;0;50;0;0;0;258216.25;0;0;0;258216.25;0;65335.78;323552.03;0;0;0;0;0;24092;25040;325140;;;A;25 DE MAYO 371 Rep.Nro.: 0 Piso:  Dpto:, 6100 RUFINO CP:;
007599U;CARRERA ANTONIO;Plan 50 ;GARAY 150;13B;12;12;0;0;0;0;16910.67;16910.67;99756.9;116667.57;0;0;0;0;0;0;0;0;0;2428;15613;276981;;CALLE 10 GARAY 100-200;A;GARAY 150 Rep.Nro.: 0 Piso:  Dpto:, 6100RUFINO CP:;
007599U;CARRERA ANTONIO;Ord. 3303/22 hormigon armado;GARAY 150;13B;50;11;0;0;0;39;260576.25;91212.02;34550.78;125762.8;0;0;0;0;0;0;0;0;169364.23;2428;15613;325152;;;A;GARAY 150 Rep.Nro.: 0 Piso:  Dpto:, 6100RUFINO CP:;
007600U;SALIGARI MIGUEL A ;Plan 50 ;GARAY 164;13B;12;0;12;0;0;0;13753.08;0;0;0;13753.08;0;6857.28;20610.36;0;0;0;0;0;9862;6854;275646;;CALLE 10 - GARAY 100 - 200;A;GARAY 164 Rep.Nro.: 0 Piso:  Dpto:, 6100RUFINO CP:;
007600U;SALIGARI MIGUEL A ;Ord. 3303/22 hormigon armado;GARAY 164;13B;50;0;50;0;0;0;218694.12;0;0;0;218694.12;0;5500.52;224194.64;0;0;0;0;0;9862;6854;325153;;;A;GARAY 164 Rep.Nro.: 0 Piso:  Dpto:, 6100RUFINO CP:;
007601U;PANNUNZIO/SOLA OSCAR;Plan 50 ;GARAY 172;13B;1;0;1;0;0;0;10427.25;0;0;0;10427.25;0;0;10427.25;0;0;0;0;0;8303;6855;275675;;calle 10 garay 100-200;A;GARAY 172 Rep.Nro.: 0 Piso:  Dpto:, 6100RUFINO CP:;
007601U;PANNUNZIO/SOLA OSCAR;Ord. 3303/22 hormigon armado;GARAY 172;13B;50;0;50;0;0;0;250338.38;0;0;0;250338.38;0;21259.3;271597.68;0;0;0;0;0;8303;6855;322037;;;A;GARAY 172 Rep.Nro.: 0 Piso:  Dpto:, 6100 RUFINO CP:;
007602U;ZANELLI AGUSTIN;Pavimiento Urbano;GARAY 192;13B;12;0;12;0;0;0;29249.04;0;0;0;0;0;0;0;0;29249.04;0;0;0;35955;36555;276986;;CALLE 10 GARAY 100-200;A;GARAY 192 Rep.Nro.: 0 Piso:  Dpto:, 6100RUFINO CP:;
007602U;ZANELLI AGUSTIN;Plan 50 ;GARAY 192;13B;1;0;1;0;0;0;11968.5;0;0;0;11968.5;0;0;11968.5;0;0;0;0;0;35955;36555;277202;;CALLE 10 GARAY 100-200;A;GARAY 192 Rep.Nro.: 0 Piso:  Dpto:, 6100RUFINO CP:;
007602U;ZANELLI AGUSTIN;Ord. 3303/22 hormigon armado;GARAY 192;13B;1;0;1;0;0;0;100000;0;0;0;100000;0;0;100000;0;0;0;0;0;35955;36555;324894;;;A;GARAY 192 Rep.Nro.: 0 Piso:  Dpto:, 6100RUFINO CP:;
007602U;ZANELLI AGUSTIN;Ord. 3303/22 hormigon armado;GARAY 192;13B;48;0;48;0;0;0;460199.36;0;0;0;460199.36;0;12771.99;472971.35;0;0;0;0;0;35955;36555;324901;;;A;GARAY 192 Rep.Nro.: 0 Piso:  Dpto:, 6100RUFINO CP:;
007603U;RODRIGUEZ PETRONA M ;Pavimiento Urbano;GALAN 786;13B;35;35;0;0;0;0;1036;1036;7116.7;8152.7;0;0;0;0;0;0;0;0;0;9469;6857;32635;;;A;GALAN 786 Rep.Nro.: 0 Piso:  Dpto:, 6100RUFINO;
007604U;BARRIENTOS JAVIER H ;Pavimiento Urbano;GALAN 786;13B;35;0;35;0;0;0;1036;0;0;0;1036;0;30.86;1066.86;0;0;0;0;0;1291;6858;32636;;;A;GALAN 786 Rep.Nro.: 0 Piso:  Dpto:, 6100RUFINO;
007605U;GRANDUCCI NATALIO;Pavimiento Urbano;GALAN 784;13B;35;0;35;0;0;0;1036;0;0;0;1036;0;42.69;1078.69;0;0;0;0;0;5271;4549;32637;;;A;GALAN 502 Rep.Nro.: 0 Piso:  Dpto:, 6100RUFINO;
007606U;ELGUERO RAUL H;Pavimiento Urbano;GALAN 758;13B;35;0;35;0;0;0;1036;0;0;0;1036;0;891.43;1927.43;0;0;0;0;0;3804;6860;32638;;;A;GALAN 758 Rep.Nro.: 0 Piso:  Dpto:, 6100RUFINO;
007607U;BARETTO CLAUDIA M;Pavimiento Urbano;GALAN 756;13B;35;34;1;0;0;0;1036;1006.4;6898.37;7904.77;29.6;0;0;29.6;0;0;0;0;0;1239;6861;32640;;;A;GALAN 746 Rep.Nro.: 0 Piso:  Dpto:, 6100RUFINO;
007608U;GONZALEZ CEFERINO F;Pavimiento Urbano;GALAN 746;13B;35;35;0;0;0;0;1036;1036;7116.7;8152.7;0;0;0;0;0;0;0;0;0;5068;6862;32641;;;A;GALAN 750 Rep.Nro.: 0 Piso:  Dpto:, 6100RUFINO;
007609U;HERNANDEZ HUGO O;Pavimiento Urbano;GALAN 736;13B;35;35;0;0;0;0;1036;1036;7116.7;8152.7;0;0;0;0;0;0;0;0;0;5449;6863;32643;;;A;GALAN 730 Rep.Nro.: 0 Piso:  Dpto:, 6100RUFINO;
007610U;AUDISIO NESTOR R.;Pavimiento Urbano;GALAN 724;13B;35;0;35;0;0;0;882;0;0;0;882;0;1737.95;2619.95;0;0;0;0;0;22689;23576;32644;;;A;GALAN 728 Rep.Nro.: 0 Piso:  Dpto:, 6100RUFINO;
007611U;QUAGLIA EMILIO ANIBAL ;Pavimiento Urbano;SAN LORENZO 185;13B;124;0;124;0;0;0;4642;0;0;0;4642;0;15172.34;19814.34;0;0;0;0;0;15141;12400;225091;;;A;GALAN 702 Rep.Nro.: 0 Piso:  Dpto:, 6100-RUFINO;
007611U;QUAGLIA EMILIO ANIBAL ;C.C. Dec. 139/2017;SAN LORENZO 185;13B;1;0;0;1;0;0;4811.25;0;0;0;0;0;0;0;0;0;2320.75;0;0;15141;12400;225453;;;A;GALAN 702 Rep.Nro.: 0 Piso:  Dpto:, 6100-RUFINO;
007611U;VITERI ALFREDO JUAN;Ord. 3303/22 hormigon armado;SAN LORENZO 185;13B;50;7;43;0;0;0;651443.55;152026;35081.08;187107.08;499417.55;0;609297.68;1108715.23;0;0;0;0;0;11364;9;325322;;;A;GALAN 702 Rep.Nro.: 0 Piso:  Dpto:, 6100 RUFINO CP:;
007614U;RIBERI NESTOR F;Ord. 3303/22 hormigon armado;CARBALLEIRA.1041;3C;50;0;50;0;0;0;293446.5;0;0;0;0;0;0;0;0;293446.5;0;0;0;9251;10252;325155;;;B;CARBALLEIRA.1041 Rep.Nro.: 0 Piso:  Dpto:, 6100RUFINO CP:;
007619U;ROSANO BARTOLOME A ;Pavimiento Urbano;SAN LORENZO 192;13A;161;0;161;0;0;0;3780.7;0;0;0;3780.7;0;0;3780.7;0;0;0;0;0;9639;6873;221159;;;A;SAN LORENZO 192 Rep.Nro.: 0 Piso:  Dpto:, 6100-RUFINO;
007619U;ROSANO BARTOLOME A ;Pavimiento Urbano;SAN LORENZO 192;13A;161;0;161;0;0;0;7320.4;0;0;0;0;0;0;0;0;7320.4;0;0;0;9639;6873;221165;;;A;SAN LORENZO 192 Rep.Nro.: 0 Piso:  Dpto:, 6100-RUFINO;
007619U;ROSANO BARTOLOME A ;C.C. Dec. 139/2017;SAN LORENZO 192;13A;1;0;0;1;0;0;3849;0;0;0;0;0;0;0;0;0;3258.2;0;0;9639;6873;225352;;;A;SAN LORENZO 192 Rep.Nro.: 0 Piso:  Dpto:, 6100-RUFINO;
007619U;ROSANO BARTOLOME A ;Ord. 3303/22 hormigon armado;SAN LORENZO 192;13A;50;11;0;0;0;39;521153.63;182424.35;69101.66;251526.01;0;0;0;0;0;0;0;0;338729.28;9639;6873;325156;;;A;GALAN 696 Rep.Nro.: 0 Piso:  Dpto:, 6100 RUFINO CP:;
007632U;BIOLE ANGEL BARTOLO;C.C. Dec. 132/2017;R.BOUSSY 805;5B;1;0;0;1;0;0;1972.61;0;0;0;0;0;0;0;0;0;1972.61;0;0;1699;6885;223913;;;A;R.BOUSSY 805 Rep.Nro.: 0 Piso:  Dpto:, 6100-RUFINO;
007632U;BIOLE ANGEL BARTOLO;Plan 50 ;R.BOUSSY 805;5B;12;0;12;0;0;0;27309.96;0;0;0;0;0;0;0;0;27309.96;0;0;0;1699;6885;276877;;CALLE 05 R.BOUSSY  800 - 900;B;R.BOUSSY 805 Rep.Nro.: 0 Piso:  Dpto:, 6100RUFINO CP:;
007632U;BIOLE ANGEL BARTOLO;Plan 50 ;R.BOUSSY 805;5B;24;13;7;0;0;4;32617.09;13178.79;72423.61;85602.4;7486.05;0;299.97;7786.02;0;0;0;0;6987.98;1699;6885;278856;;CALLE 05 - R.BOUSSY 800 - 900;A;R.BOUSSY 805 Rep.Nro.: 0 Piso:  Dpto:, 6100RUFINO CP:;
007632U;BIOLE ANGEL BARTOLO;Ord. 3303/22 hormigon armado;R.BOUSSY 805;5B;50;11;0;0;0;39;521153.63;182424.35;69101.66;251526.01;0;0;0;0;0;0;0;0;338729.28;1699;6885;325157;;;A;R.BOUSSY 805 Rep.Nro.: 0 Piso:  Dpto:, 6100 RUFINO CP:;
007632U;BIOLE ANGEL BARTOLO;Pavimento Res. 046/2026;R.BOUSSY 805;5B;6;6;0;0;0;0;411187.86;411187.86;80047.01;491234.87;0;0;0;0;0;0;0;0;0;1699;6885;380094;;;A;R.BOUSSY 805 Rep.Nro.: 0 Piso:  Dpto:, 6100 RUFINO CP:;
007633U;MOLINA/FERRERO RAUL;C.C. Dec. 132/2017;F.A.GARIN 413;5A;1;0;0;1;0;0;1539.6;0;0;0;0;0;0;0;0;0;1419.6;0;0;6925;6886;223885;;;A;F.A.GARIN 413 Rep.Nro.: 0 Piso:  Dpto:, 6100-RUFINO;
007633U;MOLINA/FERRERO RAUL;Ord. 3303/22 hormigon armado;F.A.GARIN 413;5A;50;11;0;0;0;39;208459.37;72968.83;27640.3;100609.13;0;0;0;0;0;0;0;0;135490.54;6925;6886;325159;;;A;BV.ESPAÑA 847 Rep.Nro.: 0 Piso:  Dpto:, 6100 RUFINO CP:;
007636U;BOLDT ERICA;Plan 50 ;INDEPENDENCIA 715;22D;36;0;36;0;0;0;17409.96;0;0;0;0;0;0;0;0;17409.96;0;0;0;33291;33726;275455;;CALLE 42 - RIVADAVIA 400 - 500;B;RIVADAVIA 479 Rep.Nro.: 0 Piso:  Dpto:, 6100 RUFINO CP:;
007636U;BOLDT ERICA;Plan 50 ;INDEPENDENCIA 715;22D;36;0;36;0;0;0;40805.81;0;0;0;40805.81;0;344.32;41150.13;0;0;0;0;0;33291;33726;276008;;CALLE 30 - INDEPENDENCIA 700 - 800;A;RIVADAVIA 479 Rep.Nro.: 0 Piso:  Dpto:, 6100 RUFINO CP:;
007636U;BOLDT ERICA;Plan 50 ;INDEPENDENCIA 715;22D;12;0;12;0;0;0;16170.69;0;0;0;16170.69;0;0;16170.69;0;0;0;0;0;33291;33726;296688;;CALLE 42 - RIVADAVIA 400 - 500;A;RIVADAVIA 479 Rep.Nro.: 0 Piso:  Dpto:, 6100 RUFINO CP:;
007637U;GODOY ALBERTO DOMINGO;C.C. Ord. 3081/2016;RIVADAVIA 505;22C;1;0;1;0;0;0;1924.5;0;0;0;1924.5;0;0;1924.5;0;0;0;0;0;4974;6890;169036;;;A;RIVADAVIA 475 Rep.Nro.: 0 Piso:  Dpto:, 6100RUFINO;
007637U;GODOY ALBERTO DOMINGO;Plan 50 ;RIVADAVIA 505;22C;12;0;12;0;0;0;24220.2;0;0;0;24220.2;0;528.23;24748.43;0;0;0;0;0;4974;6890;276859;;CALLE 30 - INDEPENDENCIA 700 - 800;A;RIVADAVIA 475 Rep.Nro.: 0 Piso:  Dpto:, 6100RUFINO CP:;
007639U;FASANO EDGARDO ISMAEL;Plan 50 ;ASAMBLEA 845;21A;12;11;1;0;0;0;13021.26;12145.06;71409.55;83554.61;876.2;0;156.4;1032.6;0;0;0;0;0;3999;6892;276652;;CALLE 41 - SARG. CABRAL 500 - 600;A;S.ESTERO 005 Rep.Nro.: 0 Piso:  Dpto:, 6100RUFINO CP:;
007639U;FASANO EDGARDO ISMAEL;Plan 50 ;ASAMBLEA 845;21A;12;11;1;0;0;0;24689.52;23028.16;135399.14;158427.3;1661.36;0;296.55;1957.91;0;0;0;0;0;3999;6892;276807;;CALLE 03 ASAMBLEA 800 - 900;A;S.ESTERO 005 Rep.Nro.: 0 Piso:  Dpto:, 6100RUFINO CP:;
007639U;FASANO EDGARDO ISMAEL;Ord. 3303/22 hormigon armado;ASAMBLEA 845;21A;50;2;48;0;0;0;380206.57;27093.61;1322.62;28416.23;353112.96;0;60254.64;413367.6;0;0;0;0;0;3999;6892;325161;;;A;S.ESTERO 005 Rep.Nro.: 0 Piso:  Dpto:, 6100 RUFINO CP:;
007644U;SANCHEZ R DE;Ord. 3303/22 hormigon armado;BV.ESPAÑA.1006;28C;50;11;0;0;0;39;416923.28;145939.65;55281.41;201221.06;0;0;0;0;0;0;0;0;270983.63;9975;6897;325162;;;A;BV.ESPAÑA.1006 Rep.Nro.: 0 Piso:  Dpto:, 6100 RUFINO CP:;
007646U;CORIA ANGEL NELSON;Plan 50 ;L.DE LA TORRE 347;26C;12;12;0;0;0;0;12123.27;12123.27;71565.43;83688.7;0;0;0;0;0;0;0;0;0;3122;6899;276699;;CALLE 18 L. DE LA TORRE 300-400;A;L.DE LA TORRE 347 Rep.Nro.: 0 Piso:  Dpto:, 6100RUFINO CP:;
007647U;PASQUALE MARIA DEL C;Pavimento Res. 046/2026;AYACUCHO 619;11AC;1;0;1;0;0;0;4036636.45;0;0;0;3632972.81;0;0;3632972.81;0;0;0;0;0;8397;14805;379397;;;A;DOPICO 432 Rep.Nro.: 0 Piso:  Dpto:, 6100RUFINO CP:;
007648U;AUDISIO TOMAS/AUDISIO R;Ord. 3303/22 hormigon armado;MORENO 715;11BD;50;0;50;0;0;0;162686.48;0;0;0;162686.48;0;230.06;162916.54;0;0;0;0;0;963;6900;325163;;;A;MORENO 715 Rep.Nro.: 0 Piso:  Dpto:, 6100RUFINO CP:;
007651U;ALASIA JORGE JOSE ;Ord. 3303/22 hormigon armado;R.BOUSSY 611;6BD;50;1;49;0;0;0;454922;16461.8;0;16461.8;437888.27;0;13929.92;451818.19;0;571.93;0;0;0;282;6204;325164;;;A;MORENO 505 Rep.Nro.: 0 Piso:  Dpto:, 6100 RUFINO CP:;
007652U;LONGO AMATORE;C.C. Dec. 132/2017;F.A.GARIN 466;6C;1;0;0;1;0;0;1924.5;0;0;0;0;0;0;0;0;0;1924.5;0;0;5941;3143;223905;;;A;F.A.GARIN 466 Rep.Nro.: 0 Piso:  Dpto:, 6100-RUFINO;
007652U;LONGO AMATORE;Ord. 3303/22 hormigon armado;F.A.GARIN 466;6C;50;0;0;50;0;0;259804.26;0;0;0;0;0;0;0;0;0;259804.26;0;0;5941;3143;325165;;;A;F.A.GARIN 456 Rep.Nro.: 0 Piso:  Dpto:, 6100RUFINO CP:;
007656U;SUCESION DE ARDISONE MARIA LUISA ;C.C. Ord. 3081/2016;AMERICA 406;38;1;0;0;1;0;0;1828.5;0;0;0;0;0;0;0;0;0;1828.5;0;0;692;6335;166431;;;A;AMERICA 406 Rep.Nro.: 0 Piso:  Dpto:, 6100RUFINO;
007658U;GUZMAN JULIA B DE;C.C. Ord. 3081/2016;BOLIVAR 390;37;1;0;0;1;0;0;6735.75;0;0;0;0;0;0;0;0;0;6735.75;0;0;5407;2800;166430;;;A;BERUTTI 446 Rep.Nro.: 0 Piso:  Dpto:, 6100RUFINO;
007659U;ALE DOMINGO ;C.C. Ord. 3081/2016;AMERICA 394;37;1;0;0;1;0;0;2055.4;0;0;0;0;0;0;0;0;0;2055.4;0;0;334;6910;166425;;;A;AMERICA 384 Rep.Nro.: 0 Piso:  Dpto:, 6100RUFINO;
007668U;MARTIN BERNARDINO;C.C. Ord. 3081/2016;R.ESCALADA 378;9;1;0;0;1;0;0;4811.25;0;0;0;0;0;0;0;0;0;4811.25;0;0;6472;6919;166439;;;A;R.ESCALADA 378 Rep.Nro.: 0 Piso:  Dpto:, 6100RUFINO;
007671U;GASTAÑAGA LUIS;C.C. Ord. 3081/2016;POSADAS 435;5C;1;0;0;1;0;0;1924.5;0;0;0;0;0;0;0;0;0;1924.5;0;0;4675;6922;169056;;;A;POSADAS 435 Rep.Nro.: 0 Piso:  Dpto:, 6100RUFINO;
007671U;GASTAÑAGA LUIS;Ord. 3303/22 hormigon armado;POSADAS 435;5C;50;11;3;0;0;36;260576.25;91212.02;34550.78;125762.8;10057.23;4490.3;0;14547.53;0;0;0;0;159307.01;4675;6922;325166;;;A;POSADAS 435 Rep.Nro.: 0 Piso:  Dpto:, 6100 RUFINO CP:;
007675U;FERNANDEZ PATRICIA S;Pavimiento Urbano;GRAL.LOPEZ 395;1;168;168;0;0;0;0;4632.92;4632.92;43577.91;48210.83;0;0;0;0;0;0;0;0;0;4065;6925;281689;;Pav. Inciso (B);A;GRAL.LOPEZ 395 Rep.Nro.: 0 Piso:  Dpto:, 6100RUFINO CP:;
007677U;CONTELLI MARIA DEL CARMEN  ;Pavimiento Urbano;J.B.JUSTO 797;17A;90;0;90;0;0;0;918;0;0;0;0;0;0;0;918;0;0;0;0;5895;6927;280423;;PAV.INCISO (A);A;J.B.JUSTO 797 Rep.Nro.: 0 Piso:  Dpto:, 6100RUFINO CP:;
007677U;CONTELLI MARIA DEL CARMEN  ;Pavimiento Urbano;J.B.JUSTO 797;17A;16;0;16;0;0;0;451.2;0;0;0;0;0;0;0;451.2;0;0;0;0;5895;6927;280424;;PAV.INCISO (A);A;J.B.JUSTO 797 Rep.Nro.: 0 Piso:  Dpto:, 6100RUFINO CP:;
007677U;CONTELLI MARIA DEL CARMEN  ;Pavimiento Urbano;J.B.JUSTO 797;17A;62;0;62;0;0;0;2672.2;0;0;0;0;0;0;0;2672.2;0;0;0;0;5895;6927;280425;;PAV.INCISO (A);A;J.B.JUSTO 797 Rep.Nro.: 0 Piso:  Dpto:, 6100RUFINO CP:;
007681U;MIGLED E/VERA;PAVIMENTO CALLE SANTA ROSA;SANTA ROSA 419;06C;48;42;6;0;0;0;125140.9;122194.82;247504.85;369699.67;2946.08;0;1468.12;4414.2;0;0;0;0;0;6833;6931;308420;;;A;SANTA ROSA 439 Rep.Nro.: 0 Piso:  Dpto:, 6100RUFINO CP:;
007684U;IBAÑEZ MARIA AV DE;C.C. Ord. 3081/2016;LAS HERAS 330;3B;1;0;0;1;0;0;1924.5;0;0;0;0;0;0;0;0;0;1924.5;0;0;5513;6933;165562;;;A;LAS HERAS 330 Rep.Nro.: 0 Piso:  Dpto:, 6100RUFINO;
007685U;FCS MARTIN/MUNICIPALIDAD;PAVIMENTO CALLE ARENALES;BERUTTI/25 MAYO/ARENALES;05CD;48;0;48;0;0;0;2197800;0;0;0;0;0;0;0;0;2197800;0;0;0;4012;15274;309230;;Pavimento Calle Arenales ;B;.ITALIA 127 Rep.Nro.: 0 Piso:  Dpto:, 6100RUFINO CP:;
007686U;SUPERIOR GOBIERNO PCIAL;C.C. Ord. 3081/2016;ESC. NRO:586;22C;1;0;0;1;0;0;9622.5;0;0;0;0;0;0;0;0;0;9622.5;0;0;10684;15583;169031;;;A;RIVADAVIA 585  Rep.Nro.: 0 Piso:  Dpto:, 6100 RUFINO;
007687U;SUANEZ/MILISICH PEDRO;C.C. Ord. 3081/2016;RIVADAVIA 545;22C;1;0;0;1;0;0;1924.5;0;0;0;0;0;0;0;0;0;1924.5;0;0;10667;6934;169032;;;A;RIVADAVIA 545 Rep.Nro.: 0 Piso:  Dpto:, 6100RUFINO;
007688U;VICCINI ANIBAL;C.C. Ord. 3081/2016;RIVADAVIA 535;22C;1;0;0;1;0;0;1924.5;0;0;0;0;0;0;0;0;0;1924.5;0;0;11243;6935;169033;;;A;RIVADAVIA 535 Rep.Nro.: 0 Piso:  Dpto:, 6100RUFINO;
007689U;SANCHEZ OSCAR N;C.C. Ord. 3081/2016;RIVADAVIA 525;22C;1;0;0;1;0;0;1924.5;0;0;0;0;0;0;0;0;0;1924.5;0;0;20057;18706;169034;;;A;RIVADAVIA 525 Rep.Nro.: 0 Piso:  Dpto:, 6100 RUFINO;
007694U;CORREA NILDA E;Pavimiento Urbano;GALAN 720;13B;35;0;35;0;0;0;882;0;0;0;882;0;0.44;882.44;0;0;0;0;0;3197;6941;32652;;;A;COBO 370 Rep.Nro.: 0 Piso:  Dpto:, 6100RUFINO;
007695U;SOLA ALICIA M ;C.C. Dec. 139/2017;SAN LORENZO 169;13B;1;0;0;1;0;0;1924.5;0;0;0;0;0;0;0;0;0;714.6;0;0;10434;6942;225452;;;A;SAN LORENZO 169 Rep.Nro.: 0 Piso:  Dpto:, 6100-RUFINO;
007695U;SOLA ALICIA M ;Ord. 3303/22 hormigon armado;SAN LORENZO 169;13B;50;1;49;0;0;0;260576.25;9406.74;0;9406.74;251169.51;0;77172.39;328341.9;0;0;0;0;0;10434;6942;325167;;;A;M.ROCA 740 Rep.Nro.: 0 Piso:  Dpto:, 6100 RUFINO CP:;
007696U;CASTRO JOSE LUIS;C.C. Dec. 139/2017;SAN LORENZO 159;13B;1;0;0;1;0;0;1924.5;0;0;0;0;0;0;0;0;0;1554.6;0;0;2573;6943;225436;;;A;SAN LORENZO 159 Rep.Nro.: 0 Piso:  Dpto:, 6100-RUFINO;
007696U;CASTRO JOSE LUIS;Ord. 3303/22 hormigon armado;SAN LORENZO 159;13B;50;49;1;0;0;0;260576.25;258087.83;411656.78;669744.61;2488.42;0;89.58;2578;0;0;0;0;0;2573;6943;325168;;;A;SAN LORENZO 159 Rep.Nro.: 0 Piso:  Dpto:, 6100 RUFINO CP:;
007697U;NADAL HECTOR RAMON;C.C. Dec. 139/2017;SAN LORENZO 149;13B;1;0;1;0;0;0;1924.5;0;0;0;0;0;0;0;0;1924.5;0;0;0;7620;6944;225418;;;A;SAN LORENZO 149 Rep.Nro.: 0 Piso:  Dpto:, 6100-RUFINO;
007697U;NADAL HECTOR RAMON;Ord. 3303/22 hormigon armado;SAN LORENZO 149;13B;50;10;0;0;0;40;260576.25;83855.65;28753.96;112609.61;0;0;0;0;0;0;0;0;176720.6;7620;6944;325169;;;A;SAN LORENZO 149 Rep.Nro.: 0 Piso:  Dpto:, 6100 RUFINO CP:;
007698U;CABRERA VICTOR ANGEL;C.C. Dec. 139/2017;SAN LORENZO 139;13B;1;0;0;1;0;0;1924.5;0;0;0;0;0;0;0;0;0;1924.5;0;0;15924;15925;225402;;;A;SAN LORENZO 139 Rep.Nro.: 0 Piso:  Dpto:, 6100-RUFINO;
007698U;CABRERA VICTOR ANGEL;Ord. 3303/22 hormigon armado;SAN LORENZO 139;13B;50;11;0;0;0;39;260576.25;91212.02;34550.78;125762.8;0;0;0;0;0;0;0;0;169364.23;15924;15925;325170;;;A;SAN LORENZO 139 Rep.Nro.: 0 Piso:  Dpto:, 6100 RUFINO CP:;
007699U;MAGGI ELIANA ;C.C. Dec. 139/2017;SAN LORENZO 127;13B;1;0;1;0;0;0;1924.5;0;0;0;0;0;0;0;0;1924.5;0;0;0;6161;6946;225401;;;A;SAN LORENZO 127 Rep.Nro.: 0 Piso:  Dpto:, 6100-RUFINO;
007699U;MAGGI ELIANA ;Ord. 3303/22 hormigon armado;SAN LORENZO 127;13B;50;4;46;0;0;0;254760.09;35355.98;4017.34;39373.32;219404.11;0;44266.02;263670.13;0;0;0;0;0;6161;6946;325171;;;A;SAN LORENZO 127 Rep.Nro.: 0 Piso:  Dpto:, 6100 RUFINO CP:;
007700U;ALVAREZ CARLOS GASTON;Pavimiento Urbano;SAN LORENZO 217;13D;35;0;35;0;0;0;1347.5;0;0;0;1347.5;0;1790.08;3137.58;0;0;0;0;0;23534;24482;32654;;;A;EVA PERON 061 Rep.Nro.: 0 Piso:  Dpto:, 6100RUFINO;
007701U;ALVAREZ CARLOS GASTON;Pavimiento Urbano;GALAN 719;13D;35;0;35;0;0;0;934.5;0;0;0;934.5;0;1241.41;2175.91;0;0;0;0;0;23534;24482;32661;;;A;EVA PERON 061 Rep.Nro.: 0 Piso:  Dpto:, 6100RUFINO;
007702U;TAVERNA JUAN ;Pavimiento Urbano;GALAN 729;13D;35;35;0;0;0;0;934.5;934.5;6419.45;7353.95;0;0;0;0;0;0;0;0;0;10761;6949;32663;;;A;GALAN 729 Rep.Nro.: 0 Piso:  Dpto:, 6100RUFINO;
007703U;RUIZ CELINA ANGELA;Pavimiento Urbano;GALAN 745;13D;35;0;35;0;0;0;1452.5;0;0;0;1452.5;0;0.72;1453.22;0;0;0;0;0;18896;18766;32666;;;A;GALAN 745 Rep.Nro.: 0 Piso:  Dpto:, 6100RUFINO;
007704U;PELUCCIO CARLOS;Pavimiento Urbano;GALAN 735;13D;35;0;35;0;0;0;623;0;0;0;0;0;0;0;0;623;0;0;0;21356;19573;32667;;;A;.LA RIOJA 151 Rep.Nro.: 0 Piso:  Dpto:, 2600VENADO TUE;
007706U;MARGIAM S.A.;Pavimiento Urbano;GALAN 765;13D;35;0;35;0;0;0;1036;0;0;0;0;0;0;0;1036;0;0;0;0;6398;237;32669;;;A;R.BOUSSY 257 Rep.Nro.: 0 Piso:  Dpto:, 6100RUFINO;
007707U;MALDONADO JO ;Pavimiento Urbano;GALAN 775;13D;35;0;35;0;0;0;934.5;0;0;0;934.5;0;0.43;934.93;0;0;0;0;0;6253;6954;32670;;;A;GALAN 775 Rep.Nro.: 0 Piso:  Dpto:, 6100RUFINO;
007708U;MARGIAM S.A.;Pavimiento Urbano;GALAN 771;13D;35;35;0;0;0;0;1036;1036;7116.7;8152.7;0;0;0;0;0;0;0;0;0;6398;237;32671;;;A;R.BOUSSY 257 Rep.Nro.: 0 Piso:  Dpto:, 6100RUFINO;
007709U;OLIVARI OSVALDO L;Pavimiento Urbano;GALAN 785;13D;35;0;35;0;0;0;934.5;0;0;0;0;0;0;0;934.5;0;0;0;0;8039;6747;32672;;;A;GALAN 785 Rep.Nro.: 0 Piso:  Dpto:, 6100RUFINO;
007710U;OLIVARI LUIS OSVALDO;Pavimiento Urbano;GALAN 795;13D;35;0;35;0;0;0;3741.5;0;0;0;3741.5;0;95.18;3836.68;0;0;0;0;0;8037;4534;32673;;;A;GALAN 795 Rep.Nro.: 0 Piso:  Dpto:, 6100RUFINO;
007710U;OLIVARI LUIS OSVALDO;Plan 50 ;GALAN 795;13D;12;0;12;0;0;0;42276.57;0;0;0;42276.57;0;52848.24;95124.81;0;0;0;0;0;8037;4534;276957;;CALLE 09 GARAY 200-300;A;GALAN 595 Rep.Nro.: 0 Piso:  Dpto:, 6100RUFINO CP:;
007711U;VIASSOLO EMANUEL BRAULIO;Plan 50 ;GARAY 230;13D;1;0;1;0;0;0;10650.9;0;0;0;0;0;0;0;0;10650.9;0;0;0;11233;6958;275807;;CALLE 9 GARAY 200 - 300;B;GARAY 230 Rep.Nro.: 0 Piso:  Dpto:, 6100RUFINO CP:;
007711U;VIASSOLO EMANUEL BRAULIO;Plan 50 ;GARAY 230;13D;12;0;12;0;0;0;14374.05;0;0;0;14374.05;0;3715.94;18089.99;0;0;0;0;0;11233;6958;277228;;CALLE 09 - GARAY 200 - 300;A;GARAY 230 Rep.Nro.: 0 Piso:  Dpto:, 6100RUFINO CP:;
007712U;RIBAUDO RUBEN;Plan 50 ;GARAY 240;13D;12;12;0;0;0;0;16910.67;15824.57;93058.92;108883.49;0;0;0;0;0;1086.1;0;0;0;9247;2195;276958;;CALLE 09 GARAY 200-300;A;ASAMBLEA 579 Rep.Nro.: 0 Piso:  Dpto:, 6100RUFINO CP:;
007713U;MARGIAM S.A.;Plan 50 ;GARAY 254;13D;12;0;12;0;0;0;14374.05;0;0;0;967.23;0;0;967.23;0;13406.82;0;0;0;6398;237;276961;;CALLE 09 GARAY 200-300;B;R.BOUSSY 257 Rep.Nro.: 0 Piso:  Dpto:, 6100 RUFINO CP:;
007713U;MARGIAM S.A.;Plan 50 ;GARAY 254;13D;1;0;1;0;0;0;1293.35;0;0;0;1293.35;0;3526.97;4820.32;0;0;0;0;0;6398;237;289529;;CALLE 09 - GARAY 200 - 300;A;R.BOUSSY 257 Rep.Nro.: 0 Piso:  Dpto:, 6100 RUFINO CP:;
007714U;MARGIAM S.A.;Plan 50 ;GARAY 260;13D;12;0;12;0;0;0;14374.05;0;0;0;967.23;0;0;967.23;0;13406.82;0;0;0;6398;237;276965;;CALLE 09 GARAY 200-300;B;R.BOUSSY 257 Rep.Nro.: 0 Piso:  Dpto:, 6100 RUFINO CP:;
007714U;MARGIAM S.A.;Plan 50 ;GARAY 260;13D;1;0;1;0;0;0;871.35;0;0;0;0;0;0;0;0;871.35;0;0;0;6398;237;289530;;CALLE 09 - GARAY 200 - 300;B;R.BOUSSY 257 Rep.Nro.: 0 Piso:  Dpto:, 6100 RUFINO CP:;
007714U;MARGIAM S.A.;Plan 50 ;GARAY 260;13D;1;0;1;0;0;0;871.35;0;0;0;871.35;0;2376.17;3247.52;0;0;0;0;0;6398;237;289541;;CALLE 09 - GARAY 200 - 300;A;R.BOUSSY 257 Rep.Nro.: 0 Piso:  Dpto:, 6100 RUFINO CP:;
007715U;MARGIAM S.A.;Plan 50 ;GARAY 270;13D;12;0;12;0;0;0;14374.05;0;0;0;0;0;0;0;0;14374.05;0;0;0;6398;237;276969;;CALLE 09 GARAY 200-300;B;R.BOUSSY 257 Rep.Nro.: 0 Piso:  Dpto:, 6100RUFINO CP:;
007715U;MARGIAM S.A.;Plan 50 ;GARAY 270;13D;1;0;1;0;0;0;1838.58;0;0;0;1838.58;0;5013.81;6852.39;0;0;0;0;0;6398;237;289531;;CALLE 09 - GARAY 200 - 300;A;R.BOUSSY 257 Rep.Nro.: 0 Piso:  Dpto:, 6100RUFINO CP:;
007721U;RIVELLI ANTONIO E;C.C. Dec. 140/2017;SAN LORENZO 070;14C;1;0;0;1;0;0;1732.05;0;0;0;0;0;0;0;0;0;1732.05;0;0;9359;6968;225191;;;A;SAN LORENZO 070 Rep.Nro.: 0 Piso:  Dpto:, 6100-RUFINO;
007722U;CAVALLO MIGUEL ANGEL;C.C. Dec. 140/2017;SAN LORENZO 078;14C;1;0;0;1;0;0;1732.05;0;0;0;0;0;0;0;0;0;1732.05;0;0;13715;13014;225193;;;A;SAN LORENZO 078 Rep.Nro.: 0 Piso:  Dpto:, 6100-RUFINO;
007723U;CAVALLO MIGUEL ANGEL;C.C. Dec. 140/2017;SAN LORENZO 090;14C;1;0;0;1;0;0;3849;0;0;0;0;0;0;0;0;0;3849;0;0;13715;13014;225194;;;A;SAN LORENZO 090 Rep.Nro.: 0 Piso:  Dpto:, 6100-RUFINO;
007724U;BELMUDEZ RICARDO ALBERTO;Plan 50 ;GARAY 068;14D;12;0;12;0;0;0;8333.59;0;0;0;8333.59;0;2516.18;10849.77;0;0;0;0;0;1510;6971;276383;;CALLE 11 - GARAY 000 - 100;A;GARAY 068 Rep.Nro.: 0 Piso:  Dpto:, 6100RUFINO CP:;
007724U;BELMUDEZ RICARDO ALBERTO;Ord. 3303/22 hormigon armado;GARAY 068;14D;50;11;0;0;0;39;260576.25;91212.02;34550.78;125762.8;0;0;0;0;0;0;0;0;169364.23;1510;6971;325172;;;A;GARAY 068 Rep.Nro.: 0 Piso:  Dpto:, 6100RUFINO CP:;
007726U;ANTONI MIRNA FABIANA;C.C. Dec. 140/2017;SAN LORENZO 065;14D;1;0;0;1;0;0;1924.5;0;0;0;0;0;0;0;0;0;1924.5;0;0;601;6973;225203;;;A;SAN LORENZO 065 Rep.Nro.: 0 Piso:  Dpto:, 6100-RUFINO;
007734U;BARALE ENZO GASTON;Pavimiento Urbano;IRIGOYEN.1122;16;35;0;35;0;0;0;1036;0;0;0;1036;0;5556.1;6592.1;0;0;0;0;0;27845;28445;32612;;;A;CATAMARCA 055 Rep.Nro.: 0 Piso:  Dpto:, 6100RUFINO;
007735U;TAVELLA NESTOR ESTEBAN;Pavimiento Urbano;IRIGOYEN.1160;16;35;0;35;0;0;0;829.5;0;0;0;829.5;0;4465.44;5294.94;0;0;0;0;0;26344;27039;32613;;;A;IRIGOYEN.1160 Rep.Nro.: 0 Piso:  Dpto:, 6100RUFINO;
007736U;GOMEZ FRANCISCO;Pavimiento Urbano;IRIGOYEN.1146;16;35;0;35;0;0;0;1246;0;0;0;1246;0;6.08;1252.08;0;0;0;0;0;5000;6983;32617;;;A;CATAMARCA 525 Rep.Nro.: 0 Piso:  Dpto:, 6100RUFINO;
007737U;GROSSO EXEQUIEL MARIO;Pavimiento Urbano;IRIGOYEN.1166;16;35;0;35;0;0;0;1036;0;0;0;1036;0;700.27;1736.27;0;0;0;0;0;19188;18376;32618;;;A;IRIGOYEN.1166 Rep.Nro.: 0 Piso:  Dpto:, 6100RUFINO;
007738U;GHIGLIANO EMILIO;Pavimiento Urbano;IRIGOYEN.1176;16;35;0;35;0;0;0;1036;0;0;0;1036;0;12.97;1048.97;0;0;0;0;0;4740;6985;32619;;;A;IRIGOYEN.1176 Rep.Nro.: 0 Piso:  Dpto:, 6100RUFINO;
007739U;BAUDUCO MARIANA MARTA;Pavimiento Urbano;IRIGOYEN.1186;16;35;33;2;0;0;0;1036;976.8;6680.99;7657.79;59.2;0;0;59.2;0;0;0;0;0;1433;6986;32620;;;A;IRIGOYEN.1142 Rep.Nro.: 0 Piso:  Dpto:, 6100RUFINO;
007744U;GABILANES MANUEL;Pavimiento Urbano;IRIGOYEN.1101;17;35;0;35;0;0;0;1606.5;0;0;0;0;0;0;0;1606.5;0;0;0;0;4396;6991;32621;;;A;IRIGOYEN.1121 Rep.Nro.: 0 Piso:  Dpto:, 6100RUFINO;
007745U;ANDRADA SILVIA E;C.C. Res. 074/2026;IRIGOYEN.1202;19;4;4;0;0;0;0;128750.61;128750.61;14340.52;143091.13;0;0;0;0;0;0;0;0;0;585;6992;382401;;;A;IRIGOYEN.1204 Rep.Nro.: 0 Piso:  Dpto:, 6100RUFINO CP:;
007746U;VIDORET JUAN CARLOS;C.C. Res. 074/2026;IRIGOYEN.1224;19;4;4;0;0;0;0;36733.43;36733.43;4091.44;40824.87;0;0;0;0;0;0;0;0;0;40575;41446;382415;;;A;SANTA FE 249 Rep.Nro.: 0 Piso:  Dpto:, 6100 RUFINO CP:;
007747U;ETCHEPARE ALBERTO ;C.C. Res. 074/2026;IRIGOYEN.1232;19;4;4;0;0;0;0;73466.83;73466.83;8182.9;81649.73;0;0;0;0;0;0;0;0;0;14026;12693;382422;;;A;IRIGOYEN.1232 Rep.Nro.: 0 Piso:  Dpto:, 6100RUFINO CP:;
007748U;KOZBIEL ALFONSO/SEQUEIRA;C.C. Res. 074/2026;IRIGOYEN.1205;18;4;4;0;0;0;0;99988.34;99988.34;11136.92;111125.26;0;0;0;0;0;0;0;0;0;5744;6995;382404;;;A;IRIGOYEN.1205 Rep.Nro.: 0 Piso:  Dpto:, 6100RUFINO CP:;
007753U;WHET LILIAN ;C.C. Res. 074/2026;IRIGOYEN.1245;18;4;4;0;0;0;0;31223.39;31223.39;3477.73;34701.12;0;0;0;0;0;0;0;0;0;11419;7000;382433;;;A;IRIGOYEN.1245 Rep.Nro.: 0 Piso:  Dpto:, 6100RUFINO CP:;
007755U;ENGEMAN CARLOS H;C.C. Res. 074/2026;IRIGOYEN.1229;18;4;4;0;0;0;0;31223.39;31223.39;3477.73;34701.12;0;0;0;0;0;0;0;0;0;3835;7001;382419;;;A;IRIGOYEN.1229 Rep.Nro.: 0 Piso:  Dpto:, 6100RUFINO CP:;
007756U;PAGANI EMILCE;C.C. Res. 074/2026;IRIGOYEN.1219;18;4;4;0;0;0;0;31223.39;31223.39;3477.73;34701.12;0;0;0;0;0;0;0;0;0;43553;44854;382411;;;A;FERRARI 212 Rep.Nro.: 0 Piso:  Dpto:, 6100 RUFINO CP:;
007757U;HELEG OSCAR O.;C.C. Dec. 139/2017;SAN LORENZO 115;13B;1;0;0;1;0;0;3271.65;0;0;0;0;0;0;0;0;0;3271.65;0;0;5422;6214;225385;;;A;SAN LORENZO 115 Rep.Nro.: 0 Piso:  Dpto:, 6100-RUFINO;
007757U;FUNES IRMA LILIANA;Ord. 3303/22 hormigon armado;SAN LORENZO 115;13B;50;1;21;28;0;0;442980.81;15991.5;0;15991.5;190353.63;0;28062.59;218416.22;0;0;236635.68;0;0;25778;26500;325173;;;A;SAN LORENZO 115 Rep.Nro.: 0 Piso:  Dpto:, 6100 RUFINO CP:;
007785U;RICA MIGUEL ANGEL ;C.C. Ord. 3081/2016;SAAVEDRA 599;6D;1;0;0;1;0;0;1924.5;0;0;0;0;0;0;0;0;0;1924.5;0;0;19017;24057;167778;;;A;SAAVEDRA 599 Rep.Nro.: 0 Piso:  Dpto:, 6100RUFINO;
007785U;RICA MIGUEL ANGEL ;Pavimento Res. 046/2026;SAAVEDRA 599;6D;6;4;2;0;0;0;1022213.01;685182.67;76991.89;762174.56;337030.34;0;30332.73;367363.07;0;0;0;0;0;19017;24057;380008;;" 15.26MTS CALLE SAAVEDRA
9.6MTS CALLE AYACUCHO";A;SAAVEDRA 599 Rep.Nro.: 0 Piso:  Dpto:, 6100RUFINO CP:;
007786U;AUTINO FRANCISCO;C.C. Ord. 3081/2016;AYACUCHO 714;6D;1;0;0;1;0;0;1924.5;0;0;0;0;0;0;0;0;0;1924.5;0;0;968;15619;167779;;;A;AYACUCHO 714 Rep.Nro.: 0 Piso:  Dpto:, 6100RUFINO;
007786U;AUTINO FRANCISCO;Pavimento Res. 046/2026;AYACUCHO 714;6D;6;1;5;0;0;0;396796.29;66852.26;0;66852.26;329944.03;0;0;329944.03;0;0;0;0;0;968;15619;380009;;;A;AYACUCHO 714 Rep.Nro.: 0 Piso:  Dpto:, 6100RUFINO CP:;
007787U;BAIGORRIA ESTEBAN ENRIQUE ;Pavimento Res. 046/2026;AYACUCHO 640;6BD;6;2;4;0;0;0;411188.07;138553.98;6027.1;144581.08;272634.09;0;49031.57;321665.66;0;0;0;0;0;18673;17536;379998;;;A;AYACUCHO 640 Rep.Nro.: 0 Piso:  Dpto:, 6100RUFINO CP:;
007788U;ALVAREZ GARCIA DM;Pavimento Res. 046/2026;AYACUCHO 656;6BD;1;0;1;0;0;0;2033570;0;0;0;1830213;0;0;1830213;0;0;0;0;0;498;14809;379400;;;A;DOPICO 432 Rep.Nro.: 0 Piso:  Dpto:, 6100RUFINO CP:;
007789U;ARGUELLES/CABRERA G;Pavimento Res. 046/2026;AYACUCHO 698;6BD;6;0;6;0;0;0;488056.8;0;0;0;0;0;0;0;0;488056.8;0;0;0;823;7032;380005;;;B;AYACUCHO 698 Rep.Nro.: 0 Piso:  Dpto:, 6100RUFINO CP:;
007789U;ARGUELLES/CABRERA G;Pavimento Res. 046/2026;AYACUCHO 698;6BD;6;6;0;0;0;0;1119253.32;1119253.32;217887.95;1337141.27;0;0;0;0;0;0;0;0;0;823;7032;380221;;"15.22M POR SAAVEDRA
12M POR AYACUCHO";A;AYACUCHO 698 Rep.Nro.: 0 Piso:  Dpto:, 6100RUFINO CP:;
007790U;VOLPINI OMAR ATILIO ;Pavimento Res. 046/2026;SAAVEDRA 580;6BD;6;3;3;0;0;0;411187.86;207830.85;15379.48;223210.33;203357.01;0;32265.97;235622.98;0;0;0;0;0;31645;32056;380091;;;A;GALAN 309 Rep.Nro.: 0 Piso:  Dpto:, RUFINO CP:6100;
007791U;VARGAS HUGO RICARDO;Pavimento Res. 046/2026;SAAVEDRA 560;6BD;6;6;0;0;0;0;411187.86;411187.86;80047.01;491234.87;0;0;0;0;0;0;0;0;0;15691;12650;380087;;;A;SAAVEDRA 560 Rep.Nro.: 0 Piso:  Dpto:, 6100RUFINO CP:;
007792U;VOLPINI OMAR ATILIO ;Pavimento Res. 046/2026;SAAVEDRA 570;6BD;6;3;3;0;0;0;411187.86;207830.85;15379.48;223210.33;203357.01;0;32265.97;235622.98;0;0;0;0;0;31645;32056;380089;;;A;GALAN 309 Rep.Nro.: 0 Piso:  Dpto:, 6100 RUFINO CP:;
007793U;VARGAS LUCIO;Pavimento Res. 046/2026;SAAVEDRA 550;6BD;6;6;0;0;0;0;411187.86;411187.86;80047.01;491234.87;0;0;0;0;0;0;0;0;0;11121;7036;380085;;;A;SAAVEDRA 542 Rep.Nro.: 0 Piso:  Dpto:, 6100RUFINO CP:;
007797U;MUSSO DARIO DAVID  ;Pavimiento Urbano;IRIGOYEN.1120;16;35;0;35;0;0;0;1032.5;0;0;0;1032.5;0;0.62;1033.12;0;0;0;0;0;7611;7040;32622;;;A;IRIGOYEN.1120 Rep.Nro.: 0 Piso:  Dpto:, 6100RUFINO;
007798U;ANDRADA MIRTA MARGARITA;C.C. Res. 074/2026;IRIGOYEN.1212;19;4;4;0;0;0;0;40223.08;40223.08;4480.13;44703.21;0;0;0;0;0;0;0;0;0;582;7041;382407;;;A;IRIGOYEN.1212 Rep.Nro.: 0 Piso:  Dpto:, 6100RUFINO CP:;
007804U;FANTINO JOSE FABIAN;Ord. 3303/22 hormigon armado;R.BOUSSY 627;6BD;50;1;49;0;0;0;192570.11;6961.03;0;6961.03;185609.08;0;5318.25;190927.33;0;0;0;0;0;22832;23777;325174;;;A;R.BOUSSY 627 Rep.Nro.: 0 Piso:  Dpto:, 6100 RUFINO CP:;
007805U;PLAZA JUDITA DE;Pavimiento Urbano;IRIGOYEN.1121;17;35;35;0;0;0;0;1505;1505;10338.47;11843.47;0;0;0;0;0;0;0;0;0;8801;7048;32623;;;A;IRIGOYEN.1121 Rep.Nro.: 0 Piso:  Dpto:, 6100RUFINO;
007806U;BAUDUCCO JOSE ANGEL;Pavimiento Urbano;IRIGOYEN.1143;17;35;33;2;0;0;0;1246;1174.8;8035.25;9210.05;71.2;0;0;71.2;0;0;0;0;0;1422;1420;32624;;;A;IRIGOYEN.1143 Rep.Nro.: 0 Piso:  Dpto:, 6100RUFINO;
007807U;GEREZ DIONISIO;C.C. Res. 074/2026;COBO.1255;19;4;0;4;0;0;0;35707.52;0;0;0;0;0;0;0;0;35707.52;0;0;0;4708;7050;382329;;;B;CARBALLEIRA.1224 Rep.Nro.: 0 Piso:  Dpto:, 6100 RUFINO CP:;
007807U;GEREZ DIONISIO;C.C. Res. 074/2026;COBO.1255;19;4;4;0;0;0;0;36733.43;36733.43;4091.44;40824.87;0;0;0;0;0;0;0;0;0;4708;7050;382642;;;A;CARBALLEIRA.1224 Rep.Nro.: 0 Piso:  Dpto:, 6100 RUFINO CP:;
007808U;BARABINO MARIA C;Ord. 3303/22 hormigon armado;L.DE LA TORRE 179;28C;50;11;0;0;0;39;416923.28;145939.65;55281.41;201221.06;0;0;0;0;0;0;0;0;270983.63;1155;1041;325176;;;A;P.PERON.1155 Rep.Nro.: 0 Piso:  Dpto:, 6100RUFINO CP:;
007810U;FREDES RAMONA;Pavimiento Urbano;IRIGOYEN.1195;17;35;35;0;0;0;0;3139.5;3139.5;21566.48;24705.98;0;0;0;0;0;0;0;0;0;4350;7053;32626;;;A;IRIGOYEN.1195 Rep.Nro.: 0 Piso:  Dpto:, 6100RUFINO;
007811U;ZAVALLA GUSTAVO LUIS;Pavimiento Urbano;IRIGOYEN.1187;17;35;35;0;0;0;0;829.5;829.5;5698.18;6527.68;0;0;0;0;0;0;0;0;0;15802;12664;32627;;;A;MEUNIER 382 Rep.Nro.: 0 Piso:  Dpto:, 6100RUFINO;
007813U;MUSSIO/RIVAROLA JOSE L ;Pavimiento Urbano;IRIGOYEN.1171;17;35;35;0;0;0;0;934.5;934.5;6419.45;7353.95;0;0;0;0;0;0;0;0;0;7605;7055;32628;;;A;L.DE LA TORRE 149 Rep.Nro.: 0 Piso:  Dpto:, 6100RUFINO;
007814U;AIMAR JUAN DOMINGO;Pavimiento Urbano;IRIGOYEN.1159;17;35;35;0;0;0;0;850.5;850.5;5842.41;6692.91;0;0;0;0;0;0;0;0;0;22877;23809;32630;;;A;IRIGOYEN.1159 Rep.Nro.: 0 Piso:  Dpto:, 6100RUFINO;
007815U;SOMENSI NORA T;Pavimiento Urbano;IRIGOYEN.1151;17;35;0;35;0;0;0;675.5;0;0;0;675.5;0;3327.69;4003.19;0;0;0;0;0;10483;7057;32631;;;A;IRIGOYEN.1151 Rep.Nro.: 0 Piso:  Dpto:, 6100RUFINO;
007818U;ECHEVERRIA/QUINTANA A;C.C. Ord. 3081/2016;ECHEVERRIA 395;10;1;0;0;1;0;0;1924.5;0;0;0;0;0;0;0;0;0;1924.5;0;0;3781;7060;168383;;;A;SAN LORENZO 677 Rep.Nro.: 0 Piso:  Dpto:, 6100RUFINO;
007819U;SOLARINO SANDRA EDITH Y OTRO;Pavimento Res. 046/2026;SAAVEDRA 569;6D;6;2;4;0;0;0;411187.86;138553.9;6027.09;144580.99;272633.96;0;6100.71;278734.67;0;0;0;0;0;42581;43777;380088;;;A;SAAVEDRA 581 Rep.Nro.: 0 Piso:  Dpto:, 6100 RUFINO CP:;
007821U;PIÑEIRO R/MONASTERIO L;Ord. 3303/22 hormigon armado;CHACABUCO 667;6AC;50;50;0;0;0;0;130289.62;130289.62;211183.62;341473.24;0;0;0;0;0;0;0;0;0;8720;7063;325178;;;A;SAAVEDRA 412 Rep.Nro.: 0 Piso:  Dpto:, 6100RUFINO CP:;
007829U;CONTRERAS AISE HD;C.C. Dec. 139/2017;ITALIA 705;13B;1;0;1;0;0;0;1539.6;0;0;0;0;0;0;0;0;1539.6;0;0;0;3069;7071;225369;;;A;ITALIA 705 Rep.Nro.: 0 Piso:  Dpto:, 6100-RUFINO;
007829U;CONTRERAS AISE HD;Pavimiento Urbano;ITALIA 705;13B;12;0;12;0;0;0;126;0;0;0;0;0;0;0;0;126;0;0;0;3069;7071;225830;;;A;ITALIA 705 Rep.Nro.: 0 Piso:  Dpto:, 6100-RUFINO;
007829U;CONTRERAS AISE HD;Ord. 3303/22 hormigon armado;ITALIA 705;13B;50;0;50;0;0;0;146107.68;0;0;0;146107.68;0;44449.54;190557.22;0;0;0;0;0;3069;7071;325180;;;A;B.FERREYRA 251 DEP.D Rep.Nro.: 0 Piso:  Dpto:, 6100RUFINO CP:;
007832U;MERCURI OSCAR ALBERTO;Ord. 3303/22 hormigon armado;CHACABUCO 661;6AC;50;1;49;0;0;0;208181.27;7525.31;0;7525.31;200656.01;7521.86;1260.74;209438.61;0;0;0;0;0;6800;6819;325184;;;A;CHACABUCO 651 Rep.Nro.: 0 Piso:  Dpto:, 6100RUFINO CP:;
007833U;MAURINO ANIBAL C;Ord. 3303/22 hormigon armado;CHACABUCO 689;6AC;50;11;0;0;0;39;816909.44;285950.73;108317.01;394267.74;0;0;0;0;0;0;0;0;530958.71;6700;7075;325185;;;A;CHACABUCO 689 Rep.Nro.: 0 Piso:  Dpto:, 6100RUFINO CP:;
007834U;MONASTERIO LUIS ANGEL;Ord. 3303/22 hormigon armado;SAAVEDRA 412;6AC;50;50;0;0;0;0;221491.6;221491.6;359010.95;580502.55;0;0;0;0;0;0;0;0;0;14768;12089;325186;;;A;SAAVEDRA 412 Rep.Nro.: 0 Piso:  Dpto:, 6100RUFINO CP:;
007835U;RODRIGUEZ ENRIQUE;Ord. 3303/22 hormigon armado;SAAVEDRA 422;6AC;24;2;22;0;0;0;171453.12;818.31;1859.53;2677.84;152630.17;0;0;152630.17;0;0;0;0;0;9440;7077;323152;;;A;SAAVEDRA 422 Rep.Nro.: 0 Piso:  Dpto:, 6100RUFINO CP:;
007836U;MONASTERIO LUIS HERNAN;Ord. 3303/22 hormigon armado;SAAVEDRA 432;6AC;50;10;0;0;0;40;221491.6;71277.74;24441.02;95718.76;0;0;0;0;0;0;0;0;150213.86;29336;29957;325187;;;A;SAAVEDRA 432 Rep.Nro.: 0 Piso:  Dpto:, 6100 RUFINO CP:;
007837U;FROMAN NORBERTO;Ord. 3303/22 hormigon armado;SAAVEDRA 440;6AC;50;12;1;37;0;0;208459.37;78738.48;32665.67;111404.15;1990.74;0;71.67;2062.41;0;0;127730.15;0;0;4358;7079;325188;;;A;SAAVEDRA 440 Rep.Nro.: 0 Piso:  Dpto:,  CP:;
007838U;DELFINO JAVIER ALBERTO;Ord. 3303/22 hormigon armado;SAAVEDRA 446;6AC;50;9;41;0;0;0;208459.37;61051.62;18701.95;79753.57;147407.75;0;184781.85;332189.6;0;0;0;0;0;32555;32980;325189;;;A;SAAVEDRA 446 Rep.Nro.: 0 Piso:  Dpto:, 6100 RUFINO CP:;
007844U;BIOLE ROBERTO;C.C. Ord. 3081/2016;SAN JUAN 946;10;1;0;0;1;0;0;1924.5;0;0;0;0;0;0;0;0;0;1924.5;0;0;1701;8676;168387;;;A;VICTORERO 150 Rep.Nro.: 0 Piso:  Dpto:, 6100 RUFINO;
007845U;BIOLE ROBERTO;C.C. Ord. 3081/2016;SAN JUAN 936;10;1;0;0;1;0;0;1924.5;0;0;0;0;0;0;0;0;0;1924.5;0;0;1701;8676;168386;;;A;VICTORERO 150 Rep.Nro.: 0 Piso:  Dpto:, 6100RUFINO;
007846U;ROMERO CLAUDIO ALEJANDRO;C.C. Ord. 3081/2016;SAN JUAN 926;10;1;0;0;1;0;0;1924.5;0;0;0;0;0;0;0;0;0;1924.5;0;0;32345;32744;168385;;;A;J.INGENIEROS 426 Rep.Nro.: 0 Piso:  Dpto:, 6100RUFINO;
007847U;LATTUGA CARLOS;C.C. Ord. 3081/2016;SAN JUAN 916;10;1;0;0;1;0;0;1924.5;0;0;0;0;0;0;0;0;0;1924.5;0;0;5831;7089;168384;;;A;SAN JUAN 914 Rep.Nro.: 0 Piso:  Dpto:, 6100RUFINO;
007851U;AVACA OSCAR R;Pavimiento Urbano;IRIGOYEN.1194;4A;35;35;0;0;0;0;3108;3108;21350.08;24458.08;0;0;0;0;0;0;0;0;0;980;7093;32632;;;A;IRIGOYEN.1194 Rep.Nro.: 0 Piso:  Dpto:, 6100RUFINO;
007854U;KUHN HORACIO JORGE ;Ord. 3303/22 hormigon armado;R.BOUSSY 625;6BD;50;9;41;0;0;0;195433.21;51177.45;34476.02;85653.47;144255.76;0;61095.67;205351.43;0;0;0;0;0;18140;17161;325190;;;A;R.BOUSSY 625 Rep.Nro.: 0 Piso:  Dpto:, 6100RUFINO CP:;
007857U;BONETTO SERGIO GUSTAVO;Plan 50 ;GUEMES 275;26BD;36;0;0;36;0;0;24860.54;0;0;0;0;0;0;0;0;0;24860.54;0;0;1895;6697;275813;;CALLE 21 - GUEMES 200 - 300;A;GUEMES 275 Rep.Nro.: 0 Piso:  Dpto:, 6100 RUFINO CP:;
007857U;HENRY SILVIA BEATRIZ;Ord. 3303/22 hormigon armado;GUEMES 275;26BD;50;23;27;0;0;0;254988.27;162204.26;137328.56;299532.82;92656.92;0;25926.8;118583.72;0;127.09;0;0;0;22094;23610;325194;;;A;GUEMES 275 Rep.Nro.: 0 Piso:  Dpto:, 6100 RUFINO CP:;
007858U;GEREZ RAFAEL CARLOS;Plan 50 ;GUEMES 265;26BD;12;0;12;0;0;0;14374.05;0;0;0;14374.05;0;13247.97;27622.02;0;0;0;0;0;4711;15621;275594;;CALLE 21 - GUEMES 200 - 300;A;GUEMES 265 Rep.Nro.: 0 Piso:  Dpto:, 6100RUFINO CP:;
007858U;GEREZ RAFAEL CARLOS;Ord. 3303/22 hormigon armado;GUEMES 265;26BD;36;0;36;0;0;0;245790.5;0;0;0;245790.53;6848.79;2084.35;254723.67;0;0;0;0;0;4711;15621;322932;;;A;GUEMES 265 Rep.Nro.: 0 Piso:  Dpto:, 6100 RUFINO CP:;
007859U;MORAN/VIDELA ADOLFO R;Plan 50 ;GUEMES 255;26BD;12;0;12;0;0;0;16721.77;0;0;0;16721.77;0;52981.51;69703.28;0;0;0;0;0;7082;7099;277042;;CALLE 21-GUEMES 200-300;A;J.A.PERO 270 Rep.Nro.: 0 Piso:  Dpto:, 6100RUFINO CP:;
007859U;MORAN/VIDELA ADOLFO R;Ord. 3303/22 hormigon armado;GUEMES 255;26BD;50;20;0;0;0;30;260576.25;149051.13;104663.23;253714.36;0;0;0;0;0;0;0;0;111525.12;7082;7099;325196;;;A;J.A.PERO 270 Rep.Nro.: 0 Piso:  Dpto:, 6100RUFINO CP:;
007860U;CORA NESTOR/MONSALVO;Plan 50 ;GUEMES 245;26BD;12;12;0;0;0;0;16721.77;16721.77;98711.03;115432.8;0;0;0;0;0;0;0;0;0;3099;7100;277041;;CALLE 21 GUEMES 200-300;A;GUEMES 245 Rep.Nro.: 0 Piso:  Dpto:, 6100RUFINO CP:;
007860U;CORA NESTOR/MONSALVO;Ord. 3303/22 hormigon armado;GUEMES 245;26BD;50;1;49;0;0;0;259910.09;9406.74;0;9406.74;250503.35;0;3826.29;254329.64;0;0;0;0;0;3099;7100;325197;;;A;GUEMES 245 Rep.Nro.: 0 Piso:  Dpto:, 6100RUFINO CP:;
007861U;FORTUNATO LORENA ANDREA;Plan 50 ;GUEMES 235;26BD;1;0;1;0;0;0;13655;0;0;0;9558.5;0;0;9558.5;0;0;0;0;0;4264;14811;274372;;PAGO CONTADO;A;IRIGOYEN 748 Rep.Nro.: 0 Piso:  Dpto:, 6100RUFINO CP:;
007861U;FORTUNATO LORENA ANDREA;Ord. 3303/22 hormigon armado;GUEMES 235;26BD;36;0;36;0;0;0;246210.14;0;0;0;246210.14;0;1561.83;247771.97;0;0;0;0;0;4264;14811;322091;;;A;IRIGOYEN 748 Rep.Nro.: 0 Piso:  Dpto:, 6100 RUFINO CP:;
007862U;MENDOZA DIEGO JOSE;Plan 50 ;L.DE LA TORRE 234;26BD;36;0;36;0;0;0;21131.15;0;0;0;21131.15;0;59319.71;80450.86;0;0;0;0;0;14727;14071;275815;;"CALLE 17 - L.DE LA TORRE 200 - 300
";A;L.DE LA TORRE 234 Rep.Nro.: 0 Piso:  Dpto:, 6100 RUFINO CP:;
007862U;MENDOZA DIEGO JOSE;Ord. 3303/22 hormigon armado;L.DE LA TORRE 234;26BD;50;12;38;0;0;0;260576.25;98424.15;40832.55;139256.7;162152.1;0;42904.94;205057.04;0;0;0;0;0;14727;14071;325198;;;A;L.DE LA TORRE 234 Rep.Nro.: 0 Piso:  Dpto:, 6100 RUFINO CP:;
007863U;CHACON ENZO DANIEL ;Plan 50 ;L.DE LA TORRE 244;26BD;12;0;12;0;0;0;11606.76;0;0;0;0;0;0;0;0;11606.76;0;0;0;2725;7102;276668;;CALLE 17 L. DE LA TORRE 200-300;B;GRAL.LOPEZ 345 Rep.Nro.: 0 Piso:  Dpto:, 6100RUFINO CP:;
007863U;CHACON ENZO DANIEL ;Plan 50 ;L.DE LA TORRE 244;26BD;12;0;12;0;0;0;10244.91;0;0;0;10244.91;0;1141.81;11386.72;0;0;0;0;0;2725;7102;277156;;CALLE 17 - L.DE LA TORRE 200 - 300;A;GRAL.LOPEZ 345 Rep.Nro.: 0 Piso:  Dpto:, 6100RUFINO CP:;
007863U;CHACON ENZO DANIEL ;Ord. 3303/22 hormigon armado;L.DE LA TORRE 244;26BD;50;0;50;0;0;0;250815.41;0;0;0;250815.43;4911.09;79.82;255806.34;0;0;0;0;0;2725;7102;325199;;;A;GRAL.LOPEZ 345 Rep.Nro.: 0 Piso:  Dpto:, 6100RUFINO CP:;
007864U;FERNANDEZ JOSE;Plan 50 ;L.DE LA TORRE 256;26BD;12;12;0;0;0;0;16721.77;16721.77;98711.03;115432.8;0;0;0;0;0;0;0;0;0;4046;7103;276670;;CALLE 17 L. DE LA TORRE 200-300;A;COBO 325 Rep.Nro.: 0 Piso:  Dpto:, 6100RUFINO CP:;
007864U;FERNANDEZ JOSE;Ord. 3303/22 hormigon armado;L.DE LA TORRE 256;26BD;50;11;0;0;0;39;260576.25;91212.02;34550.78;125762.8;0;0;0;0;0;0;0;0;169364.23;4046;7103;325200;;;A;COBO 325 Rep.Nro.: 0 Piso:  Dpto:, 6100RUFINO CP:;
007865U;ALGAN RAUL F;Plan 50 ;L.DE LA TORRE 266;26BD;12;12;0;0;0;0;16721.77;16721.77;98711.03;115432.8;0;0;0;0;0;0;0;0;0;34288;34746;276672;;CALLE 17 L. DE LA TORRE 200-300;A;FRESNOS 443 Rep.Nro.: 0 Piso:  Dpto:, 6100RUFINO CP:;
007865U;ALGAN RAUL F;Ord. 3303/22 hormigon armado;L.DE LA TORRE 266;26BD;50;1;49;0;0;0;259954.19;9406.74;0;9406.74;250395.7;0;3005.4;253401.1;0;151.75;0;0;0;34288;34746;325202;;;A;FRESNOS 443 Rep.Nro.: 0 Piso:  Dpto:, 6100RUFINO CP:;
007866U;POLIDORI CARLOS;Plan 50 ;L.DE LA TORRE 276;26BD;12;12;0;0;0;0;14213.49;14213.49;83904.3;98117.79;0;0;0;0;0;0;0;0;0;8832;7105;276676;;CALLE 17 L. DE LA TORRE 200-300;A;L.DE LA TORRE 276 Rep.Nro.: 0 Piso:  Dpto:, 6100RUFINO CP:;
007866U;POLIDORI CARLOS;Ord. 3303/22 hormigon armado;L.DE LA TORRE 276;26BD;50;26;24;0;0;0;260576.25;179754.06;160848.99;340603.05;80822.2;4490.3;172277.64;257590.14;0;0;0;0;0;8832;7105;325204;;;A;L.DE LA TORRE 276 Rep.Nro.: 0 Piso:  Dpto:, 6100 RUFINO CP:;
007867U;VITERI RUBEN ALBERTO;Plan 50 ;L.DE LA TORRE 290;26BD;12;12;0;0;0;0;33443.43;33443.43;197421.44;230864.87;0;0;0;0;0;0;0;0;0;15757;13568;276680;;CALLE 17 L.DE LA TORRE 200-300;A;M.ROCA 991 Rep.Nro.: 0 Piso:  Dpto:, 6100RUFINO CP:;
007867U;VITERI RUBEN ALBERTO;Ord. 3303/22 hormigon armado;L.DE LA TORRE 290;26BD;50;11;0;0;0;39;521153.63;182424.35;69101.66;251526.01;0;0;0;0;0;0;0;0;338729.28;15757;13568;325206;;;A;M.ROCA 991 Rep.Nro.: 0 Piso:  Dpto:, 6100 RUFINO CP:;
007888U;LUCHINO JUAN ROBERTO;Pavimiento Urbano;F.A.GARIN 405;5A;49;0;49;0;0;0;2086.7;0;0;0;2086.7;0;4782.84;6869.54;0;0;0;0;0;6073;7125;223795;;;A;F.A.GARIN 405 Rep.Nro.: 0 Piso:  Dpto:, 6100-RUFINO;
007888U;LUCHINO JUAN ROBERTO;Pavimiento Urbano;F.A.GARIN 405;5A;49;0;49;0;0;0;874;0;0;0;0;0;0;0;0;874;0;0;0;6073;7125;223800;;;A;F.A.GARIN 405 Rep.Nro.: 0 Piso:  Dpto:, 6100-RUFINO;
007888U;LUCHINO JUAN ROBERTO;C.C. Dec. 132/2017;F.A.GARIN 405;5A;1;0;1;0;0;0;1732.05;0;0;0;1732.05;0;0;1732.05;0;0;0;0;0;6073;7125;223884;;;A;F.A.GARIN 405 Rep.Nro.: 0 Piso:  Dpto:, 6100-RUFINO;
007888U;TORTA FEDERICO NICOLAS;Ord. 3303/22 hormigon armado;F.A.GARIN 405;5A;1;0;1;0;0;0;31692.21;0;0;0;28522.99;0;0;28522.99;0;0;0;0;0;28122;28776;322029;;;A;J.HERNANDEZ 006 Rep.Nro.: 0 Piso:  Dpto:, 6100 RUFINO CP:;
007897U;ORTEGA GARRO ABEL;Plan 50 ;L.DE LA TORRE 337;26C;12;10;2;0;0;0;14798.75;12784.63;74980.41;87765.04;2014.12;0;3524.71;5538.83;0;0;0;0;0;16075;15989;276697;;CALLE 18 L.DE LA TORRE 300-400;A;GALAN 345 Rep.Nro.: 0 Piso:  Dpto:, 6100 RUFINO CP:;
007898U;FERRARI FELIPE;Plan 50 ;L.DE LA TORRE 329;26C;12;0;12;0;0;0;14798.75;0;0;0;14798.75;0;40476.76;55275.51;0;0;0;0;0;4105;15624;276696;;CALLE 18 L. DE LA TORRE 300-400;A;L.DE LA TORRE 329 Rep.Nro.: 0 Piso:  Dpto:, 6100RUFINO CP:;
007899U;SENOSIAIN JUAN M;Plan 50 ;L.DE LA TORRE 319;26C;1;0;1;0;0;0;11989.09;0;0;0;8392.36;0;0;8392.36;0;0;0;0;0;10186;6343;274382;;;A;L.DE LA TORRE 319 Rep.Nro.: 0 Piso:  Dpto:, 6100RUFINO CP:;
007900U;RABBIA SUSANA MARIA;Plan 50 ;L.DE LA TORRE 309;26C;12;0;12;0;0;0;19116.96;0;0;0;0;0;0;0;0;19116.96;0;0;0;9036;7136;276695;;CALLE 18 L. DE LA TORRE 300-400;B;M.ROCA.1006 Rep.Nro.: 0 Piso:  Dpto:, 6100RUFINO CP:;
007900U;RABBIA SUSANA MARIA;Plan 50 ;L.DE LA TORRE 309;26C;1;0;1;0;0;0;13381.9;0;0;0;13381.9;0;0;13381.9;0;0;0;0;0;9036;7136;277415;;calle 18-l. de la torre 300-400;A;M.ROCA.1006 Rep.Nro.: 0 Piso:  Dpto:, 6100RUFINO CP:;
007906U;SOC.ESPAÑOLA DE S.M.ASOC.CIVIL;C.C. Ord. 3081/2016;BERUTTI 403;38;1;0;0;1;0;0;2886.75;0;0;0;0;0;0;0;0;0;2886.75;0;0;13024;11222;166438;;;A;AV.COBO 161 Rep.Nro.: 0 Piso:  Dpto:, 6100RUFINO;
007907U;CRUCIANELLI AMALIA;C.C. Ord. 3081/2016;BOLIVAR 381;38;1;0;0;1;0;0;1924.5;0;0;0;0;0;0;0;0;0;1924.5;0;0;3269;7141;166437;;;A;BOLIVAR 381 Rep.Nro.: 0 Piso:  Dpto:, 6100RUFINO;
007908U;VALDEZ HECTOR;C.C. Ord. 3081/2016;BOLIVAR 371;38;1;0;0;1;0;0;1924.5;0;0;0;0;0;0;0;0;0;1924.5;0;0;11054;7142;166436;;;A;LAVALLEJA 474 Rep.Nro.: 0 Piso:  Dpto:, 6100RUFINO;
007909U;VERNA JOSE LUIS;C.C. Res. 074/2026;COBO.1355;52;4;4;0;0;0;0;110200.26;110200.26;12274.34;122474.6;0;0;0;0;0;0;0;0;0;11194;7143;382348;;;A;COBO.1355 Rep.Nro.: 0 Piso:  Dpto:, 6100 RUFINO CP:;
007909U;VERNA JOSE LUIS;Res. 159/2026 - Pavimento;COBO.1355;52;1;1;0;0;0;0;223157;223157;0;223157;0;0;0;0;0;0;0;0;0;11194;7143;385251;;;A;COBO.1355 Rep.Nro.: 0 Piso:  Dpto:, 6100 RUFINO CP:;
008020U;GABILANES MC DE;C.C. Res. 074/2026;COBO.1295;19;4;4;0;0;0;0;118281.6;118281.6;13174.46;131456.06;0;0;0;0;0;0;0;0;0;4398;5011;382336;;;A;EVA PERON 386 Rep.Nro.: 0 Piso:  Dpto:, 6100RUFINO CP:;
008021U;CASCO RICARDO H;C.C. Res. 074/2026;URUGUAY 025;52;4;4;0;0;0;0;220400.48;220400.48;24548.69;244949.17;0;0;0;0;0;0;0;0;0;2488;7247;382341;;;A;CARBALLEIRA.1343 Rep.Nro.: 0 Piso:  Dpto:, 6100RUFINO CP:;
008021U;CASCO RICARDO H;Res. 159/2026 - Pavimento;URUGUAY 025;52;1;0;1;0;0;0;148771.33;0;0;0;0;0;0;0;0;148771.33;0;0;0;2488;7247;385237;;;B;CARBALLEIRA.1343 Rep.Nro.: 0 Piso:  Dpto:, 6100RUFINO CP:;
008021U;CASCO RICARDO H;Res. 159/2026 - Pavimento;URUGUAY 025;52;1;1;0;0;0;0;371928.33;371928.33;0;371928.33;0;0;0;0;0;0;0;0;0;2488;7247;385241;;;A;CARBALLEIRA.1343 Rep.Nro.: 0 Piso:  Dpto:, 6100RUFINO CP:;
008023U;SARZANO ESTELA MARIA ;C.C. Ord. 3081/2016;CROUZEILLES 010;52;1;0;0;1;0;0;3849;0;0;0;0;0;0;0;0;0;3849;0;0;5383;7249;166194;;;A;CROUZEILLES 004 Rep.Nro.: 0 Piso:  Dpto:, 6100RUFINO;
008023U;SARZANO ESTELA MARIA ;C.C. Res. 074/2026;CROUZEILLES 010;52;4;4;0;0;0;0;73466.83;73466.83;8182.9;81649.73;0;0;0;0;0;0;0;0;0;5383;7249;382352;;;A;CROUZEILLES 004 Rep.Nro.: 0 Piso:  Dpto:, 6100RUFINO CP:;
008023U;SARZANO ESTELA MARIA ;Res. 159/2026 - Pavimento;CROUZEILLES 010;52;1;1;0;0;0;0;148771.33;148771.33;0;148771.33;0;0;0;0;0;0;0;0;0;5383;7249;385261;;;A;CROUZEILLES 004 Rep.Nro.: 0 Piso:  Dpto:, 6100RUFINO CP:;
008024U;PEÑA JOSEFINA;C.C. Res. 074/2026;COBO.1365;4I;4;4;0;0;0;0;73466.83;73466.83;8182.9;81649.73;0;0;0;0;0;0;0;0;0;8440;7250;382351;;;A;J.A.PERO 270 Rep.Nro.: 0 Piso:  Dpto:, 6100RUFINO CP:;
008024U;PEÑA JOSEFINA;Res. 159/2026 - Pavimento;COBO.1365;4I;1;1;0;0;0;0;148771.33;148771.33;0;148771.33;0;0;0;0;0;0;0;0;0;8440;7250;385253;;;A;J.A.PERO 270 Rep.Nro.: 0 Piso:  Dpto:, 6100RUFINO CP:;
008025U;PALMERO MIGUEL;C.C. Res. 074/2026;COBO.1325;52;4;4;0;0;0;0;36733.43;36733.43;4091.44;40824.87;0;0;0;0;0;0;0;0;0;8253;7251;382344;;;A;.ORIEGA Y CASSET 175 Rep.Nro.: 0 Piso:  Dpto:, 1682M.CORONADO CP:;
008025U;PALMERO MIGUEL;Res. 159/2026 - Pavimento;COBO.1325;52;1;1;0;0;0;0;74385.67;74385.67;0;74385.67;0;0;0;0;0;0;0;0;0;8253;7251;385244;;;A;.ORIEGA Y CASSET 175 Rep.Nro.: 0 Piso:  Dpto:, 1682M.CORONADO CP:;
008030U;ETCHEPARE/ALEGRE O;C.C. Res. 074/2026;COBO.1322;51;4;4;0;0;0;0;36733.43;36733.43;4091.44;40824.87;0;0;0;0;0;0;0;0;0;3888;7256;382340;;;A;COBO.1342 Rep.Nro.: 0 Piso:  Dpto:, 6100RUFINO CP:;
008030U;ETCHEPARE/ALEGRE O;Res. 159/2026 - Pavimento;COBO.1322;51;1;1;0;0;0;0;74385.67;74385.67;0;74385.67;0;0;0;0;0;0;0;0;0;3888;7256;385242;;;A;COBO.1342 Rep.Nro.: 0 Piso:  Dpto:, 6100RUFINO CP:;
008031U;ARGUELLES GERMAN ;C.C. Res. 074/2026;COBO.1334;51;4;4;0;0;0;0;36733.43;36733.43;4091.44;40824.87;0;0;0;0;0;0;0;0;0;16710;16285;382345;;;A;COBO.1478 Rep.Nro.: 0 Piso:  Dpto:, 6100RUFINO CP:;
008031U;ARGUELLES GERMAN ;Res. 159/2026 - Pavimento;COBO.1334;51;1;1;0;0;0;0;74385.67;74385.67;0;74385.67;0;0;0;0;0;0;0;0;0;16710;16285;385246;;;A;COBO.1478 Rep.Nro.: 0 Piso:  Dpto:, 6100RUFINO CP:;
008032U;MARTIN ENRIQUE A;C.C. Res. 074/2026;COBO.1344;51;4;4;0;0;0;0;36733.43;36733.43;4091.44;40824.87;0;0;0;0;0;0;0;0;0;6474;5476;382346;;;A;LORENZETTI 159 Rep.Nro.: 0 Piso:  Dpto:, 6100RUFINO CP:;
008032U;MARTIN ENRIQUE A;Res. 159/2026 - Pavimento;COBO.1344;51;1;1;0;0;0;0;74385.67;74385.67;0;74385.67;0;0;0;0;0;0;0;0;0;6474;5476;385247;;;A;LORENZETTI 159 Rep.Nro.: 0 Piso:  Dpto:, 6100RUFINO CP:;
008033U;HELEG ADRIAN C;C.C. Res. 074/2026;COBO.1354;51;4;4;0;0;0;0;36733.43;36733.43;4091.44;40824.87;0;0;0;0;0;0;0;0;0;5420;7259;382347;;;A;COBO.1354 Rep.Nro.: 0 Piso:  Dpto:, 6100RUFINO CP:;
008033U;HELEG ADRIAN C;Res. 159/2026 - Pavimento;COBO.1354;51;1;1;0;0;0;0;74385.67;74385.67;0;74385.67;0;0;0;0;0;0;0;0;0;5420;7259;385249;;;A;COBO.1354 Rep.Nro.: 0 Piso:  Dpto:, 6100RUFINO CP:;
008034U;ARGUELLES GERMAN/MASSA ;C.C. Res. 074/2026;COBO.1366;51;4;4;0;0;0;0;36733.43;36733.43;4091.44;40824.87;0;0;0;0;0;0;0;0;0;803;7260;382354;;;A;GARAY 480 Rep.Nro.: 0 Piso:  Dpto:, 6100RUFINO CP:;
008034U;ARGUELLES GERMAN/MASSA ;Res. 159/2026 - Pavimento;COBO.1366;51;1;1;0;0;0;0;74385.67;74385.67;0;74385.67;0;0;0;0;0;0;0;0;0;803;7260;385255;;;A;GARAY 480 Rep.Nro.: 0 Piso:  Dpto:, 6100RUFINO CP:;
008035U;CHACON CRISTIAN J;C.C. Res. 074/2026;COBO.1380;51;4;4;0;0;0;0;36733.43;36733.43;4091.44;40824.87;0;0;0;0;0;0;0;0;0;2724;7263;382355;;;A;C.GARDEL 028 Rep.Nro.: 0 Piso:  Dpto:, 6100 RUFINO CP:;
008035U;CHACON CRISTIAN J;Res. 159/2026 - Pavimento;COBO.1380;51;1;1;0;0;0;0;123976.11;123976.11;0;123976.11;0;0;0;0;0;0;0;0;0;2724;7263;384941;;;A;C.GARDEL 028 Rep.Nro.: 0 Piso:  Dpto:, 6100 RUFINO CP:;
008036U;PONCE MARIA ALBA;C.C. Res. 074/2026;COBO.1386;51;4;4;0;0;0;0;35815.09;35815.09;3989.16;39804.25;0;0;0;0;0;0;0;0;0;8858;7261;382357;;;A;COBO.1386 Rep.Nro.: 0 Piso:  Dpto:, 6100 RUFINO CP:;
008036U;PONCE MARIA ALBA;Res. 159/2026 - Pavimento;COBO.1386;51;1;1;0;0;0;0;72526.02;72526.02;0;72526.02;0;0;0;0;0;0;0;0;0;8858;7261;385257;;;A;COBO.1386 Rep.Nro.: 0 Piso:  Dpto:, 6100 RUFINO CP:;
008037U;ALANIZ JUAN M;C.C. Ord. 3081/2016;COBO.1392;51;1;0;0;1;0;0;3964.5;0;0;0;0;0;0;0;0;0;3964.5;0;0;271;7262;166168;;;A;COBO.1392 Rep.Nro.: 0 Piso:  Dpto:, 6100RUFINO;
008037U;ALANIZ JUAN M;C.C. Res. 074/2026;COBO.1392;51;4;4;0;0;0;0;33060.08;33060.08;3682.3;36742.38;0;0;0;0;0;0;0;0;0;271;7262;382358;;;A;COBO.1392 Rep.Nro.: 0 Piso:  Dpto:, 6100RUFINO CP:;
008037U;ALANIZ JUAN M;Res. 159/2026 - Pavimento;COBO.1392;51;1;1;0;0;0;0;66947.1;66947.1;0;66947.1;0;0;0;0;0;0;0;0;0;271;7262;385259;;;A;COBO.1392 Rep.Nro.: 0 Piso:  Dpto:, 6100RUFINO CP:;
008038U;CHACON CRISTIAN J;C.C. Ord. 3081/2016;C.GARDEL 028;51;1;0;1;0;0;0;1732.05;0;0;0;1732.05;0;0;1732.05;0;0;0;0;0;2724;7263;166167;;;A;C.GARDEL 028 Rep.Nro.: 0 Piso:  Dpto:, 6100RUFINO;
008039U;ARGUELLES/SANINI RAUL;C.C. Ord. 3081/2016;C.GARDEL 032;51;1;0;0;1;0;0;1924.5;0;0;0;0;0;0;0;0;0;1924.5;0;0;845;7264;166166;;;A;C.GARDEL 030 Rep.Nro.: 0 Piso:  Dpto:, 6100RUFINO;
008040U;CORONEL JOEL H ;C.C. Ord. 3081/2016;C.GARDEL 040;51;1;0;0;1;0;0;1924.5;0;0;0;0;0;0;0;0;0;1924.5;0;0;3153;7265;166165;;;A;C.GARDEL 040 Rep.Nro.: 0 Piso:  Dpto:, 6100RUFINO;
008041U;RABBIA VANESA SOLEDAD;C.C. Ord. 3081/2016;C.GARDEL 045;56;1;0;0;1;0;0;1924.5;0;0;0;0;0;0;0;0;0;1924.5;0;0;18653;17488;166176;;;A;IRIGOYEN.1027 Rep.Nro.: 0 Piso:  Dpto:, 6100RUFINO;
008042U;LEAL FRANCISCO;C.C. Ord. 3081/2016;C.GARDEL 035;56;1;0;0;1;0;0;1924.5;0;0;0;0;0;0;0;0;0;1924.5;0;0;5839;4738;166177;;;A;C.GARDEL 035 Rep.Nro.: 0 Piso:  Dpto:, 6100RUFINO;
008043U;GONZALEZ GLADYS H;C.C. Ord. 3081/2016;C.GARDEL 019;56;1;0;0;1;0;0;1732.05;0;0;0;0;0;0;0;0;0;1732.05;0;0;5091;3964;166179;;;A;J.M.PLAZA 054 Rep.Nro.: 0 Piso:  Dpto:, 6100RUFINO;
008044U;GONZALEZ GLADYS H;C.C. Ord. 3081/2016;C.GARDEL 015;56;1;0;0;1;0;0;1732.05;0;0;0;0;0;0;0;0;0;1732.05;0;0;5091;3964;166181;;;A;J.M.PLAZA 054 Rep.Nro.: 0 Piso:  Dpto:, 6100RUFINO;
008045U;BENEDETTO/ARREBILLAGA;C.C. Ord. 3081/2016;C.GARDEL 005;56;1;0;0;1;0;0;1739.75;0;0;0;0;0;0;0;0;0;1739.75;0;0;1539;7269;166182;;;A;C.GARDEL 005 Rep.Nro.: 0 Piso:  Dpto:, 6100 RUFINO;
008045U;BENEDETTO/ARREBILLAGA;Res. 159/2026 - Pavimento;C.GARDEL 005;56;1;1;0;0;0;0;148771.33;148771.33;0;148771.33;0;0;0;0;0;0;0;0;0;1539;7269;385264;;;A;C.GARDEL 005 Rep.Nro.: 0 Piso:  Dpto:, 6100 RUFINO CP:;
008046U;AIME/TORTA OSCAR D ;Plan 50 ;R.BOUSSY 826;5A;12;0;12;0;0;0;4227.66;0;0;0;4227.66;0;6633.36;10861.02;0;0;0;0;0;259;3310;276852;;CALLE 05 R.BOUSSY  800 - 900;A;COBO 522 Rep.Nro.: 0 Piso:  Dpto:, 6100RUFINO CP:;
008046U;AIME/TORTA OSCAR D ;Ord. 3303/22 hormigon armado;R.BOUSSY 826;5A;50;11;7;0;0;32;65143.82;22803.08;8637.72;31440.8;4476.57;0;749.59;5226.16;0;0;0;0;37864.17;259;3310;325207;;;A;COBO 522 Rep.Nro.: 0 Piso:  Dpto:, 6100 RUFINO CP:;
008051U;CISMONDI NANCY MABEL;C.C. Ord. 3081/2016;C.GARDEL 075;56;1;0;0;1;0;0;1924.5;0;0;0;0;0;0;0;0;0;1924.5;0;0;2874;14815;166171;;;A;CARBALLEIRA.1074 Rep.Nro.: 0 Piso:  Dpto:, 6100RUFINO;
008052U;CISMONDI NANCY MABEL;C.C. Ord. 3081/2016;C.GARDEL 065;56;1;0;0;1;0;0;1924.5;0;0;0;0;0;0;0;0;0;1924.5;0;0;2874;14815;166172;;;A;CARBALLEIRA.1074 Rep.Nro.: 0 Piso:  Dpto:, 6100RUFINO;
008053U;DE BERNARDIN RAUL ALBERTO;C.C. Ord. 3081/2016;C.GARDEL 095;56;1;0;0;1;0;0;5773.5;0;0;0;0;0;0;0;0;0;5773.5;0;0;13482;13710;166169;;;A;M.ROCA 543 Rep.Nro.: 0 Piso:  Dpto:, 6100RUFINO;
008053U;DE BERNARDIN RAUL ALBERTO;C.C. Res. 074/2026;C.GARDEL 095;56;4;4;0;0;0;0;73466.83;73466.83;8182.9;81649.73;0;0;0;0;0;0;0;0;0;13482;13710;382278;;;A;M.ROCA 543 Rep.Nro.: 0 Piso:  Dpto:, 6100RUFINO CP:;
008056U;GUTIERREZ JORGE L;C.C. Ord. 3081/2016;CROUZEILLES 022;52;1;0;0;1;0;0;3849;0;0;0;0;0;0;0;0;0;3849;0;0;5388;7277;166195;;;A;CROUZEILLES 022 Rep.Nro.: 0 Piso:  Dpto:, 6100RUFINO;
008062U;GIMENEZ JAVIER ANDRES;Plan 50 ;SAAVEDRA 485;6C;36;0;36;0;0;0;71020.5;0;0;0;76427.55;0;1489.29;77916.84;0;3923.06;0;0;0;4845;7283;275250;;CALLE 06 - R.BOUSSY 700 - 800;A;SAAVEDRA 530 Rep.Nro.: 0 Piso:  Dpto:, 6100RUFINO CP:;
008062U;GIMENEZ JAVIER ANDRES;Ord. 3303/22 hormigon armado;SAAVEDRA 485;6C;50;0;50;0;0;0;839568.62;0;0;0;839568.62;0;68861.44;908430.06;0;0;0;0;0;4845;7283;322823;;;A;SAAVEDRA 530 Rep.Nro.: 0 Piso:  Dpto:, 6100RUFINO CP:;
008103U;CURIEN H;Ord. 3303/22 hormigon armado;L.DE LA TORRE 136;28AC;50;11;0;0;0;39;260576.25;91212.02;34550.78;125762.8;0;0;0;0;0;0;0;0;169364.23;3323;7319;325211;;;A;L.DE LA TORRE 136 Rep.Nro.: 0 Piso:  Dpto:, 6100 RUFINO CP:;
008196U;TOBAL JUAN C;C.C. Ord. 3081/2016;LAS HERAS 460;8A;1;0;0;1;0;0;1924.5;0;0;0;0;0;0;0;0;0;1924.5;0;0;10855;7406;165588;;;A;LAS HERAS 460 Rep.Nro.: 0 Piso:  Dpto:, 6100RUFINO;
008197U;FERREYRA LUIS;C.C. Ord. 3081/2016;LAS HERAS 446;8A;1;0;0;1;0;0;1924.5;0;0;0;0;0;0;0;0;0;1924.5;0;0;4182;15637;165587;;;A;LAS HERAS 446 Rep.Nro.: 0 Piso:  Dpto:, 6100RUFINO;
008198U;MORENO FELIX RAUL;C.C. Ord. 3081/2016;LAS HERAS 436;8A;1;0;0;1;0;0;1924.5;0;0;0;0;0;0;0;0;0;1924.5;0;0;7116;7407;165586;;;A;S.ESTERO 332 Rep.Nro.: 0 Piso:  Dpto:, 6100RUFINO;
008199U;AGUILAR AMELIA M;C.C. Ord. 3081/2016;LAS HERAS 424;8A;1;0;0;1;0;0;1924.5;0;0;0;0;0;0;0;0;0;1924.5;0;0;206;7408;165585;;;A;LAS HERAS 424 Rep.Nro.: 0 Piso:  Dpto:, 6100RUFINO;
008207U;MORENO ANTONIO ALBERTO;C.C. Ord. 3081/2016;BERUTTI 695;3B;1;0;0;1;0;0;4811.25;0;0;0;0;0;0;0;0;0;4811.25;0;0;14801;13528;165565;;;A;M.ROCA 479 Rep.Nro.: 0 Piso:  Dpto:, 6100 RUFINO;
008208U;ANTONI OSCAR HUGO;Plan 50 ;SARG.CABRAL 545;21AC;1;0;1;0;0;0;4779.25;0;0;0;4779.25;0;0;4779.25;0;0;0;0;0;607;15638;275214;;pago contado 30% desc ;A;SARG.CABRAL 545 Rep.Nro.: 0 Piso:  Dpto:, 6100RUFINO CP:;
008208U;ANTONI OSCAR HUGO;Plan 50 ;SARG.CABRAL 545;21AC;1;0;1;0;0;0;8392.36;0;0;0;0;0;0;0;0;8392.36;0;0;0;607;15638;275215;;contado 30% desc.;B;SARG.CABRAL 545 Rep.Nro.: 0 Piso:  Dpto:, 6100RUFINO CP:;
008209U;FRANQUINI AURELIO;Plan 50 ;SARG.CABRAL 535;21AC;12;0;12;0;0;0;6980.09;0;0;0;6980.09;0;1979.24;8959.33;0;0;0;0;0;4333;7417;277230;;CALLE 41 - SARG.CABRAL 500 - 600;A;SARG.CABRAL 545 Rep.Nro.: 0 Piso:  Dpto:, 6100RUFINO CP:;
008210U;FRANQUINI ANA HERMINIA;Plan 50 ;INDEPENDENCIA 856;21AC;48;48;0;0;0;0;39813.53;39813.53;190916.89;230730.42;0;0;0;0;0;0;0;0;0;39743;40541;276002;;CALLE 29 - INDEPENDENCIA 800 - 900;A;SARG.CABRAL 545 Rep.Nro.: 0 Piso:  Dpto:, 6100RUFINO CP:;
008210U;FRANQUINI ANA HERMINIA;Plan 50 ;INDEPENDENCIA 856;21AC;12;12;0;0;0;0;25366.02;25366.02;149514.44;174880.46;0;0;0;0;0;0;0;0;0;39743;40541;277229;;CALLE 41 - SARG.CABRAL 500 - 600;A;SARG.CABRAL 545 Rep.Nro.: 0 Piso:  Dpto:, 6100RUFINO CP:;
008254U;PEREYRA ALBERTO DANIEL ;C.C. Ord. 3081/2016;LAS HERAS 370;3B;1;0;0;1;0;0;1924.5;0;0;0;0;0;0;0;0;0;1924.5;0;0;23504;24667;165564;;;A;LAS HERAS 370 Rep.Nro.: 0 Piso:  Dpto:, 6100RUFINO;
008262U;FANTINO CARLOS;Plan 50 ;ASAMBLEA.1015;21C;12;12;0;0;0;0;14213.49;14213.49;83904.3;98117.79;0;0;0;0;0;0;0;0;0;3970;7465;276754;;CALLE 01 ASAMBLEA 1000-1100;A;ASAMBLEA.1015 Rep.Nro.: 0 Piso:  Dpto:, 6100RUFINO CP:;
008262U;FANTINO CARLOS;Ord. 3303/22 hormigon armado;ASAMBLEA.1015;21C;50;11;1;0;0;38;260576.25;91212.02;34550.78;125762.8;2488.42;0;0;2488.42;0;0;0;0;166875.81;3970;7465;325212;;;A;ASAMBLEA.1015 Rep.Nro.: 0 Piso:  Dpto:, 6100RUFINO CP:;
008263U;NOVELLINO MARIO GABRIEL;Plan 50 ;ASAMBLEA.1025;21C;24;0;24;0;0;0;16204.95;0;0;0;16204.95;0;541.69;16746.64;0;0;0;0;0;32374;32777;275812;;CALLE 01 - ASAMBLEA 1000 - 1100;A;ASAMBLEA.1025 Rep.Nro.: 0 Piso:  Dpto:, 6100 RUFINO CP:;
008263U;NOVELLINO MARIO GABRIEL;Ord. 3303/22 hormigon armado;ASAMBLEA.1025;21C;50;0;50;0;0;0;223580.73;0;0;0;223580.73;0;4350.96;227931.69;0;0;0;0;0;32374;32777;325213;;;A;ASAMBLEA.1025 Rep.Nro.: 0 Piso:  Dpto:, 6100 RUFINO CP:;
008264U;ZALAZAR ROBERTO CESAR;Plan 50 ;ASAMBLEA.1035;21C;12;0;12;0;0;0;14374.05;0;0;0;14374.05;744.6;3007.24;18125.89;0;0;0;0;0;11469;15641;275219;;CALLE 01 - ASAMBLEA 1000 - 1100;A;ASAMBLEA.1035 Rep.Nro.: 0 Piso:  Dpto:, 6100RUFINO CP:;
008264U;ZALAZAR ROBERTO CESAR;Ord. 3303/22 hormigon armado;ASAMBLEA.1035;21C;50;13;37;0;0;0;260576.25;105426.22;47666.57;153092.79;155150.05;22192.72;59600.63;236943.4;0;0;0;0;0;11469;15641;325216;;;A;ASAMBLEA.1035 Rep.Nro.: 0 Piso:  Dpto:, 6100RUFINO CP:;
008265U;ZALAZAR CESAR LUIS;Plan 50 ;ASAMBLEA.1045;21C;12;0;12;0;0;0;14167.06;0;0;0;14167.06;0;253.99;14421.05;0;0;0;0;0;11462;15642;275235;;CALLE 01 - ASAMBLEA 1000 - 1100;A;ASAMBLEA.1035 Rep.Nro.: 0 Piso:  Dpto:, 6100RUFINO CP:;
008265U;ZALAZAR CESAR LUIS;Ord. 3303/22 hormigon armado;ASAMBLEA.1045;21C;50;15;35;0;0;0;260478.85;118824.48;62643.32;181467.8;141654.37;0;56096.65;197751.02;0;0;0;0;0;11462;15642;325217;;;A;ASAMBLEA.1035 Rep.Nro.: 0 Piso:  Dpto:, 6100 RUFINO CP:;
008266U;VALDEZ HECTOR SERAPIO;Plan 50 ;ASAMBLEA.1055;21C;12;0;12;0;0;0;16721.77;0;0;0;16721.77;0;39550.13;56271.9;0;0;0;0;0;11055;15643;276757;;CALLE 01 ASAMBLEA 1000-1100;A;ASAMBLEA.1055 Rep.Nro.: 0 Piso:  Dpto:, 6100RUFINO CP:;
008266U;VALDEZ HECTOR SERAPIO;Ord. 3303/22 hormigon armado;ASAMBLEA.1055;21C;50;22;28;0;0;0;260576.25;159945.13;122642.78;282587.91;100631.13;4490.3;124322.66;229444.09;0;0;0;0;0;11055;15643;325218;;;A;ASAMBLEA.1055 Rep.Nro.: 0 Piso:  Dpto:, 6100RUFINO CP:;
008267U;SAN MARTIN JORGE JAVIER;Plan 50 ;ASAMBLEA.1065;21C;36;10;26;0;0;0;20600.33;8595.82;41829.27;50425.09;12292.18;0;11987.74;24279.92;0;0;0;0;0;24671;25554;275456;;CALLE 01 - ASAMBLEA 1000 - 1100;A;ASAMBLEA.1065 Rep.Nro.: 0 Piso:  Dpto:, 6100RUFINO CP:;
008267U;SAN MARTIN JORGE JAVIER;Ord. 3303/22 hormigon armado;ASAMBLEA.1065;21C;50;40;10;0;0;0;260576.25;233753.3;311983.49;545736.79;26822.95;0;12364.59;39187.54;0;0;0;0;0;24671;25554;322320;;;A;ASAMBLEA.1065 Rep.Nro.: 0 Piso:  Dpto:, 6100RUFINO CP:;
008268U;AIME EDUARDO WALTER;Plan 50 ;ASAMBLEA.1075 LOT.24-5-6;21C;48;0;48;0;0;0;90347.5;0;0;0;90347.5;0;4049.39;94396.89;0;0;0;0;0;32186;32589;276040;;CALLE 01 - ASAMBLEA 1000 - 1100;A;CHACABUCO 583 Rep.Nro.: 0 Piso:  Dpto:, 6100RUFINO CP:;
008268U;AIME EDUARDO WALTER;Plan 50 ;ASAMBLEA.1075 LOT.24-5-6;21C;48;0;48;0;0;0;23271.36;0;0;0;0;0;0;0;0;23271.36;0;0;0;32186;32589;276042;;CALLE 16 - LORENZETTI 500 - 600;B;CHACABUCO 583 Rep.Nro.: 0 Piso:  Dpto:, 6100RUFINO CP:;
008268U;AIME EDUARDO WALTER;Plan 50 ;ASAMBLEA.1075 LOT.24-5-6;21C;48;0;48;0;0;0;57172.93;0;0;0;57172.93;0;2236.78;59409.71;0;0;0;0;0;32186;32589;277284;;CALLE 16 - LORENZETTI 500 - 600;A;CHACABUCO 583 Rep.Nro.: 0 Piso:  Dpto:, 6100RUFINO CP:;
008268U;AIME EDUARDO WALTER;Ord. 3303/22 hormigon armado;ASAMBLEA.1075 LOT.24-5-6;21C;50;1;49;0;0;0;759581.8;27420.71;0;27420.71;732161.09;0;102123.31;834284.4;0;0;0;0;0;32186;32589;325219;;;A;CHACABUCO 583 Rep.Nro.: 0 Piso:  Dpto:, 6100RUFINO CP:;
008269U;LOPEZ JUAN/MADRID;Plan 50 ;LORENZETTI 506;21C;12;12;0;0;0;0;16721.77;16721.77;98711.03;115432.8;0;0;0;0;0;0;0;0;0;5997;7468;276632;;CALLE 16 LORENZETTI 500-600;A;BOLIVAR 461 Rep.Nro.: 0 Piso:  Dpto:, 6100 RUFINO CP:;
008269U;LOPEZ JUAN/MADRID;Plan 50 ;LORENZETTI 506;21C;12;12;0;0;0;0;29948.7;29948.7;176668.92;206617.62;0;0;0;0;0;0;0;0;0;5997;7468;276744;;CALLE 27 - INDEPENDENCIA 1000 - 1100;A;BOLIVAR 461 Rep.Nro.: 0 Piso:  Dpto:, 6100 RUFINO CP:;
008270U;LOPEZ JUAN/MADRID;Plan 50 ;INDEPENDENCIA.1076;21C;12;12;0;0;0;0;16910.67;16910.67;99756.9;116667.57;0;0;0;0;0;0;0;0;0;5997;7468;276742;;CALLE 27 - INDEPENDENCIA 1000 - 1100;A;BOLIVAR 461 Rep.Nro.: 0 Piso:  Dpto:, 6100RUFINO CP:;
008271U;ALEM JUAN ;Plan 50 ;INDEPENDENCIA.1066;21C;12;12;0;0;0;0;16910.67;16910.67;99756.9;116667.57;0;0;0;0;0;0;0;0;0;347;7470;276740;;CALLE 27 - INDEPENDENCIA 1000 - 1100;A;INDEPENDENCIA.1066 Rep.Nro.: 0 Piso:  Dpto:, 6100RUFINO CP:;
008272U;GUTIERREZ P;Plan 50 ;INDEPENDENCIA.1056;21C;12;12;0;0;0;0;16910.67;16910.67;99756.9;116667.57;0;0;0;0;0;0;0;0;0;5379;7471;276738;;CALLE 27 - INDEPENDENCIA 1000 - 1100;A;.ITALIA 127 Rep.Nro.: 0 Piso:  Dpto:, 6100 RUFINO CP:;
008273U;NAVILLI LEANDRO;Plan 50 ;INDEPENDENCIA.1046;21C;12;12;0;0;0;0;16910.67;16910.67;99756.9;116667.57;0;0;0;0;0;0;0;0;0;7648;2494;276737;;CALLE 27 - INDEPENDENCIA 1000 - 1100;A;P.PERON.1595 Rep.Nro.: 0 Piso:  Dpto:, 6100RUFINO CP:;
008274U;CARDETTI LUISA DELIA;Plan 50 ;INDEPENDENCIA.1036;21C;12;1;11;0;0;0;14374.05;1405.23;7966.25;9371.48;12968.82;0;19469.92;32438.74;0;0;0;0;0;2369;7473;276352;;CALLE 27 - INDEPENDENCIA 1000 - 1100;A;INDEPENDENCIA.1036 Rep.Nro.: 0 Piso:  Dpto:, 6100RUFINO CP:;
008275U;GUTIERREZ P./LUPPU;Plan 50 ;INDEPENDENCIA.1026;21C;36;13;7;0;0;16;24860.54;6933.82;38953.57;45887.39;3279.28;0;89.21;3368.49;0;0;0;0;14647.44;5406;7474;275729;;CALLE 27 - INDEPENDENCIA 1000 - 1100;A;INDEPENDENCIA.1026 Rep.Nro.: 0 Piso:  Dpto:, 6100 RUFINO CP:;
008276U;OLMEDO JORGE ;Plan 50 ;INDEPENDENCIA.1016;21C;36;0;36;0;0;0;11606.76;0;0;0;0;0;0;0;0;11606.76;0;0;0;8060;7475;275595;;CALLE 27 - INDEPENDENCIA 1000 - 1100;B;INDEPENDENCIA.1016 Rep.Nro.: 0 Piso:  Dpto:, 6100RUFINO CP:;
008276U;OLMEDO JORGE ;Plan 50 ;INDEPENDENCIA.1016;21C;36;0;36;0;0;0;7877.64;0;0;0;9539.68;0;25.72;9565.4;0;34.5;0;0;0;8060;7475;277454;;CALLE 27 - IDEPENDENCIA 1000 -1100;A;INDEPENDENCIA.1016 Rep.Nro.: 0 Piso:  Dpto:, 6100RUFINO CP:;
008277U;ACOSTA NICOLAS ALBERTO;Plan 50 ;INDEPENDENCIA.1002;21C;36;0;36;0;0;0;49720.21;0;0;0;49720.21;0;221494.73;271214.94;0;0;0;0;0;3080;7476;276031;;CALLE 20 - L.DE LA TORRE 500 - 600;A;MORENO 413 Rep.Nro.: 0 Piso:  Dpto:, 6100RUFINO CP:;
008277U;ACOSTA NICOLAS ALBERTO;Plan 50 ;INDEPENDENCIA.1002;21C;36;0;36;0;0;0;24860.54;0;0;0;24860.54;0;110749.24;135609.78;0;0;0;0;0;3080;7476;276045;;CALLE 27 - INDEPENDENCIA 1000 - 1100;A;MORENO 413 Rep.Nro.: 0 Piso:  Dpto:, 6100RUFINO CP:;
008278U;PAYERO ALICIA M;Plan 50 ;L.DE LA TORRE 525;21C;12;0;12;0;0;0;14213.49;0;0;0;14213.49;0;5422.51;19636;0;0;0;0;0;8427;7477;276706;;CALLE 20-L .DE LA TORRE 500-600;A;L.DE LA TORRE 525 Rep.Nro.: 0 Piso:  Dpto:, 6100 RUFINO CP:;
008279U;ZAPATA FERNANDO;Plan 50 ;L.DE LA TORRE 535;21C;12;0;12;0;0;0;13960.07;0;0;0;13753.08;0;0;13753.08;0;206.99;0;0;0;11523;15644;275748;;CALLE 20 - L.DE LA TORRE 500 - 600;A;L.DE LA TORRE 535 Rep.Nro.: 0 Piso:  Dpto:, 6100RUFINO CP:;
008280U;GUTIERREZ/LOPETEGUI A;Plan 50 ;L.DE LA TORRE 545;21C;12;0;0;12;0;0;16721.77;0;0;0;0;0;0;0;0;0;16721.77;0;0;5405;7478;276707;;CALLE 20 L. DE LA TORRE 500-600;A;L.DE LA TORRE 555 Rep.Nro.: 0 Piso:  Dpto:, 6100RUFINO CP:;
008281U;OLIVIERI MIGUEL/GHIBAUDO ZULMA;Plan 50 ;L.DE LA TORRE 555;21C;12;12;0;0;0;0;16721.77;16721.77;98711.03;115432.8;0;0;0;0;0;0;0;0;0;8055;7479;276708;;CALLE 20- L. DE LA TORRE 500-600;A;L.DE LA TORRE 555 Rep.Nro.: 0 Piso:  Dpto:, 6100RUFINO CP:;
008282U;AVILA RAMON ;Plan 50 ;L.DE LA TORRE 565;21C;36;0;36;0;0;0;20993.15;0;0;0;20993.15;0;10110.22;31103.37;0;0;0;0;0;993;15645;275271;;CALLE 20 - L.DE LA TORRE 500 - 600;A;L.DE LA TORRE 565 Rep.Nro.: 0 Piso:  Dpto:, 6100RUFINO CP:;
008283U;NOVELLINO JORGE;Plan 50 ;L.DE LA TORRE 573;21C;12;0;12;0;0;0;14213.49;0;0;0;14213.49;0;6850.39;21063.88;0;0;0;0;0;7938;15646;276709;;CALLE 20-L. DE LA TORRE 500-600;A;L.DE LA TORRE 573 Rep.Nro.: 0 Piso:  Dpto:, 6100RUFINO CP:;
008284U;RIVERO LORENZO;Plan 50 ;ASAMBLEA 955;21C;12;12;0;0;0;0;17502.51;17502.51;103248.18;120750.69;0;0;0;0;0;0;0;0;0;9363;7480;276778;;CALLE 02 ASAMBLEA 900 - 1000;A;ASAMBLEA 955 Rep.Nro.: 0 Piso:  Dpto:, 6100RUFINO CP:;
008284U;RIVERO LORENZO;Ord. 3303/22 hormigon armado;ASAMBLEA 955;21C;50;10;0;0;0;40;269697.44;86790.88;29760.45;116551.33;0;0;0;0;0;0;0;0;182906.56;9363;7480;325220;;;A;ASAMBLEA 955 Rep.Nro.: 0 Piso:  Dpto:, 6100RUFINO CP:;
008285U;GUTIERREZ P DE ;Plan 50 ;ASAMBLEA 965;21C;12;12;0;0;0;0;16910.67;16910.67;99756.9;116667.57;0;0;0;0;0;0;0;0;0;5393;7482;276781;;CALLE 02 ASAMBLEA 900 - 1000;A;A.MARTIN 601 Rep.Nro.: 0 Piso:  Dpto:, 6100RUFINO CP:;
008285U;GUTIERREZ P DE ;Ord. 3303/22 hormigon armado;ASAMBLEA 965;21C;50;11;0;0;0;39;260576.25;91212.02;34550.78;125762.8;0;0;0;0;0;0;0;0;169364.23;5393;7482;325221;;;A;A.MARTIN 601 Rep.Nro.: 0 Piso:  Dpto:, 6100 RUFINO CP:;
008286U;GUTIERREZ P DE ;Plan 50 ;ASAMBLEA 975;21AC;12;12;0;0;0;0;16910.67;16910.67;99756.9;116667.57;0;0;0;0;0;0;0;0;0;5393;7482;276785;;CALLE 02 ASAMBLEA 900 - 1000;A;A.MARTIN 601 Rep.Nro.: 0 Piso:  Dpto:, 6100RUFINO CP:;
008286U;GUTIERREZ P DE ;Ord. 3303/22 hormigon armado;ASAMBLEA 975;21AC;50;11;0;0;0;39;260576.25;91212.02;34550.78;125762.8;0;0;0;0;0;0;0;0;169364.23;5393;7482;325222;;;A;A.MARTIN 601 Rep.Nro.: 0 Piso:  Dpto:, 6100RUFINO CP:;
008287U;MAGRIS DARIO WALTER;Plan 50 ;ASAMBLEA 985;21C;1;0;1;0;0;0;9558.5;0;0;0;9558.5;0;0;9558.5;0;0;0;0;0;14619;14976;276085;;calle 02-asamblea 900-1000;A;BV.ESPAÑA 898 Rep.Nro.: 0 Piso:  Dpto:, 6100 RUFINO CP:;
008287U;MAGRIS DARIO WALTER;Ord. 3303/22 hormigon armado;ASAMBLEA 985;21C;50;0;50;0;0;0;233389.05;0;0;0;230788.15;4768.07;11304.34;246860.56;0;2600.9;0;0;0;14619;14976;325223;;;A;BV.ESPAÑA 898 Rep.Nro.: 0 Piso:  Dpto:, 6100 RUFINO CP:;
008288U;MAGRIS DARIO WALTER;Plan 50 ;ASAMBLEA 995;21C;1;0;1;0;0;0;9558.5;0;0;0;9558.5;0;0;9558.5;0;0;0;0;0;14619;14976;276086;;calle 02-asamblea 900-1000;A;BV.ESPAÑA 898 Rep.Nro.: 0 Piso:  Dpto:, 6100 RUFINO CP:;
008288U;MAGRIS DARIO WALTER;Plan 50 ;ASAMBLEA 995;21C;1;0;1;0;0;0;19117;0;0;0;19117;0;0;19117;0;0;0;0;0;14619;14976;276087;;calle 20 l. de la torre 500-600;A;BV.ESPAÑA 898 Rep.Nro.: 0 Piso:  Dpto:, 6100 RUFINO CP:;
008288U;MAGRIS DARIO WALTER;Ord. 3303/22 hormigon armado;ASAMBLEA 995;21C;50;0;50;0;0;0;233389.05;0;0;0;230788.15;4768.07;11304.34;246860.56;0;2600.9;0;0;0;14619;14976;325224;;;A;BV.ESPAÑA 898 Rep.Nro.: 0 Piso:  Dpto:, 6100 RUFINO CP:;
008289U;GUTIERREZ P./LUPPU J.;Plan 50 ;L.DE LA TORRE 580;21AC;12;0;12;0;0;0;14213.49;0;0;0;14213.49;0;3361.99;17575.48;0;0;0;0;0;5400;7485;276705;;CALLE- L. DE LA TORRE 500-600;A;L.DE LA TORRE 580 Rep.Nro.: 0 Piso:  Dpto:, 6100RUFINO CP:;
008290U;MORALES/OJEDA RAUL;Plan 50 ;L.DE LA TORRE 536;21AC;12;0;12;0;0;0;13960.07;0;0;0;13960.07;0;71.4;14031.47;0;0;0;0;0;7069;7486;276375;;"CALLE 20 - L.DE LA TORRE 500 - 600
";A;L.DE LA TORRE 544 Rep.Nro.: 0 Piso:  Dpto:, 6100RUFINO CP:;
008291U;MORALES JUAN A;Plan 50 ;L.DE LA TORRE 556;21AC;12;10;2;0;0;0;16721.77;14445.93;84723.72;99169.65;2275.84;0;978.05;3253.89;0;0;0;0;0;7054;7487;276703;;CALLE 20- L. DE LA TORRE 500-600;A;.PUCAINI 2481 Rep.Nro.: 0 Piso:  Dpto:, 1686HURLINGHAM CP:;
008292U;DIAZ ANGEL;Plan 50 ;L.DE LA TORRE 546;21AC;12;0;12;0;0;0;13685.38;0;0;0;13685.38;0;458.32;14143.7;0;0;0;0;0;3558;7488;275730;;CALLE 20 - L.DE LA TORRE 500 - 600;A;L.DE LA TORRE 546 Rep.Nro.: 0 Piso:  Dpto:, 6100RUFINO CP:;
008293U;GUTIERREZ P. DE;Plan 50 ;L.DE LA TORRE 564;21AC;12;12;0;0;0;0;16721.77;16721.77;98711.03;115432.8;0;0;0;0;0;0;0;0;0;5403;7489;276704;;CALLE 20- L. DE LA TORRE 500-600;A;L.DE LA TORRE 580 Rep.Nro.: 0 Piso:  Dpto:, 6100RUFINO CP:;
008294U;NAVILLI/CIPOLLONI MAURO;Plan 50 ;L.DE LA TORRE 520;21AC;12;12;0;0;0;0;16721.77;16721.77;98711.03;115432.8;0;0;0;0;0;0;0;0;0;7812;7490;276702;;CALLE 20 L. DE LATORRE 500-600;A;A.MARTIN 788 Rep.Nro.: 0 Piso:  Dpto:, 6100RUFINO CP:;
008295U;SANCHEZ/MARTINEZ LUCIANO;Plan 50 ;INDEPENDENCIA 996;21AC;36;6;30;0;0;0;41363.87;11420.63;54844.71;66265.34;29943.24;0;3655.09;33598.33;0;0;0;0;0;9987;7491;275732;;CALLE 20 - L.DE LA TORRE 500 - 600;A;INDEPENDENCIA Y L.DE LA TORRE Rep.Nro.: 0 Piso:  Dpto:, 6100 RUFINO CP:;
008295U;SANCHEZ/MARTINEZ LUCIANO;Plan 50 ;INDEPENDENCIA 996;21AC;36;6;30;0;0;0;20806.64;5744.7;27587.49;33332.19;15061.94;0;1844.46;16906.4;0;0;0;0;0;9987;7491;275736;;CALLE 28 - INDEPENDENCIA 900 - 1000;A;INDEPENDENCIA Y L.DE LA TORRE Rep.Nro.: 0 Piso:  Dpto:, 6100 RUFINO CP:;
008296U;LIETZMANN VANESA GRACIELA;Plan 50 ;INDEPENDENCIA 986;21AC;12;6;6;0;0;0;16667.16;9352.62;54030.23;63382.85;7314.54;0;432.7;7747.24;0;0;0;0;0;46264;48291;276371;;CALLE 28 - INDEPENDENCIA 900 - 1000;A;INDEPENDENCIA 986 Rep.Nro.: 0 Piso:  Dpto:, 6100RUFINO CP:;
008297U;LUJAN PESCE WALTER ;Plan 50 ;INDEPENDENCIA 970;21AC;12;0;12;0;0;0;16667.16;0;0;0;16667.16;0;3901.02;20568.18;0;0;0;0;0;6096;7493;276370;;CALLE 28 - INDEPENDENCIA 900 - 1000;A;INDEPENDENCIA 970 Rep.Nro.: 0 Piso:  Dpto:, 6100RUFINO CP:;
008298U;SERRA DOMINGO V.;Plan 50 ;INDEPENDENCIA 966;21AC;12;0;12;0;0;0;16910.67;0;0;0;16910.67;0;55061.99;71972.66;0;0;0;0;0;10222;7494;276773;;CALLE 28 - INDEPENDENCIA 900 - 1000;A;.ITALIA 127 Rep.Nro.: 0 Piso:  Dpto:, 6100RUFINO CP:;
008305U;ASCANO/CABRERA G A ;Pavimento Res. 046/2026;AYACUCHO 655;11AC;1;0;1;0;0;0;2033570;0;0;0;1830213;0;0;1830213;0;0;0;0;0;919;14828;379398;;;A;AYACUCHO 655 Rep.Nro.: 0 Piso:  Dpto:, 6100RUFINO CP:;
008306U;LUCERO RAMON ORLANDO;Pavimento Res. 046/2026;AYACUCHO 675;11AC;6;0;6;0;0;0;508392.48;0;0;0;84732.08;0;0;84732.08;0;423660.4;0;0;0;14589;13484;379509;;;B;AYACUCHO 675 Rep.Nro.: 0 Piso:  Dpto:, 6100RUFINO CP:;
008306U;LUCERO RAMON ORLANDO;Pavimento Res. 046/2026;AYACUCHO 675;11AC;6;0;6;0;0;0;406714.02;0;0;0;0;0;0;0;0;406714.02;0;0;0;14589;13484;380002;;;B;AYACUCHO 675 Rep.Nro.: 0 Piso:  Dpto:, 6100RUFINO CP:;
008306U;LUCERO RAMON ORLANDO;Pavimento Res. 046/2026;AYACUCHO 675;11AC;5;1;4;0;0;0;429252.73;86596.19;0;86596.19;340792.43;0;0;340792.43;0;1864.11;0;0;0;14589;13484;381161;;;A;AYACUCHO 675 Rep.Nro.: 0 Piso:  Dpto:, 6100RUFINO CP:;
008307U;HOLSTEIN JORGE OSCAR ;Pavimento Res. 046/2026;AYACUCHO 685;11AC;1;0;1;0;0;0;2033570;0;0;0;1830213;0;0;1830213;0;0;0;0;0;22871;23808;379953;;;A;ALAMOS 489 Rep.Nro.: 0 Piso:  Dpto:, 6100RUFINO CP:;
008308U;HOLSTEIN JORGE OSCAR ;Pavimento Res. 046/2026;AYACUCHO 695;11AC;6;1;5;0;0;0;476977.89;80361.26;0;80361.26;396616.63;0;7076.82;403693.45;0;0;0;0;0;22871;23808;380003;;;A;ALAMOS 489 Rep.Nro.: 0 Piso:  Dpto:, 6100RUFINO CP:;
008329U;MAGNANO RAUL OSCAR;C.C. Ord. 3081/2016;BERUTTI 698;8A;1;0;0;1;0;0;3849;0;0;0;0;0;0;0;0;0;3849;0;0;6169;7524;165584;;;A;BERUTTI 698 Rep.Nro.: 0 Piso:  Dpto:, 6100RUFINO;
008355U;CEBALLOS ANGEL;Plan 50 ;L.DE LA TORRE 355;26C;12;0;12;0;0;0;13655.04;0;0;0;0;0;0;0;0;13655.04;0;0;0;2647;7546;276700;;CALLE 18 L. DE LA TORRE 300-400;B;L.DE LA TORRE 355 Rep.Nro.: 0 Piso:  Dpto:, 6100RUFINO CP:;
008355U;CEBALLOS ANGEL;Plan 50 ;L.DE LA TORRE 355;26C;12;0;12;0;0;0;13404.6;0;0;0;0;0;0;0;0;13404.6;0;0;0;2647;7546;277288;;CALLE 18 - L.DE LA TORRE 300 - 400;B;L.DE LA TORRE 355 Rep.Nro.: 0 Piso:  Dpto:, 6100RUFINO CP:;
008355U;CEBALLOS ANGEL;Plan 50 ;L.DE LA TORRE 355;26C;36;34;2;0;0;0;24691.26;23932.64;125225.24;149157.88;758.62;0;0;758.62;0;0;0;0;0;2647;7546;277717;;CALLE 18 - L. DE LA TORRE 300 - 400;A;L.DE LA TORRE 355 Rep.Nro.: 0 Piso:  Dpto:, 6100RUFINO CP:;
008356U;CAMPAL GUILLERMO ALBERTO;Plan 50 ;L.DE LA TORRE 365;26C;24;0;24;0;0;0;14433.17;0;0;0;14341.58;0;431.14;14772.72;0;91.59;0;0;0;27388;28006;275457;;CALLE 18 - L.DE LA TORRE 300 - 400;A;L.DE LA TORRE 365 Rep.Nro.: 0 Piso:  Dpto:, 6100 RUFINO CP:;
008357U;MEJIAS FIDEL/MANSILLA;Plan 50 ;L.DE LA TORRE 375;26C;1;0;1;0;0;0;4230;0;0;0;4230;0;0;4230;0;0;0;0;0;6722;7548;275677;;calle 18 l. de la torre 300-400;A;L.DE LA TORRE 375 Rep.Nro.: 0 Piso:  Dpto:, 6100RUFINO CP:;
008358U;D'AMELIO RODOLFO;Plan 50 ;L.DE LA TORRE 381;26C;36;26;10;0;0;0;21607.45;17697.21;90432.12;108129.33;3910.24;0;304.62;4214.86;0;0;0;0;0;3343;15647;275270;;CALLE 18 - L.DE LA TORRE 300 - 400;A;L.DE LA TORRE 381 Rep.Nro.: 0 Piso:  Dpto:, 6100RUFINO CP:;
008359U;GOMEZ RAFAEL/CALVI DAVI;Plan 50 ;FERRARI.1011;26C;12;12;0;0;0;0;23410.4;23410.4;138195;161605.4;0;0;0;0;0;0;0;0;0;5022;7549;276701;;CALLE 18 L. DE LA TORRE 300-400;A;FERRARI.1011 Rep.Nro.: 0 Piso:  Dpto:, 6100RUFINO CP:;
008359U;GOMEZ RAFAEL/CALVI DAVI;Plan 50 ;FERRARI.1011;26C;12;12;0;0;0;0;25366.02;25366.02;149635.46;175001.48;0;0;0;0;0;0;0;0;0;5022;7549;276935;;CALLE 32 - FERRARI 1000 - 1100;A;FERRARI.1011 Rep.Nro.: 0 Piso:  Dpto:, 6100RUFINO CP:;
008360U;RODRIGUEZ MIGUEL A;Plan 50 ;FERRARI.1023;26C;36;0;36;0;0;0;31377.16;0;0;0;31377.16;0;13382.01;44759.17;0;0;0;0;0;9465;7550;275288;;CALLE 32 - FERRARI 1000 - 1100;A;FERRARI.1023 Rep.Nro.: 0 Piso:  Dpto:, 6100RUFINO CP:;
008361U;LOPEZ DEMETRIO;Plan 50 ;FERRARI.1033;26C;24;24;0;0;0;0;14120.89;14120.89;79022.12;93143.01;0;0;0;0;0;0;0;0;0;5978;7551;275289;;CALLE 32 - FERRARI 1000 - 1100;A;FERRARI.1033 Rep.Nro.: 0 Piso:  Dpto:, 6100RUFINO CP:;
008362U;MARTIN/CROCCO MC;Plan 50 ;FERRARI.1045;26C;36;33;3;0;0;0;17944.11;16742.64;87597.78;104340.42;1201.47;0;22.52;1223.99;0;0;0;0;0;6519;7552;275458;;CALLE 32 - FERRARI 1000 - 1100;A;FERRARI.1045 Rep.Nro.: 0 Piso:  Dpto:, 6100RUFINO CP:;
008363U;AZCURRA MIGUEL ;Plan 50 ;FERRARI.1057;26C;36;0;36;0;0;0;13708.35;0;0;0;0;0;0;0;0;13708.35;0;0;0;1027;7554;275290;;CALLE 32 - FERRARI 1000 - 1100;B;FERRARI.1065 Rep.Nro.: 0 Piso:  Dpto:, 6100RUFINO CP:;
008363U;AZCURRA MIGUEL ;Plan 50 ;FERRARI.1057;26C;36;0;36;0;0;0;9497.55;0;0;0;9497.55;0;1152.32;10649.87;0;0;0;0;0;1027;7554;291239;;CALLE 32 - FERRARI 1000 - 1100;A;FERRARI.1065 Rep.Nro.: 0 Piso:  Dpto:, 6100RUFINO CP:;
008364U;AZCURRA MIGUEL ;Plan 50 ;FERRARI.1065;26C;36;0;36;0;0;0;13708.35;0;0;0;0;0;0;0;0;13708.35;0;0;0;1027;7554;275291;;CALLE 32 - FERRARI 1000 - 1100;B;FERRARI.1065 Rep.Nro.: 0 Piso:  Dpto:, 6100RUFINO CP:;
008364U;AZCURRA MIGUEL ;Plan 50 ;FERRARI.1065;26C;36;0;36;0;0;0;9501.03;0;0;0;9501.03;0;1423.58;10924.61;0;0;0;0;0;1027;7554;291240;;CALLE 32 - FERRARI 1000 - 1100;A;FERRARI.1065 Rep.Nro.: 0 Piso:  Dpto:, 6100RUFINO CP:;
008365U;FERRARI DANIEL ANIBAL;Plan 50 ;FERRARI.1085;26C;12;0;12;0;0;0;25366.02;0;0;0;25366.02;0;89776.74;115142.76;0;0;0;0;0;4102;15648;276937;;CALLE 32 - FERRARI 1000 - 1100;A;FERRARI.1085 Rep.Nro.: 0 Piso:  Dpto:, 6100RUFINO CP:;
008370U;QUIROZ RAMON C;Plan 50 ;F.A.GARIN 675;10A;1;0;1;0;0;0;10650.9;0;0;0;10650.9;0;0;10650.9;0;0;0;0;0;9010;7559;276014;;CALLE 49 F.A GARIN 600-700;A;F.A.GARIN 675 Rep.Nro.: 0 Piso:  Dpto:, 6100RUFINO CP:;
008371U;FRAGANTE NORMA DE;Plan 50 ;F.A.GARIN 685;10A;1;0;1;0;0;0;8602.65;0;0;0;8602.65;0;0;8602.65;0;0;0;0;0;4267;5564;274371;;;A;F.A.GARIN 657 Rep.Nro.: 0 Piso: - Dpto:, 6100RUFINO CP:;
008372U;WHEELER/CORNEJO RODOLFO;Plan 50 ;F.A.GARIN 695;10A;12;12;0;0;0;0;48330.63;48330.63;285104.85;333435.48;0;0;0;0;0;0;0;0;0;11418;7561;276638;;CALLE 40 - SAN LORENZO 800 - 900;A;ALFANI 692 Rep.Nro.: 0 Piso:  Dpto:, 6100RUFINO CP:;
008372U;WHEELER/CORNEJO RODOLFO;Plan 50 ;F.A.GARIN 695;10A;12;12;0;0;0;0;16420.23;16420.23;96785.44;113205.67;0;0;0;0;0;0;0;0;0;11418;7561;277252;;CALLE 49 - F.A.GARIN 600 - 700;A;ALFANI 692 Rep.Nro.: 0 Piso:  Dpto:, 6100RUFINO CP:;
008384U;GIZZI MARIA DE LOURDES;C.C. Ord. 3081/2016;AZCUENAGA 564;5B;1;0;0;1;0;0;1539.6;0;0;0;0;0;0;0;0;0;1539.6;0;0;4967;7572;167889;;;A;B.FERREYRA 251 DTO C Rep.Nro.: 0 Piso:  Dpto:, 6100RUFINO;
008384U;GIZZI MARIA DE LOURDES;Pavimento Res. 046/2026;AZCUENAGA 564;5B;6;6;0;0;0;0;328950.87;328950.87;64037.71;392988.58;0;0;0;0;0;0;0;0;0;4967;7572;380116;;;A;B.FERREYRA 251 DTO C Rep.Nro.: 0 Piso:  Dpto:, 6100RUFINO CP:;
008490U;REY CESAR;C.C. Ord. 3081/2016;FORMOSA 690;26A;1;0;0;1;0;0;3849;0;0;0;0;0;0;0;0;0;3849;0;0;9226;7662;166312;;;A;FORMOSA 690 Rep.Nro.: 0 Piso:  Dpto:, 6100RUFINO;
008491U;SIGNORILE ALBERTO;C.C. Ord. 3081/2016;SAN GERONIMO 375;26A;1;0;0;1;0;0;1924.5;0;0;0;0;0;0;0;0;0;1924.5;0;0;10267;6242;166316;;;A;BV.ESPA#A 488 Rep.Nro.: 0 Piso:  Dpto:, 6100RUFINO;
008492U;SIGNORILE ALBERTO;C.C. Ord. 3081/2016;SAN GERONIMO 365;26A;1;0;0;1;0;0;1924.5;0;0;0;0;0;0;0;0;0;1924.5;0;0;10267;6242;166317;;;A;.ESPA#A 488 Rep.Nro.: 0 Piso:  Dpto:, 6100RUFINO;
008493U;LOPEZ ALVAREZ LUIS;C.C. Ord. 3081/2016;SAN GERONIMO 351;26A;1;0;0;1;0;0;1924.5;0;0;0;0;0;0;0;0;0;1924.5;0;0;5956;7666;166318;;;A;SAN GERONIMO 351 Rep.Nro.: 0 Piso:  Dpto:, 6100RUFINO;
008494U;LOPEZ ALVAREZ LUIS;C.C. Ord. 3081/2016;SAN GERONIMO 341;26A;1;0;0;1;0;0;1924.5;0;0;0;0;0;0;0;0;0;1924.5;0;0;5956;7666;166319;;;A;SAN GERONIMO 351 Rep.Nro.: 0 Piso:  Dpto:, 6100RUFINO;
008495U;SIGNORILE ALBERTO;C.C. Ord. 3081/2016;SAN GERONIMO 331;26A;1;0;0;1;0;0;1924.5;0;0;0;0;0;0;0;0;0;1924.5;0;0;10267;6242;166320;;;A;.ESPA#A 488 Rep.Nro.: 0 Piso:  Dpto:, 6100RUFINO;
008496U;SIGNORILE ALBERTO;C.C. Ord. 3081/2016;SAN GERONIMO 321;26A;1;0;0;1;0;0;1924.5;0;0;0;0;0;0;0;0;0;1924.5;0;0;10267;6242;166321;;;A;.SANTA FE 159 Rep.Nro.: 0 Piso:  Dpto:, 6100RUFINO;
008497U;JUAREZ RAUL;C.C. Ord. 3081/2016;SAN GERONIMO 305;26A;1;0;0;1;0;0;3849;0;0;0;0;0;0;0;0;0;3849;0;0;5719;7669;166323;;;A;SAN GERONIMO 345 Rep.Nro.: 0 Piso:  Dpto:, 6100RUFINO;
008530U;ANDRICH OSCAR ;C.C. Ord. 3081/2016;BENITO A.BIANCO 625;26B;1;0;0;1;0;0;2309.4;0;0;0;0;0;0;0;0;0;2309.4;0;0;590;7701;167770;;;A;BENITO A.BIANCO 625 Rep.Nro.: 0 Piso:  Dpto:, 6100RUFINO;
008531U;CABRERA ROBERTO;C.C. Ord. 3081/2016;FALUCHO 234;26B;1;0;0;1;0;0;1924.5;0;0;0;0;0;0;0;0;0;1924.5;0;0;2206;15659;167768;;;A;FALUCHO 260 Rep.Nro.: 0 Piso:  Dpto:, 6100RUFINO;
008532U;SALAZAR ALBERTO AGUSTIN;C.C. Ord. 3081/2016;FALUCHO 244;26B;1;0;0;1;0;0;1924.5;0;0;0;0;0;0;0;0;0;1924.5;0;0;9836;7702;167767;;;A;FALUCHO 244 Rep.Nro.: 0 Piso:  Dpto:, 6100RUFINO;
008533U;SAGANIAS LFDE ;C.C. Ord. 3081/2016;FALUCHO 256;26B;1;0;0;1;0;0;1924.5;0;0;0;0;0;0;0;0;0;1924.5;0;0;9822;15660;167766;;;A;FALUCHO 256 Rep.Nro.: 0 Piso:  Dpto:, 6100RUFINO;
008534U;COPPINI PEDRO JA;C.C. Ord. 3081/2016;R.ESCALADA 610;26B;1;0;0;1;0;0;7698;0;0;0;0;0;0;0;0;0;7698;0;0;3094;7703;167765;;;A;TILOS 233 Rep.Nro.: 0 Piso:  Dpto:, 6100RUFINO;
008547U;CHARRUFF EMILIO ;Cordon Cuneta;FALUCHO 305;26C;34;34;0;0;0;0;680;680;8406.38;9086.38;0;0;0;0;0;0;0;0;0;2743;8328;233641;;;A;FALUCHO 305 Rep.Nro.: 0 Piso:  Dpto:, 6100-RUFINO;
008560U;RIGHETTI MIGUEL;C.C. Ord. 3081/2016;FALUCHO 285;26D;1;0;0;1;0;0;6735.75;0;0;0;0;0;0;0;0;0;6735.75;0;0;9285;7729;167771;;;A;FALUCHO 285 Rep.Nro.: 0 Piso:  Dpto:, 6100RUFINO;
008561U;BACCARO/DIAZ FRANCISCO;C.C. Ord. 3081/2016;FALUCHO 261;26D;1;0;0;1;0;0;2886.75;0;0;0;0;0;0;0;0;0;2886.75;0;0;1043;14832;167772;;;A;FALUCHO 260 Rep.Nro.: 0 Piso:  Dpto:, 6100RUFINO;
008562U;HIRIART J/PALACIOS EUSE;C.C. Ord. 3081/2016;FALUCHO 241;26D;1;0;0;1;0;0;2886.75;0;0;0;0;0;0;0;0;0;2886.75;0;0;5484;7730;167773;;;A;VICTORERO 635 Rep.Nro.: 0 Piso:  Dpto:, 6100RUFINO;
008563U;RIVAROLA GABRIEL;C.C. Ord. 3081/2016;FALUCHO 231;26D;1;0;0;1;0;0;2886.75;0;0;0;0;0;0;0;0;0;2886.75;0;0;9353;7731;167775;;;A;FALUCHO 231 Rep.Nro.: 0 Piso:  Dpto:, 6100RUFINO;
008564U;BACARO/POLO RICARDO A;C.C. Ord. 3081/2016;BENITO A.BIANCO 595;26D;1;0;0;1;0;0;3849;0;0;0;0;0;0;0;0;0;3849;0;0;1042;7732;167776;;;A;BENITO A.BIANCO 595 Rep.Nro.: 0 Piso:  Dpto:, 6100RUFINO;
008568U;JAIME H;C.C. Ord. 3081/2016;FALUCHO 220;26B;1;0;0;1;0;0;3464.1;0;0;0;0;0;0;0;0;0;3464.1;0;0;5684;7736;167769;;;A;FALUCHO 220 Rep.Nro.: 0 Piso:  Dpto:, 6100RUFINO;
008636U;ISASI ANTONIO E;C.C. Ord. 3081/2016;R.ESCALADA 705;27C;1;0;0;1;0;0;1924.5;0;0;0;0;0;0;0;0;0;1924.5;0;0;5660;7797;166340;;;A;PUEYRREDON 273 Rep.Nro.: 0 Piso:  Dpto:, 6100RUFINO;
008637U;GONZALEZ LUIS A;C.C. Ord. 3081/2016;SAN GERONIMO 316;27C;1;0;0;1;0;0;1924.5;0;0;0;0;0;0;0;0;0;1924.5;0;0;5146;7798;166339;;;A;SAN GERONIMO 316 Rep.Nro.: 0 Piso:  Dpto:, 6100RUFINO;
008638U;GONZALEZ JOSE LUIS;C.C. Ord. 3081/2016;SAN GERONIMO 326;27C;1;0;0;1;0;0;1924.5;0;0;0;0;0;0;0;0;0;1924.5;0;0;7830;7799;166338;;;A;SAN GERONIMO 316 Rep.Nro.: 0 Piso:  Dpto:, 6100RUFINO;
008639U;CUFRE OSCAR A;C.C. Ord. 3081/2016;SAN GERONIMO 336;27C;1;0;0;1;0;0;1924.5;0;0;0;0;0;0;0;0;0;1924.5;0;0;3309;7121;166337;;;A;J.MORAN 495 Rep.Nro.: 0 Piso:  Dpto:, 6100RUFINO;
008640U;ALEGRE DAMIAN ALEJANDRO;C.C. Ord. 3081/2016;SAN GERONIMO 346;27C;1;0;0;1;0;0;1924.5;0;0;0;0;0;0;0;0;0;1924.5;0;0;343;7801;166331;;;A;SAN GERONIMO 346 Rep.Nro.: 0 Piso:  Dpto:, 6100RUFINO;
008641U;LEAL JORGE A;C.C. Ord. 3081/2016;SAN GERONIMO 356;27C;1;0;0;1;0;0;1924.5;0;0;0;0;0;0;0;0;0;1924.5;0;0;5842;7802;166328;;;A;SAN GERONIMO 340 Rep.Nro.: 0 Piso:  Dpto:, 6100RUFINO;
008642U;CUFRE OSCAR A;C.C. Ord. 3081/2016;SAN GERONIMO 366;27C;1;0;0;1;0;0;1924.5;0;0;0;0;0;0;0;0;0;1924.5;0;0;3309;7121;166327;;;A;FORMOSA 775 Rep.Nro.: 0 Piso:  Dpto:, 6100RUFINO;
008643U;CUFRE OSCAR/ SALCEDO S;C.C. Ord. 3081/2016;SAN GERONIMO 376;27C;1;0;0;1;0;0;1924.5;0;0;0;0;0;0;0;0;0;1924.5;0;0;3312;7804;166326;;;A;FORMOSA 730 Rep.Nro.: 0 Piso:  Dpto:, 6100RUFINO;
008644U;CUFRE/SANDOVAL JUAN C;C.C. Ord. 3081/2016;SAN GERONIMO 386;27C;1;0;0;1;0;0;1924.5;0;0;0;0;0;0;0;0;0;1924.5;0;0;3315;7805;166325;;;A;J.MORAN 495 Rep.Nro.: 0 Piso:  Dpto:, 6100RUFINO;
008645U;GUIÑAZU GUSTAVO A ;C.C. Ord. 3081/2016;SAN GERONIMO 396;27C;1;0;0;1;0;0;1924.5;0;0;0;0;0;0;0;0;0;1424.5;0;0;5365;15667;166324;;;A;SAN GERONIMO 396 Rep.Nro.: 0 Piso:  Dpto:, 6100RUFINO;
008677U;URTIAGA/PEREYRA SUSANA;C.C. Ord. 3081/2016;LAS HERAS 385;04D;1;0;0;1;0;0;1924.5;0;0;0;0;0;0;0;0;0;1924.5;0;0;11034;15669;165576;;;A;LAS HERAS 385 Rep.Nro.: 0 Piso:  Dpto:, 6100RUFINO;
008678U;TOLENTINATTI PEDRO U;C.C. Ord. 3081/2016;LAS HERAS 395;04D;1;0;0;1;0;0;1924.5;0;0;0;0;0;0;0;0;0;1924.5;0;0;10873;7836;165577;;;A;LAS HERAS 395 Rep.Nro.: 0 Piso:  Dpto:, 6100RUFINO;
008748U;GUIÑAZU/LATERZA;C.C. Ord. 3081/2016;LAS HERAS 346;3B;1;0;0;1;0;0;5773.5;0;0;0;0;0;0;0;0;0;5773.5;0;0;5369;7904;165563;;;A;LAS HERAS 346 Rep.Nro.: 0 Piso:  Dpto:, 6100RUFINO;
008784U;URTIAGA ALFREDO ;C.C. Ord. 3081/2016;LAS HERAS 375;04D;1;0;0;1;0;0;1924.5;0;0;0;0;0;0;0;0;0;1924.5;0;0;19922;22382;165575;;;A;LAS HERAS 370 Rep.Nro.: 0 Piso:  Dpto:, 6100RUFINO;
008785U;BASCONCELO/URTIAGA A;C.C. Ord. 3081/2016;LAS HERAS 365;4D;1;0;0;1;0;0;1924.5;0;0;0;0;0;0;0;0;0;1924.5;0;0;1363;7938;165574;;;A;LAS HERAS 365 Rep.Nro.: 0 Piso:  Dpto:, 6100RUFINO;
008786U;ARAGRO SRL;PAVIMENTO CALLE SANTA ROSA;ARENALES 021;05B;48;0;48;0;0;0;6003461.01;0;0;0;6003461.01;0;266696.7;6270157.71;0;0;0;0;0;13287;14989;308728;;"Pavimento en Arenales 021 - No se presento
";A;IRIGOYEN 162 1RO.A Rep.Nro.: 0 Piso:  Dpto:, 6100RUFINO CP:;
008786U;ARAGRO SRL;PAVIMENTO CALLE ARENALES;ARENALES 021;05B;48;0;48;0;0;0;549450.24;0;0;0;0;0;0;0;0;549450.24;0;0;0;13287;14989;309297;;Pavimento Calle Arenales;B;IRIGOYEN 162 1RO.A Rep.Nro.: 0 Piso:  Dpto:, 6100RUFINO CP:;
008786U;ARAGRO SRL;PAVIMENTO CALLE ARENALES;ARENALES 021;05B;48;0;48;0;0;0;228439.2;0;0;0;0;0;0;0;0;228439.2;0;0;0;13287;14989;316151;;;B;IRIGOYEN 162 1RO.A Rep.Nro.: 0 Piso:  Dpto:, 6100RUFINO CP:;
008786U;ARAGRO SRL;PAVIMENTO CALLE ARENALES;ARENALES 021;05B;48;0;48;0;0;0;1425454.69;0;0;0;1425454.69;0;32897.11;1458351.8;0;0;0;0;0;13287;14989;316153;;;A;IRIGOYEN 162 1RO.A Rep.Nro.: 0 Piso:  Dpto:, 6100RUFINO CP:;
008790U;REYNOSO EUSEBIO OBERMELLE;PAVIMENTO CALLE SANTA ROSA;SANTA ROSA 485;06C;48;48;0;0;0;0;373477.4;373477.4;778895.35;1152372.75;0;0;0;0;0;0;0;0;0;9239;7942;308727;;"Pavimento en Calle Santa Rosa 485 - No se presento
";A;SANTA ROSA 485 Rep.Nro.: 0 Piso:  Dpto:, 6100RUFINO CP:;
008791U;CROCCO ESTEBAN;PAVIMENTO CALLE SANTA ROSA;SANTA ROSA 465;06C;48;47;1;0;0;0;373439.94;372191.19;772628.93;1144820.12;1248.75;0;0;1248.75;0;0;0;0;0;3256;7943;308726;;"Pavimento en Calle Santa Rosa 465 - No se presento
";A;SANTA ROSA 465 Rep.Nro.: 0 Piso:  Dpto:, 6100RUFINO CP:;
008792U;SQUADRONE/PIRLES JUAN;PAVIMENTO CALLE SANTA ROSA;SANTA ROSA 455;06C;48;0;48;0;0;0;59940;0;0;0;0;0;0;0;0;59940;0;0;0;3933;7944;308739;;Pavimento en Calle Santa Rosa 455 - No se presento;B;SANTA ROSA 455 Rep.Nro.: 0 Piso:  Dpto:, 6100RUFINO CP:;
008792U;SQUADRONE/PIRLES JUAN;PAVIMENTO CALLE SANTA ROSA;SANTA ROSA 455;06C;12;0;12;0;0;0;71352.76;0;0;0;71352.76;0;966.89;72319.65;0;0;0;0;0;3933;7944;308751;;Pavimento en Calle Santa Rosa 455 - No se presento;A;SANTA ROSA 455 Rep.Nro.: 0 Piso:  Dpto:, 6100RUFINO CP:;
008793U;CUERVO MIGUEL ANGEL;PAVIMENTO CALLE SANTA ROSA;SANTA ROSA 449;6C;48;0;48;0;0;0;398847.53;0;0;0;398847.53;0;37328.98;436176.51;0;0;0;0;0;24091;25039;308725;;"Pavimento en Calle Santa Rosa 449 - No se presento
";A;SANTA ROSA 449 Rep.Nro.: 0 Piso:  Dpto:, 6100RUFINO CP:;
008795U;BECERRA ANTONIO F;PAVIMENTO CALLE SANTA ROSA;SANTA ROSA 577;06D;48;31;17;0;0;0;248137.07;228536.91;428414.5;656951.41;19600.16;0;1589.42;21189.58;0;0;0;0;0;1455;7947;308736;;Pavimento en Calle Santa Rosa 577 - No se presento;A;SANTA ROSA 569 Rep.Nro.: 0 Piso:  Dpto:, 6100RUFINO CP:;
008843U;LUCERO PEDRO SUC;C.C. Ord. 3081/2016;LAVALLEJA 685;8A;1;0;0;1;0;0;7698;0;0;0;0;0;0;0;0;0;7698;0;0;6063;7992;165589;;;A;LAVALLEJA 685 Rep.Nro.: 0 Piso:  Dpto:, 6100RUFINO;
008926U;ABRAHAM YAMIL ;C.C. Ord. 3081/2016;BERUTTI 721;9C;1;0;0;1;0;0;9649.45;0;0;0;0;0;0;0;0;0;9649.45;0;0;88;8021;165590;;;A;BERUTTI 721 Rep.Nro.: 0 Piso:  Dpto:, 6100RUFINO;
008940U;SEGOVIA TORRES RICARDO;C.C. Ord. 3081/2016;LAVALLEJA 701;9C;1;0;0;1;0;0;3106.15;0;0;0;0;0;0;0;0;0;3106.15;0;0;10154;8086;165598;;;A;LAS HERAS 495 Rep.Nro.: 0 Piso:  Dpto:, 6100RUFINO;
008941U;ABRAHAM/TORRES RICARDO;C.C. Ord. 3081/2016;LAS HERAS 481;9C;1;0;0;1;0;0;1635.82;0;0;0;0;0;0;0;0;0;1635.82;0;0;132;8087;165597;;;A;LAS HERAS 481 Rep.Nro.: 0 Piso:  Dpto:, 6100RUFINO;
008942U;ABRAHAM/BENITEZ BLANCA;C.C. Ord. 3081/2016;LAS HERAS 471;9C;1;0;0;1;0;0;1635.82;0;0;0;0;0;0;0;0;0;1635.82;0;0;101;8088;165596;;;A;LAS HERAS 471 Rep.Nro.: 0 Piso:  Dpto:, 6100RUFINO;
008943U;ABRAHAM/BENITEZ BLANCA;C.C. Ord. 3081/2016;LAS HERAS 463;9C;1;0;0;1;0;0;1635.82;0;0;0;0;0;0;0;0;0;1635.82;0;0;101;8088;165594;;;A;LAS HERAS 471 Rep.Nro.: 0 Piso:  Dpto:, 6100RUFINO;
008944U;ABRAHAM/VARGAS HECTOR;C.C. Ord. 3081/2016;LAS HERAS 455;9C;1;0;0;1;0;0;1635.82;0;0;0;0;0;0;0;0;0;1635.82;0;0;133;8090;165591;;;A;LAS HERAS 455 Rep.Nro.: 0 Piso:  Dpto:, 6100RUFINO;
008979U;MUNIC/MORA NESTOR;PAVIMENTO CALLE ARENALES;SANTA ROSA 610;10AB;48;0;48;0;0;0;34543.2;0;0;0;0;0;0;0;0;34543.2;0;0;0;7394;15679;309299;;;B;SANTA ROSA 610 Rep.Nro.: 0 Piso:  Dpto:, 6100 RUFINO CP:;
008979U;MUNIC/MORA NESTOR;PAVIMENTO CALLE ARENALES;SANTA ROSA 610;10AB;1;0;1;0;0;0;10046.53;0;0;0;10046.53;0;0;10046.53;0;0;0;0;0;7394;15679;309399;;;A;SANTA ROSA 610 Rep.Nro.: 0 Piso:  Dpto:, 6100 RUFINO CP:;
009086U;LOPEZ GEVO M;Plan 50 ;GUEMES 605;20BD;12;12;0;0;0;0;84553.11;84553.11;498783.12;583336.23;0;0;0;0;0;0;0;0;0;5984;2903;276758;;CALLE 02 ASAMBLEA 900 - 1000;A;GUEMES 606 Rep.Nro.: 0 Piso:  Dpto:, 6100RUFINO CP:;
009086U;LOPEZ GEVO M;Ord. 3303/22 hormigon armado;GUEMES 605;20BD;50;11;0;0;0;39;1302884.55;456061.13;172754.23;628815.36;0;0;0;0;0;0;0;0;846823.42;5984;2903;325225;;;A;GUEMES 605 Rep.Nro.: 0 Piso:  Dpto:, 6100 RUFINO CP:;
009087U;FERRERO CAMILO;Plan 50 ;GUEMES 456;21B;12;12;0;0;0;0;16910.67;16910.67;99756.9;116667.57;0;0;0;0;0;0;0;0;0;4121;6612;276776;;CALLE 23 - GUEMES 400 - 500;A;CATAMARCA 370 Rep.Nro.: 0 Piso:  Dpto:, 6100 RUFINO CP:;
009088U;BITERI LUIS ;Plan 50 ;INDEPENDENCIA 845;21B;36;0;36;0;0;0;11606.76;0;0;0;0;0;0;0;0;11606.76;0;0;0;1746;8228;275285;;CALLE 29 - INDEPENDENCIA 800 - 900;B;INDEPENDENCIA 845 Rep.Nro.: 0 Piso:  Dpto:, 6100RUFINO CP:;
009088U;BITERI LUIS ;Plan 50 ;INDEPENDENCIA 845;21B;36;26;10;0;0;0;10565.88;8638.56;44124.35;52762.91;1927.32;0;250.41;2177.73;0;0;0;0;0;1746;8228;276222;;CALLE 29 - INDEPENDENCIA 800 - 900;A;INDEPENDENCIA 845 Rep.Nro.: 0 Piso:  Dpto:, 6100RUFINO CP:;
009089U;VEGA ADRIAN B.;Plan 50 ;INDEPENDENCIA 895;21B;12;12;0;0;0;0;50731.89;50731.89;299270.02;350001.91;0;0;0;0;0;0;0;0;0;11147;8229;276779;;CALLE 23 - GUEMES 400 - 500;A;.ITALIA 127 Rep.Nro.: 0 Piso:  Dpto:, 6100RUFINO CP:;
009089U;VEGA ADRIAN B.;Plan 50 ;INDEPENDENCIA 895;21B;12;12;0;0;0;0;16910.67;16910.67;99756.9;116667.57;0;0;0;0;0;0;0;0;0;11147;8229;276853;;CALLE 29 - INDEPENDENCIA 800 - 900;A;.ITALIA 127 Rep.Nro.: 0 Piso:  Dpto:, 6100RUFINO CP:;
009090U;COCERES JRDE;Plan 50 ;INDEPENDENCIA 885;21B;12;12;0;0;0;0;16910.67;16910.67;99756.9;116667.57;0;0;0;0;0;0;0;0;0;3023;8230;276851;;CALLE 29 - INDEPENDENCIA 800 - 900;A;INDEPENDENCIA 885 Rep.Nro.: 0 Piso:  Dpto:, 6100RUFINO CP:;
009091U;AUMADA/CORIA ISIDRO ;Plan 50 ;INDEPENDENCIA 875;21B;12;12;0;0;0;0;16910.67;16910.67;99756.9;116667.57;0;0;0;0;0;0;0;0;0;966;8231;276850;;CALLE 29 - INDEPENDENCIA 800 - 900;A;INDEPENDENCIA 875 Rep.Nro.: 0 Piso:  Dpto:, 6100RUFINO CP:;
009092U;MALDONADO SILVIA A;Plan 50 ;INDEPENDENCIA 865;21B;24;0;24;0;0;0;15628.2;0;0;0;15628.2;0;116.94;15745.14;0;0;0;0;0;6264;8232;275286;;CALLE 29 - INDEPENDENCIA 800 - 900;A;INDEPENDENCIA 865 Rep.Nro.: 0 Piso:  Dpto:, 6100 RUFINO CP:;
009093U;LAFON/BARINAGA LORENA;Plan 50 ;INDEPENDENCIA 855;21B;36;0;36;0;0;0;24860.54;0;0;0;24860.54;0;13799.07;38659.61;0;0;0;0;0;5786;6613;276363;;CALLE 29 - INDEPENDENCIA 800 - 900;A;SANTA FE 375 Rep.Nro.: 0 Piso:  Dpto:, 6100RUFINO CP:;
009094U;ITHURBIDE JCY D;Plan 50 ;SARG.CABRAL 557;21AC;36;0;36;0;0;0;6710.24;0;0;0;6710.24;0;1631.88;8342.12;0;0;0;0;0;5673;8234;276365;;CALLE 41 - SARG.CABRAL 500 - 600;A;SARG.CABRAL 557 Rep.Nro.: 0 Piso:  Dpto:, 6100RUFINO CP:;
009095U;FRANQUINI ANA HERMINIA;Plan 50 ;INDEPENDENCIA 866;21A;48;48;0;0;0;0;34256.87;34256.87;164271.11;198527.98;0;0;0;0;0;0;0;0;0;39743;40541;276003;;CALLE 29 - INDEPENDENCIA 800 - 900;A;SARG.CABRAL 545 Rep.Nro.: 0 Piso:  Dpto:, 6100RUFINO CP:;
009096U;MORENO MARIA DEL PILAR;Plan 50 ;INDEPENDENCIA 880;21AC;12;0;12;0;0;0;25366.02;0;0;0;25366.02;0;669.1;26035.12;0;0;0;0;0;35446;36013;276837;;CALLE 29 - INDEPENDENCIA 800 - 900;A;JUJUY 404 Rep.Nro.: 0 Piso:  Dpto:, 6100RUFINO CP:;
009097U;OCHOA/SOSA ALEJANDRA;Plan 50 ;INDEPENDENCIA 896;21AC;12;0;12;0;0;0;25000.75;0;0;0;25000.75;0;1638.94;26639.69;0;0;0;0;0;7991;8237;276839;;CALLE 29 - INDEPENDENCIA 800 - 900;A;CARBALLEIRA 792 Rep.Nro.: 0 Piso:  Dpto:, 6100RUFINO CP:;
009098U;BERGAGLIO/ GOMEZ RUBEN;Plan 50 ;INDEPENDENCIA 920;21AC;12;0;12;0;0;0;58033.8;0;0;0;0;0;0;0;0;58033.8;0;0;0;1576;8238;276765;;CALLE 28 - INDEPENDENCIA 900 - 1000;B;GRAL.PAZ 170 Rep.Nro.: 0 Piso:  Dpto:, 6100RUFINO CP:;
009098U;BERGAGLIO/ GOMEZ RUBEN;Plan 50 ;INDEPENDENCIA 920;21AC;60;6;54;0;0;0;555590.12;280654.04;665469.51;946123.55;281430.21;0;111379.26;392809.47;0;0;0;0;0;1576;8238;284140;;CALLE 28 - INDEPENDENCIA 900 - 1000 AUTOR. EXPTE 754/19;A;GRAL.PAZ 170 Rep.Nro.: 0 Piso:  Dpto:, 6100RUFINO CP:;
009099U;SERRA TULIAN  Y GAITAN;Plan 50 ;INDEPENDENCIA 956;21AC;12;0;12;0;0;0;15940.83;0;0;0;0;0;0;0;0;15940.83;0;0;0;10224;8239;276767;;CALLE 28 - INDEPENDENCIA 900 - 1000;B;INDEPENDENCIA 956 Rep.Nro.: 0 Piso:  Dpto:, 6100RUFINO CP:;
009099U;SERRA TULIAN  Y GAITAN;Plan 50 ;INDEPENDENCIA 956;21AC;12;0;12;0;0;0;7970.61;0;0;0;7970.61;0;26779.95;34750.56;0;0;0;0;0;10224;8239;291215;;CALLE 28 - INDEPENDENCIA 900 - 1000;A;INDEPENDENCIA 956 Rep.Nro.: 0 Piso:  Dpto:, 6100RUFINO CP:;
009100U;MACIAS ANDRES;Plan 50 ;ASAMBLEA 951;21AC;24;20;0;0;0;4;38860.21;30638.99;174732.41;205371.4;0;0;0;0;0;0;0;0;8221.22;6137;8240;275659;;CALLE 02 - ASAMBLEA 900 - 1000;A;ASAMBLEA 951 Rep.Nro.: 0 Piso:  Dpto:, 6100 RUFINO CP:;
009100U;MACIAS ANDRES;Plan 50 ;ASAMBLEA 951;21AC;12;0;12;0;0;0;27309.96;0;0;0;0;0;0;0;0;27309.96;0;0;0;6137;8240;276775;;CALLE 02 ASAMBLEA 900 - 1000;B;ASAMBLEA 951 Rep.Nro.: 0 Piso:  Dpto:, 6100 RUFINO CP:;
009100U;MACIAS ANDRES;Ord. 3303/22 hormigon armado;ASAMBLEA 951;21AC;50;11;0;0;0;39;521153.63;182424.35;69101.66;251526.01;0;0;0;0;0;0;0;0;338729.28;6137;8240;325226;;;A;ASAMBLEA 951 Rep.Nro.: 0 Piso:  Dpto:, 6100 RUFINO CP:;
009101U;ALVAREZ/CHAIRO DANIEL;Plan 50 ;ASAMBLEA 931;21AC;12;0;12;0;0;0;21250.52;0;0;0;21250.52;0;1148.5;22399.02;0;0;0;0;0;550;8241;276772;;CALLE 02 ASAMBLEA 900 - 1000;A;ASAMBLEA 931 Rep.Nro.: 0 Piso:  Dpto:, 6100RUFINO CP:;
009101U;ALVAREZ/CHAIRO DANIEL;Ord. 3303/22 hormigon armado;ASAMBLEA 931;21AC;50;7;6;37;0;0;390585.94;91215.54;21048.65;112264.19;35673.15;0;9688.95;45362.1;0;0;263697.25;0;0;550;8241;325227;;;A;ASAMBLEA 931 Rep.Nro.: 0 Piso:  Dpto:, 6100 RUFINO CP:;
009102U;NEGRETE ORLANDO;Plan 50 ;ASAMBLEA 921;21AC;12;0;12;0;0;0;25366.02;0;0;0;25366.02;0;0;25366.02;0;0;0;0;0;7896;8242;276766;;CALLE 02 ASAMBLEA 900 - 1000;A;ASAMBLEA 921 Rep.Nro.: 0 Piso:  Dpto:, 6100RUFINO CP:;
009102U;NEGRETE ORLANDO;Ord. 3303/22 hormigon armado;ASAMBLEA 921;21AC;50;11;0;0;0;39;390865.9;136818.56;51826.36;188644.92;0;0;0;0;0;0;0;0;254047.34;7896;8242;325228;;;A;ASAMBLEA 921 Rep.Nro.: 0 Piso:  Dpto:, 6100RUFINO CP:;
009103U;GARCIA ISIDRO;Plan 50 ;ASAMBLEA 907;21AC;12;12;0;0;0;0;25366.02;25366.02;149635.46;175001.48;0;0;0;0;0;0;0;0;0;4561;3945;276763;;CALLE 02 ASAMBLEA 900 - 1000;A;ASAMBLEA 907 Rep.Nro.: 0 Piso:  Dpto:, 6100 RUFINO CP:;
009103U;GARCIA ISIDRO;Ord. 3303/22 hormigon armado;ASAMBLEA 907;21AC;50;10;0;0;0;40;390865.9;125783.96;43131.1;168915.06;0;0;0;0;0;0;0;0;265081.94;4561;3945;325229;;;A;ASAMBLEA 907 Rep.Nro.: 0 Piso:  Dpto:, 6100 RUFINO CP:;
009104U;VILLALBA/FANTINO CARLOS;Plan 50 ;ASAMBLEA.1005;21C;12;12;0;0;0;0;28284.91;28284.91;166969.95;195254.86;0;0;0;0;0;0;0;0;0;11331;8243;276710;;CALLE 20-L. DE LA TORRE 500-600;A;ASAMBLEA.1015 Rep.Nro.: 0 Piso:  Dpto:, 6100 RUFINO CP:;
009104U;VILLALBA/FANTINO CARLOS;Plan 50 ;ASAMBLEA.1005;21C;12;12;0;0;0;0;14213.49;14213.49;83904.3;98117.79;0;0;0;0;0;0;0;0;0;11331;8243;276752;;CALLE 01 ASAMBLEA 1000-1100;A;ASAMBLEA.1015 Rep.Nro.: 0 Piso:  Dpto:, 6100 RUFINO CP:;
009104U;VILLALBA/FANTINO CARLOS;Ord. 3303/22 hormigon armado;ASAMBLEA.1005;21C;50;11;1;0;0;38;260576.25;91212.02;34550.78;125762.8;2488.42;0;0;2488.42;0;0;0;0;166875.81;11331;8243;325230;;;A;ASAMBLEA.1015 Rep.Nro.: 0 Piso:  Dpto:, 6100 RUFINO CP:;
009105U;FERRARI OSCAR R;Plan 50 ;GUEMES 495;21BD;12;0;12;0;0;0;14374.05;0;0;0;14374.05;0;9686.53;24060.58;0;0;0;0;0;4112;8245;276801;;CALLE 23 - GUEMES 400 - 500;A;VICTORERO 360 Rep.Nro.: 0 Piso:  Dpto:, 6100RUFINO CP:;
009105U;FERRARI OSCAR R;Plan 50 ;GUEMES 495;21BD;12;0;12;0;0;0;38809.95;0;0;0;38809.95;0;26286.44;65096.39;0;0;0;0;0;4112;8245;276829;;CALLE 28 - INDEPENDENCIA 900 - 1000;A;VICTORERO 360 Rep.Nro.: 0 Piso:  Dpto:, 6100RUFINO CP:;
009106U;FERRARI OSCAR R;Plan 50 ;GUEMES 485;21BD;12;0;12;0;0;0;14374.05;0;0;0;14374.05;0;9637.92;24011.97;0;0;0;0;0;4112;8245;276800;;CALLE 23 - GUEMES 400 - 500;A;VICTORERO 360 Rep.Nro.: 0 Piso:  Dpto:, 6100 RUFINO CP:;
009107U;CIUNA CARLOS;Plan 50 ;GUEMES 445;21BD;12;0;12;0;0;0;14167.06;0;0;0;13811.15;0;184.77;13995.92;0;355.91;0;0;0;2885;8246;275740;;CALLE 23 - GUEMES 400 - 500;A;GUEMES 445 Rep.Nro.: 0 Piso:  Dpto:, 6100 RUFINO CP:;
009108U;MENDOZA LUISA B.;Plan 50 ;GUEMES 465;21BD;12;0;12;0;0;0;16910.67;0;0;0;16910.67;0;13630.86;30541.53;0;0;0;0;0;6766;8247;276792;;CALLE 23 - GUEMES 400 - 500;A;.CALLE 54 N-456-1P. Rep.Nro.: 0 Piso:  Dpto:, 1900 LA PLATA CP:;
009109U;TORRES MIGUEL A;Plan 50 ;GUEMES 455;21BD;12;0;12;0;0;0;13960.07;0;0;0;13753.08;0;28.57;13781.65;0;206.99;0;0;0;10911;14835;275280;;CALLE 23 - GUEMES 400 - 500;A;GUEMES 455 Rep.Nro.: 0 Piso:  Dpto:, 6100RUFINO CP:;
009122U;RAMOS NATALIA;C.C. Ord. 3081/2016;AZCUENAGA 565;5BD;1;0;0;1;0;0;1924.5;0;0;0;0;0;0;0;0;0;1924.5;0;0;16536;16240;168305;;;A;AZCUENAGA 565 Rep.Nro.: 0 Piso:  Dpto:, 6100 RUFINO;
009122U;RAMOS NATALIA;Pavimento Res. 046/2026;AZCUENAGA 565;5BD;6;1;5;0;0;0;411187.86;69276.95;0;69276.95;341910.91;0;0;341910.91;0;0;0;0;0;16536;16240;378226;;;A;AZCUENAGA 565 Rep.Nro.: 0 Piso:  Dpto:, 6100 RUFINO CP:;
009123U;FILIPUZZI YANINA EDITH;C.C. Ord. 3081/2016;AYACUCHO 950;5BD;1;0;1;0;0;0;2405.7;0;0;0;2405.7;0;0;2405.7;0;0;0;0;0;16079;15990;168474;;;A;AYACUCHO Rep.Nro.: 950 Piso:  Dpto:, 6100 RUFINO;
009123U;FILIPUZZI YANINA EDITH;Pavimento Res. 046/2026;AYACUCHO 950;5BD;1;0;1;0;0;0;2541962.5;0;0;0;2287766.25;0;0;2287766.25;0;0;0;0;0;16079;15990;378519;;;A;AYACUCHO 950 Rep.Nro.: 0 Piso:  Dpto:, 6100 RUFINO CP:;
009124U;DELLA MATTIA C;C.C. Ord. 3081/2016;POSADAS 596;5BD;1;0;0;1;0;0;6735.75;0;0;0;0;0;0;0;0;0;6735.75;0;0;3499;8258;168477;;;A;AYACUCHO 980 Rep.Nro.: 0 Piso:  Dpto:, 6100RUFINO;
009124U;DELLA MATTIA C;C.C. Ord. 3081/2016;POSADAS 596;5BD;1;0;0;1;0;0;1924.5;0;0;0;0;0;0;0;0;0;1924.5;0;0;3499;8258;205839;;;A;AYACUCHO 980 Rep.Nro.: 0 Piso:  Dpto:, 6100RUFINO;
009124U;DELLA MATTIA C;Pavimento Res. 046/2026;POSADAS 596;5BD;6;0;6;0;0;0;1830213;0;0;0;0;0;0;0;0;1830213;0;0;0;3499;8258;380201;;;B;AYACUCHO 980 Rep.Nro.: 0 Piso:  Dpto:, 6100RUFINO CP:;
009124U;DELLA MATTIA C;Pavimento Res. 046/2026;POSADAS 596;5BD;4;0;4;0;0;0;620137.17;0;0;0;620137.17;0;0;620137.17;0;0;0;0;0;3499;8258;382767;;"segun resolucion 123/2026 60cuotas 
35mts por calle Ayacucho 
10mts por calle Posadas";A;AYACUCHO 980 Rep.Nro.: 0 Piso:  Dpto:, 6100RUFINO CP:;
009125U;DELLA MATTIA C;C.C. Ord. 3081/2016;POSADAS 586;5BD;1;0;0;1;0;0;1924.5;0;0;0;0;0;0;0;0;0;1924.5;0;0;3499;8258;175129;;;A;AYACUCHO 980 Rep.Nro.: 0 Piso:  Dpto:, 6100RUFINO;
009125U;DELLA MATTIA C;Pavimento Res. 046/2026;POSADAS 586;5BD;6;0;6;0;0;0;406714.02;0;0;0;0;0;0;0;0;406714.02;0;0;0;3499;8258;380199;;;B;AYACUCHO 980 Rep.Nro.: 0 Piso:  Dpto:, 6100RUFINO CP:;
009125U;DELLA MATTIA C;Pavimento Res. 046/2026;POSADAS 586;5BD;4;0;4;0;0;0;137808.24;0;0;0;137808.24;0;0;137808.24;0;0;0;0;0;3499;8258;382768;;segun resolucion 123/2026 en 60 cuotas;A;AYACUCHO 980 Rep.Nro.: 0 Piso:  Dpto:, 6100RUFINO CP:;
009126U;ZORZI R/DELLA MATTIA;C.C. Ord. 3081/2016;POSADAS 576;5BD;1;0;0;1;0;0;1924.5;0;0;0;0;0;0;0;0;0;1924.5;0;0;11602;8259;175124;;;A;AYACUCHO 980 Rep.Nro.: 0 Piso:  Dpto:, 6100RUFINO;
009126U;ZORZI R/DELLA MATTIA;Pavimento Res. 046/2026;POSADAS 576;5BD;6;0;6;0;0;0;411187.86;0;0;0;411187.86;0;6100.71;417288.57;0;0;0;0;0;11602;8259;380197;;;A;AYACUCHO 980 Rep.Nro.: 0 Piso:  Dpto:, 6100RUFINO CP:;
009127U;REINOSO ANGEL LUIS;C.C. Ord. 3081/2016;POSADAS 570;5BD;1;0;0;1;0;0;1924.5;0;0;0;0;0;0;0;0;0;1924.5;0;0;9200;8260;175122;;;A;POSADAS 570 Rep.Nro.: 0 Piso:  Dpto:, 6100RUFINO;
009127U;REINOSO ANGEL LUIS;Pavimento Res. 046/2026;POSADAS 570;5BD;1;0;1;0;0;0;2033570;0;0;0;1830213;0;0;1830213;0;0;0;0;0;9200;8260;378630;;;A;POSADAS 570 Rep.Nro.: 0 Piso:  Dpto:, 6100RUFINO CP:;
009128U;ROSALES PEDRO A;C.C. Ord. 3081/2016;POSADAS 556;5BD;1;0;0;1;0;0;1924.5;0;0;0;0;0;0;0;0;0;1924.5;0;0;9633;8261;175034;;;A;POSADAS 556 Rep.Nro.: 0 Piso:  Dpto:, 6100RUFINO;
009128U;ROSALES PEDRO A;Pavimento Res. 046/2026;POSADAS 556;5BD;6;6;0;0;0;0;411187.86;411187.86;80047.01;491234.87;0;0;0;0;0;0;0;0;0;9633;8261;380194;;;A;POSADAS 556 Rep.Nro.: 0 Piso:  Dpto:, 6100RUFINO CP:;
009130U;MAURI/MALDONADO ELVIRA D;C.C. Ord. 3081/2016;POSADAS 555;5D;1;0;0;1;0;0;1924.5;0;0;0;0;0;0;0;0;0;1924.5;0;0;6697;8263;175058;;;A;POSADAS 555 Rep.Nro.: 0 Piso:  Dpto:, 6100RUFINO;
009130U;MAURI/MALDONADO ELVIRA D;Pavimento Res. 046/2026;POSADAS 555;5D;6;6;0;0;0;0;411187.86;411187.86;80047.01;491234.87;0;0;0;0;0;0;0;0;0;6697;8263;380192;;;A;POSADAS 555 Rep.Nro.: 0 Piso:  Dpto:, 6100RUFINO CP:;
009131U;HERRERO PEDRO A;C.C. Ord. 3081/2016;POSADAS 567;5D;1;0;0;1;0;0;1924.5;0;0;0;0;0;0;0;0;0;1924.5;0;0;5483;956;175060;;;A;POSADAS 567 Rep.Nro.: 0 Piso:  Dpto:, 6100 RUFINO;
009131U;HERRERO PEDRO A;Pavimento Res. 046/2026;POSADAS 567;5D;6;6;0;0;0;0;411187.86;411187.86;80047.01;491234.87;0;0;0;0;0;0;0;0;0;5483;956;380195;;;A;POSADAS 567 Rep.Nro.: 0 Piso:  Dpto:, 6100 RUFINO CP:;
009132U;TORRES SONIA ALEJANDRA;C.C. Ord. 3081/2016;POSADAS 575;5D;1;0;0;1;0;0;1924.5;0;0;0;0;0;0;0;0;0;1924.5;0;0;10918;8265;175061;;;A;POSADAS 575 Rep.Nro.: 0 Piso:  Dpto:, 6100RUFINO;
009132U;TORRES SONIA ALEJANDRA;Pavimento Res. 046/2026;POSADAS 575;5D;6;3;3;0;0;0;411187.86;207830.85;15379.48;223210.33;203357.01;0;26910.91;230267.92;0;0;0;0;0;10918;8265;380196;;;A;POSADAS 575 Rep.Nro.: 0 Piso:  Dpto:, 6100RUFINO CP:;
009133U;MORSAN/FANTINO FERNANDO D.;C.C. Ord. 3081/2016;POSADAS 585;5D;1;0;0;1;0;0;1924.5;0;0;0;0;0;0;0;0;0;1924.5;0;0;7178;8266;175062;;;A;MEUNIER 598 Rep.Nro.: 0 Piso:  Dpto:, 6100RUFINO;
009133U;MORSAN/FANTINO FERNANDO D.;Pavimento Res. 046/2026;POSADAS 585;5D;1;0;1;0;0;0;2033570;0;0;0;1830213;0;0;1830213;0;0;0;0;0;7178;8266;380064;;;A;COBO.1386 Rep.Nro.: 0 Piso:  Dpto:, 6100 RUFINO CP:;
009133U;MORSAN/FANTINO FERNANDO D.;Pavimento Res. 046/2026;POSADAS 585;5D;6;0;6;0;0;0;406714.02;0;0;0;0;0;0;0;0;406714.02;0;0;0;7178;8266;380198;;;B;COBO.1386 Rep.Nro.: 0 Piso:  Dpto:, 6100 RUFINO CP:;
009134U;MORSAN/ZAPATA;C.C. Ord. 3081/2016;POSADAS 595;5D;1;0;0;1;0;0;1924.5;0;0;0;0;0;0;0;0;0;1924.5;0;0;7179;8267;175095;;;A;POSADAS 595 Rep.Nro.: 0 Piso:  Dpto:, 6100RUFINO;
009134U;MORSAN/ZAPATA;Plan 50 ;POSADAS 595;5D;12;12;0;0;0;0;50731.89;50731.89;299273.43;350005.32;0;0;0;0;0;0;0;0;0;7179;8267;277214;;CALLE 37 - AYACUCHO 1000 - 1100;A;POSADAS 595 Rep.Nro.: 0 Piso:  Dpto:, 6100RUFINO CP:;
009134U;MORSAN/ZAPATA;Pavimento Res. 046/2026;POSADAS 595;5D;6;6;0;0;0;0;1644751.44;1644751.44;320188.04;1964939.48;0;0;0;0;0;0;0;0;0;7179;8267;380208;;"10M POR POSADAS
30M POR AYACUCHO";A;POSADAS 595 Rep.Nro.: 0 Piso:  Dpto:, 6100RUFINO CP:;
009135U;ISSOGLIO GASTON ALEJANDRO;Plan 50 ;AYACUCHO.1046;5D;12;5;7;0;0;0;16910.67;7888.3;45399.53;53287.83;9022.37;0;1118.97;10141.34;0;0;0;0;0;14466;13960;276624;;"CALLE 37 - AYACUCHO 1000 - 1100

";A;R.BOUSSY.1035 Rep.Nro.: 0 Piso:  Dpto:, 6100RUFINO CP:;
009135U;ISSOGLIO GASTON ALEJANDRO;Pavimento Res. 046/2026;AYACUCHO.1046;5D;6;6;0;0;0;0;411187.86;411187.86;80047.01;491234.87;0;0;0;0;0;0;0;0;0;14466;13960;380076;;;A;GARAY 925 Rep.Nro.: 0 Piso:  Dpto:, 6100RUFINO CP:;
009136U;GIRALDI LAURA BEATRIZ;Plan 50 ;AYACUCHO.1056;5D;12;0;12;0;0;0;16910.67;0;0;0;16910.67;0;33433.26;50343.93;0;0;0;0;0;33422;33831;276625;;CALLE 37 - AYACUCHO 1000 - 1100;A;MEUNIER 336 Rep.Nro.: 0 Piso:  Dpto:, 6100RUFINO CP:;
009136U;GIRALDI LAURA BEATRIZ;Pavimento Res. 046/2026;AYACUCHO.1056;5D;1;0;1;0;0;0;2033570;0;0;0;1830213;0;0;1830213;0;0;0;0;0;33422;33831;378653;;;A;MEUNIER 336 Rep.Nro.: 0 Piso:  Dpto:, 6100RUFINO CP:;
009137U;MUNICIPALIDAD DE RUFINO;C.C. Res. 074/2026;COBO.1201;19;4;4;0;0;0;0;183667.09;183667.09;20457.25;204124.34;0;0;0;0;0;0;0;0;0;7461;15172;382326;;;A;.ITALIA 127 Rep.Nro.: 0 Piso:  Dpto:, 6100 RUFINO CP:;
009140U;BAUDUCCO JOSE ANGEL;Pavimiento Urbano;MEUNIER 125;17;35;33;2;0;0;0;829.5;782.1;5349.32;6131.42;47.4;0;0;47.4;0;0;0;0;0;1422;1420;32633;;;A;IRIGOYEN.1143 Rep.Nro.: 0 Piso:  Dpto:, 6100RUFINO;
009143U;GIMENEZ ESTEBAN M ;C.C. Ord. 3081/2016;AYACUCHO 960;5BD;1;0;0;1;0;0;2309.4;0;0;0;0;0;0;0;0;0;2309.4;0;0;4844;8275;168475;;;A;AYACUCHO 960 Rep.Nro.: 0 Piso:  Dpto:, 6100RUFINO;
009143U;GIMENEZ ESTEBAN M ;Pavimento Res. 046/2026;AYACUCHO 960;5BD;6;6;0;0;0;0;493425.42;493425.42;96056.41;589481.83;0;0;0;0;0;0;0;0;0;4844;8275;380070;;;A;AYACUCHO 960 Rep.Nro.: 0 Piso:  Dpto:, 6100RUFINO CP:;
009171U;VICCINI MARIA DEL C;C.C. Dec. 140/2017;SAN LORENZO 026;14C;1;0;0;1;0;0;1924.5;0;0;0;0;0;0;0;0;0;1924.5;0;0;11245;8296;225187;;;A;SAN LORENZO 026 Rep.Nro.: 0 Piso:  Dpto:, 6100-RUFINO;
009172U;MUÑOZ ELVIO J ;C.C. Dec. 140/2017;SAN LORENZO 036;14C;1;0;0;1;0;0;1924.5;0;0;0;0;0;0;0;0;0;1924.5;0;0;7200;8297;225188;;;A;SAN LORENZO 036 Rep.Nro.: 0 Piso:  Dpto:, 6100-RUFINO;
009173U;LOOR PEDRO ANTONIO ;C.C. Dec. 140/2017;SAN LORENZO 050;14C;1;0;0;1;0;0;1924.5;0;0;0;0;0;0;0;0;0;1924.5;0;0;25187;25983;225189;;;A;SAN LORENZO 050 Rep.Nro.: 0 Piso:  Dpto:, 6100-RUFINO;
009174U;CAVALLO MIGUEL ANGEL;C.C. Dec. 140/2017;SAN LORENZO 060;14C;1;0;0;1;0;0;1924.5;0;0;0;0;0;0;0;0;0;1924.5;0;0;13715;13014;225190;;;A;SAN LORENZO 060 Rep.Nro.: 0 Piso:  Dpto:, 6100-RUFINO;
009175U;BONINO JOSE M;C.C. Dec. 140/2017;SAN LORENZO 035;14D;1;0;0;1;0;0;1924.5;0;0;0;0;0;0;0;0;0;1924.5;0;0;1907;4923;225197;;;A;SAN LORENZO 035 Rep.Nro.: 0 Piso:  Dpto:, 6100-RUFINO;
009176U;SCARZA NELIDA;Plan 50 ;GARAY 028;14D;12;0;12;0;0;0;14374.05;0;0;0;14374.05;0;846.67;15220.72;0;0;0;0;0;10100;14838;275254;;CALLE 11 - GARAY 000 - 100;A;GARAY 028 Rep.Nro.: 0 Piso:  Dpto:, 6100RUFINO CP:;
009176U;SCARZA NELIDA;Ord. 3303/22 hormigon armado;GARAY 028;14D;50;0;50;0;0;0;196802.97;0;0;0;196802.97;0;0;196802.97;0;0;0;0;0;10100;14838;322286;;;A;GARAY 028 Rep.Nro.: 0 Piso:  Dpto:, 6100RUFINO CP:;
009177U;BELMUDEZ HORACIO ISMAEL;Plan 50 ;GARAY 038;14D;12;0;12;0;0;0;11606.76;0;0;0;0;0;0;0;0;11606.76;0;0;0;1505;14839;276988;;CALLE 11 GARAY 000-100;B;GARAY 038 Rep.Nro.: 0 Piso:  Dpto:, 6100RUFINO CP:;
009177U;BELMUDEZ HORACIO ISMAEL;Plan 50 ;GARAY 038;14D;120;0;120;0;0;0;23214;0;0;0;0;0;0;0;0;23214;0;0;0;1505;14839;277719;;CALLE 11 - GARAY 000 - 100;B;GARAY 038 Rep.Nro.: 0 Piso:  Dpto:, 6100 RUFINO CP:;
009177U;BELMUDEZ HORACIO ISMAEL;Plan 50 ;GARAY 038;14D;60;0;60;0;0;0;16365.27;0;0;0;10633.92;0;179.89;10813.81;0;5731.35;0;0;0;1505;14839;279780;;CALLE 11 - GARAY 000 - 100;A;GARAY 038 Rep.Nro.: 0 Piso:  Dpto:, 6100 RUFINO CP:;
009177U;BELMUDEZ HORACIO ISMAEL;Ord. 3303/22 hormigon armado;GARAY 038;14D;50;6;44;0;0;0;260576.25;52800.63;10123.74;62924.37;207775.62;0;178065.95;385841.57;0;0;0;0;0;1505;14839;325231;;;A;GARAY 038 Rep.Nro.: 0 Piso:  Dpto:, 6100 RUFINO CP:;
009178U;PANUNZZIO/BELMUDEZ HORACIO I.;Plan 50 ;GARAY 048;14D;12;0;12;0;0;0;11606.76;0;0;0;0;0;0;0;0;11606.76;0;0;0;8348;8301;276989;;CALLE 11 GARAY 000-100;B;GARAY 038 Rep.Nro.: 0 Piso:  Dpto:, 6100RUFINO CP:;
009178U;PANUNZZIO/BELMUDEZ HORACIO I.;Plan 50 ;GARAY 048;14D;36;0;36;0;0;0;21077.63;0;0;0;21077.63;0;4848.35;25925.98;0;0;0;0;0;8348;8301;277720;;CALLE 11 - GARAY 000 - 100;A;GARAY 038 Rep.Nro.: 0 Piso:  Dpto:, 6100RUFINO CP:;
009178U;PANUNZZIO/BELMUDEZ HORACIO I.;Ord. 3303/22 hormigon armado;GARAY 048;14D;50;6;44;0;0;0;260576.25;52800.63;10123.74;62924.37;207775.62;0;91563.97;299339.59;0;0;0;0;0;8348;8301;325232;;;A;GARAY 038 Rep.Nro.: 0 Piso:  Dpto:, 6100RUFINO CP:;
009179U;AUDICIO RAMON S;Plan 50 ;GARAY 058;14D;12;0;12;0;0;0;13655.04;0;0;0;0;0;0;0;0;13655.04;0;0;0;949;8302;276990;;CALLE 11 GARAY 000-100;B;ITALIA 746 Rep.Nro.: 0 Piso:  Dpto:, 6100RUFINO CP:;
009179U;AUDICIO RAMON S;Plan 50 ;GARAY 058;14D;36;13;23;0;0;0;24860.54;9302.91;48453.18;57756.09;15557.63;0;56981.68;72539.31;0;0;0;0;0;949;8302;278026;;CALLE 11 - GARAY 000 - 100;A;ITALIA 746 Rep.Nro.: 0 Piso:  Dpto:, 6100RUFINO CP:;
009179U;AUDICIO RAMON S;Ord. 3303/22 hormigon armado;GARAY 058;14D;50;29;21;0;0;0;260576.25;193379.95;190900.65;384280.6;67196.3;0;80250.03;147446.33;0;0;0;0;0;949;8302;325233;;;A;ITALIA 746 Rep.Nro.: 0 Piso:  Dpto:, 6100RUFINO CP:;
009180U;OSSA MARIANO;C.C. Dec. 140/2017;SAN LORENZO 055;14D;1;0;0;1;0;0;1924.5;0;0;0;0;0;0;0;0;0;1924.5;0;0;25925;26721;225202;;;A;SAN LORENZO 055 Rep.Nro.: 0 Piso:  Dpto:, 6100-RUFINO;
009181U;BARRETO ULISES A;C.C. Dec. 140/2017;SAN LORENZO 045;14D;1;0;0;1;0;0;1924.5;0;0;0;0;0;0;0;0;0;1924.5;0;0;1285;8304;225201;;;A;SAN LORENZO 045 Rep.Nro.: 0 Piso:  Dpto:, 6100-RUFINO;
009287U;CONTELLI RAFAEL;Ord. 3303/22 hormigon armado;MORENO 701;11BD;50;20;30;0;0;0;260576.25;147366.5;107286.26;254652.76;113209.75;0;124043.56;237253.31;0;0;0;0;0;3062;8397;325234;;;A;CENTENARIO 619 Rep.Nro.: 0 Piso:  Dpto:, 6100 RUFINO CP:;
009367U;BRIACCHI JULIAN ARIEL;C.C. Ord. 3081/2016;SAN JUAN 905;9;1;0;0;1;0;0;1924.5;0;0;0;0;0;0;0;0;0;1424.5;0;0;1990;8471;168328;;;A;M.ROCA 054 Rep.Nro.: 0 Piso:  Dpto:, 6100RUFINO;
009368U;ALMEIDA JULIO GUSTAVO;C.C. Ord. 3081/2016;SAN JUAN 915;9;1;0;0;1;0;0;1924.5;0;0;0;0;0;0;0;0;0;1924.5;0;0;439;8472;168329;;;A;SAN JUAN 911 Rep.Nro.: 0 Piso:  Dpto:, 6100RUFINO;
009369U;LARROUX/ROMERO RICARDO F;C.C. Ord. 3081/2016;SAN JUAN 925;9;1;0;0;1;0;0;1924.5;0;0;0;0;0;0;0;0;0;1924.5;0;0;5813;8473;168333;;;A;R.BOUSSY 232 Rep.Nro.: 0 Piso:  Dpto:, 6100RUFINO;
009370U;DEL POPOLO MIGUEL ANGEL;C.C. Ord. 3081/2016;SAN JUAN 935;9;1;0;0;1;0;0;1924.5;0;0;0;0;0;0;0;0;0;1924.5;0;0;3487;1661;168342;;;A;ASAMBLEA 07 Rep.Nro.: 0 Piso:  Dpto:, 6100RUFINO;
009371U;SERVERA DANIELA CRISTINA;C.C. Ord. 3081/2016;SAN JUAN 945;9;1;0;0;1;0;0;1924.5;0;0;0;0;0;0;0;0;0;1924.5;0;0;15493;15085;168367;;;A;SAN JUAN 945 Rep.Nro.: 0 Piso:  Dpto:, 6100RUFINO;
009372U;ROMERO CLAUDIO ALEJANDRO;C.C. Ord. 3081/2016;SAN JUAN 955;9;1;0;0;1;0;0;1924.5;0;0;0;0;0;0;0;0;0;1924.5;0;0;32345;32744;168368;;;A;J.INGENIEROS 426 Rep.Nro.: 0 Piso:  Dpto:, 6100RUFINO;
009373U;LARROUX/COMELLAS HUGO;C.C. Ord. 3081/2016;SAN JUAN 961;9;1;0;0;1;0;0;1924.5;0;0;0;0;0;0;0;0;0;1924.5;0;0;5810;8477;168369;;;A;SAN JUAN 961 Rep.Nro.: 0 Piso:  Dpto:, 6100RUFINO;
009374U;ROMERO CLAUDIO ALEJANDRO;C.C. Ord. 3081/2016;SAN JUAN 971;9;1;0;0;1;0;0;1924.5;0;0;0;0;0;0;0;0;0;1924.5;0;0;32345;32744;168370;;;A;SAN JUAN 971 Rep.Nro.: 0 Piso:  Dpto:, 6100RUFINO;
009375U;ROMERO CLAUDIO ALEJANDRO;C.C. Ord. 3081/2016;SAN JUAN 983;9;1;0;0;1;0;0;1924.5;0;0;0;0;0;0;0;0;0;1924.5;0;0;32345;32744;168371;;;A;SAN JUAN 983 Rep.Nro.: 0 Piso:  Dpto:, 6100RUFINO;
009376U;LUNA REINALDO;C.C. Ord. 3081/2016;SAN JUAN 991;9;1;0;0;1;0;0;1924.5;0;0;0;0;0;0;0;0;0;1924.5;0;0;6105;8480;168372;;;A;SAN JUAN 991 Rep.Nro.: 0 Piso:  Dpto:, 6100RUFINO;
009397U;BALDOR JUAN ROQUE;PAVIMENTO CALLE SANTA ROSA;SANTA ROSA 593;06D;48;48;0;0;0;0;373477.4;373477.4;778895.35;1152372.75;0;0;0;0;0;0;0;0;0;1119;7946;308738;;Pavimento en Calle Santa Rosa 593 - No se presento;A;SANTA ROSA 593 Rep.Nro.: 0 Piso:  Dpto:, 6100RUFINO CP:;
009456U;MARTINENCO PEDRO LUIS;C.C. Res. 074/2026;ALEM VIEYRA 1315;51;4;4;0;0;0;0;36733.43;36733.43;4091.44;40824.87;0;0;0;0;0;0;0;0;0;26286;27618;382263;;;A;LORENZETTI 183 Rep.Nro.: 0 Piso:  Dpto:, 6100RUFINO CP:;
009458U;MARTINENCO PEDRO LUIS;C.C. Res. 074/2026;ALEM VIEYRA 1325;51;4;4;0;0;0;0;36733.43;36733.43;4091.44;40824.87;0;0;0;0;0;0;0;0;0;26286;27618;382264;;;A;LORENZETTI 183 Rep.Nro.: 0 Piso:  Dpto:, 6100RUFINO CP:;
009554U;AUDISIO FRANCISCO JOSE;Concreto asfaltico plan parra;BV.SAN MARTIN.1305;50;50;2;48;0;0;0;305086.92;21826.27;936.33;22762.6;283260.65;0;16707.29;299967.94;0;0;0;0;0;16443;21784;323009;;;A;R.ESCALADA 280 Rep.Nro.: 0 Piso:  Dpto:, 6100RUFINO CP:;
009559U;CARRARI JAVIER LEANDRO;Ord. 3303/22 hormigon armado;J.HERNANDEZ 111;59;24;0;24;0;0;0;403114.18;0;0;0;403114.18;0;0;403114.18;0;0;0;0;0;31908;32272;323097;;;A;J.HERNANDEZ 111 Rep.Nro.: 0 Piso:  Dpto:, 6100 RUFINO CP:;
009563U;MUSSO RUBEN ;Pavimiento Urbano;MEUNIER 095;16;35;35;0;0;0;0;1043;1043;7164.78;8207.78;0;0;0;0;0;0;0;0;0;7612;8660;32634;;;A;MEUNIER 095 Rep.Nro.: 0 Piso:  Dpto:, 6100RUFINO;
009565U;CABRERA CRISTIAN DANIEL;C.C. Res. 074/2026;IRIGOYEN.1239;18;4;4;0;0;0;0;31223.39;31223.39;3477.73;34701.12;0;0;0;0;0;0;0;0;0;22292;23319;382429;;;A;ENTRE RIOS 955 Rep.Nro.: 0 Piso:  Dpto:, 6100 RUFINO CP:;
009605U;PINOTTI JOSE GUSTAVO;Plan 50 ;MEUNIER 598;5D;12;0;12;0;0;0;49581.9;0;0;0;49581.9;0;173142.53;222724.43;0;0;0;0;0;15081;12824;276626;;"CALLE 37 - AYACUCHO 1000 - 1100
";A;MEUNIER 598 Rep.Nro.: 0 Piso:  Dpto:, 6100RUFINO CP:;
009605U;PINOTTI JOSE GUSTAVO;Plan 50 ;MEUNIER 598;5D;12;0;12;0;0;0;16343.97;0;0;0;0;0;0;0;0;16343.97;0;0;0;15081;12824;277039;;CALLE 24 - MEUNIER 500 - 600;B;MEUNIER 598 Rep.Nro.: 0 Piso:  Dpto:, 6100RUFINO CP:;
009605U;PINOTTI JOSE GUSTAVO;Plan 50 ;MEUNIER 598;5D;12;0;12;0;0;0;1691.13;0;0;0;1691.13;0;5897.43;7588.56;0;0;0;0;0;15081;12824;285535;;CALLE 24 - MEUNIER 500 - 600;A;MEUNIER 598 Rep.Nro.: 0 Piso:  Dpto:, 6100RUFINO CP:;
009605U;PINOTTI JOSE GUSTAVO;Pavimento Res. 046/2026;MEUNIER 598;5D;6;6;0;0;0;0;1205602.77;1205602.77;234697.82;1440300.59;0;0;0;0;0;0;0;0;0;15081;12824;380072;;;A;MEUNIER 598 Rep.Nro.: 0 Piso:  Dpto:, 6100RUFINO CP:;
009613U;OLMEDO YANINA LUCIA;C.C. Res. 074/2026;COBO.1265;19;4;0;4;0;0;0;35707.52;0;0;0;0;0;0;0;0;35707.52;0;0;0;31155;31573;382330;;;B;COBO.1265 Rep.Nro.: 0 Piso:  Dpto:, 6100 RUFINO CP:;
009613U;OLMEDO YANINA LUCIA;C.C. Res. 074/2026;COBO.1265;19;4;4;0;0;0;0;36733.43;36733.43;4091.44;40824.87;0;0;0;0;0;0;0;0;0;31155;31573;382644;;;A;COBO.1265 Rep.Nro.: 0 Piso:  Dpto:, 6100 RUFINO CP:;
009630U;GEREZ GUILLERMO DIONISIO;C.C. Res. 074/2026;M.ARGENTINAS 005;51;4;4;0;0;0;0;68875.17;68875.17;7671.47;76546.64;0;0;0;0;0;0;0;0;0;21717;19786;382339;;;A;CARBALLEIRA.1224 Rep.Nro.: 0 Piso:  Dpto:, 6100RUFINO CP:;
009630U;GEREZ GUILLERMO DIONISIO;Res. 159/2026 - Pavimento;M.ARGENTINAS 005;51;1;1;0;0;0;0;139473.13;139473.13;0;139473.13;0;0;0;0;0;0;0;0;0;21717;19786;385234;;;A;CARBALLEIRA.1224 Rep.Nro.: 0 Piso:  Dpto:, 6100RUFINO CP:;
009632U;GATICA RICARDO R;C.C. Ord. 3081/2016;COBO.1405;55;1;0;0;1;0;0;2598.1;0;0;0;0;0;0;0;0;0;2598.1;0;0;4678;8725;166220;;;A;COBO.1405 Rep.Nro.: 0 Piso:  Dpto:, 6100RUFINO;
009632U;GATICA RICARDO R;C.C. Res. 074/2026;COBO.1405;55;4;4;0;0;0;0;82650.19;82650.19;9205.76;91855.95;0;0;0;0;0;0;0;0;0;4678;8725;382359;;;A;CHACABUCCO 634 Rep.Nro.: 0 Piso:  Dpto:, 6100RUFINO CP:;
009632U;GATICA RICARDO R;Res. 159/2026 - Pavimento;COBO.1405;55;1;1;0;0;0;0;167367.75;167367.75;0;167367.75;0;0;0;0;0;0;0;0;0;4678;8725;385265;;;A;CHACABUCCO 634 Rep.Nro.: 0 Piso:  Dpto:, 6100RUFINO CP:;
009633U;GALLI GASTON DAVID;C.C. Ord. 3081/2016;CROUZEILLES 025;55;1;0;0;1;0;0;2501.85;0;0;0;0;0;0;0;0;0;2501.85;0;0;4483;9699;166221;;;A;CROUZEILLES 017 Rep.Nro.: 0 Piso:  Dpto:, 6100RUFINO;
009634U;ARGUEL/IBAÑEZ SANDRA  ;C.C. Ord. 3081/2016;CROUZEILLES 035;55;1;0;0;1;0;0;2116.95;0;0;0;0;0;0;0;0;0;2116.95;0;0;717;8727;166223;;;A;CROUZEILLES 035 Rep.Nro.: 0 Piso:  Dpto:, 6100RUFINO;
009635U;DIAZ FREDES NELSON RAUL;C.C. Ord. 3081/2016;CROUZEILLES 047;55;1;0;0;1;0;0;2116.95;0;0;0;0;0;0;0;0;0;1416.95;0;0;3554;8728;166224;;;A;CROUZEILLES 047 Rep.Nro.: 0 Piso:  Dpto:, 6100RUFINO;
009649U;MASTROBERTI JAVIER RICARDO;C.C. Ord. 3081/2016;CROUZEILLES 055;55;1;0;0;1;0;0;2116.95;0;0;0;0;0;0;0;0;0;2116.95;0;0;6651;8741;166225;;;A;CROUZEILLES 055 Rep.Nro.: 0 Piso:  Dpto:, 6100RUFINO;
009650U;FIORI ALICIA ANGELA;C.C. Ord. 3081/2016;CROUZEILLES 063;55;1;0;0;1;0;0;2116.95;0;0;0;0;0;0;0;0;0;2116.95;0;0;4212;2638;166226;;;A;CROUZEILLES 073 Rep.Nro.: 0 Piso:  Dpto:, 6100RUFINO;
009651U;ARAYA MARGARITA DE ;C.C. Ord. 3081/2016;CROUZEILLES 075;55;1;0;0;1;0;0;2116.95;0;0;0;0;0;0;0;0;0;2116.95;0;0;681;15702;166227;;;A;CROUZEILLES 167 Rep.Nro.: 0 Piso:  Dpto:, 6100RUFINO;
009652U;CORREA NILDA ESTER ;C.C. Ord. 3081/2016;CROUZEILLES 081;55;1;0;0;1;0;0;2501.85;0;0;0;0;0;0;0;0;0;2501.85;0;0;3198;8742;166228;;;A;IRIGOYEN 937 Rep.Nro.: 0 Piso:  Dpto:, 6100RUFINO;
009666U;OCAMPO/M.C.PONZI DE JALED;Plan 50 ;ASAMBLEA 960;20BD;12;0;0;0;0;12;83707.74;0;0;0;0;0;0;0;0;0;0;0;83707.74;7983;8756;276761;;CALLE 02 ASAMBLEA 900 - 1000;A;.DEL BONO 559 SUR Rep.Nro.: 0 Piso:  Dpto:, 5400SAN JUAN CP:;
009666U;OCAMPO/M.C.PONZI DE JALED;Ord. 3303/22 hormigon armado;ASAMBLEA 960;20BD;50;11;0;0;0;39;1289857.66;451501.16;171026.94;622528.1;0;0;0;0;0;0;0;0;838356.5;7983;8756;325235;;;A;ASAMBLEA 960 Rep.Nro.: 980 Piso:  Dpto:, 6100 RUFINO CP:6100;
009671U;BARINAGA OMAR;C.C. Ord. 3081/2016;CROUZEILLES 095;55;1;0;0;1;0;0;2501.85;0;0;0;0;0;0;0;0;0;2501.85;0;0;1246;15703;166229;;;A;CROUZEILLES 095 Rep.Nro.: 0 Piso:  Dpto:, 6100RUFINO;
009671U;BARINAGA OMAR;C.C. Res. 074/2026;CROUZEILLES 095;55;4;4;0;0;0;0;82650.19;82650.19;9205.76;91855.95;0;0;0;0;0;0;0;0;0;1246;15703;382403;;;A;CROUZEILLES 095 Rep.Nro.: 0 Piso:  Dpto:, 6100RUFINO CP:;
009675U;MARTINENCO PEDRO LUIS;C.C. Res. 074/2026;ALEM VIEYRA 1335;51;4;4;0;0;0;0;36733.43;36733.43;4091.44;40824.87;0;0;0;0;0;0;0;0;0;26286;27618;382265;;;A;LORENZETTI 183 Rep.Nro.: 0 Piso:  Dpto:, 6100RUFINO CP:;
009676U;SIGNORILE ESTEFANO RICARDO;C.C. Res. 074/2026;ALEM VIEYRA 1345;51;4;4;0;0;0;0;36733.43;36733.43;4091.44;40824.87;0;0;0;0;0;0;0;0;0;19777;18454;382266;;;A;M.ROCA 840 Rep.Nro.: 0 Piso:  Dpto:, 6100 RUFINO CP:;
009677U;ARFENONI RUBEN CARLOS;C.C. Res. 074/2026;ALEM VIEYRA 1355;51;4;4;0;0;0;0;36733.43;36733.43;4091.44;40824.87;0;0;0;0;0;0;0;0;0;13300;12470;382267;;;A;CENTENARIO 376 Rep.Nro.: 0 Piso:  Dpto:, 6100RUFINO CP:;
009678U;ARFENONI RUBEN CARLOS;C.C. Res. 074/2026;ALEM VIEYRA 1365;51;4;4;0;0;0;0;36733.43;36733.43;4091.44;40824.87;0;0;0;0;0;0;0;0;0;13300;12470;382270;;;A;CENTENARIO 376 Rep.Nro.: 0 Piso:  Dpto:, 6100RUFINO CP:;
009679U;FERRERO ERNESTO VICENTE;C.C. Res. 074/2026;ALEM VIEYRA 1375;51;4;4;0;0;0;0;36733.43;36733.43;4091.44;40824.87;0;0;0;0;0;0;0;0;0;14107;12053;382273;;;A;SAN JUAN 174 Rep.Nro.: 0 Piso:  Dpto:, 6100RUFINO CP:;
009680U;FERRERO ERNESTO VICENTE;C.C. Ord. 3081/2016;ALEM VIEYRA 1395;51;1;0;0;1;0;0;3464.1;0;0;0;0;0;0;0;0;0;3464.1;0;0;14107;12053;166159;;;A;SAN JUAN 174 Rep.Nro.: 0 Piso:  Dpto:, 6100RUFINO;
009680U;FERRERO ERNESTO VICENTE;C.C. Res. 074/2026;ALEM VIEYRA 1395;51;4;4;0;0;0;0;33060.08;33060.08;3682.3;36742.38;0;0;0;0;0;0;0;0;0;14107;12053;382276;;;A;SAN JUAN 174 Rep.Nro.: 0 Piso:  Dpto:, 6100RUFINO CP:;
009694U;ARNAUDO MARCOS;C.C. Res. 074/2026;ALEM VIEYRA 1485;56;4;0;4;0;0;0;36207.52;0;0;0;32586.76;0;0;32586.76;0;0;0;0;0;13315;15120;382289;;;A;INDEPENDENCIA 610 Rep.Nro.: 0 Piso:  Dpto:, 6100RUFINO CP:;
009695U;RAMOS JOSE;C.C. Res. 074/2026;ALEM VIEYRA 1425;56;4;4;0;0;0;0;36733.43;36733.43;4091.44;40824.87;0;0;0;0;0;0;0;0;0;870;14802;382279;;;A;CARBALLEIRA.1074 Rep.Nro.: 0 Piso:  Dpto:, 6100RUFINO CP:;
009696U;ARNAUDO MARCOS;C.C. Res. 074/2026;ALEM VIEYRA 1495;56;4;0;4;0;0;0;217245;0;0;0;195520.52;0;0;195520.52;0;0;0;0;0;13315;15120;382291;;;A;INDEPENDENCIA 610 Rep.Nro.: 0 Piso:  Dpto:, 6100RUFINO CP:;
009696U;ARNAUDO MARCOS;C.C. Res. 074/2026;ALEM VIEYRA 1495;56;4;0;4;0;0;0;181037.52;0;0;0;0;0;0;0;0;181037.52;0;0;0;13315;15120;382554;;;B;INDEPENDENCIA 610 Rep.Nro.: 0 Piso:  Dpto:, 6100RUFINO CP:;
009727U;BARZOLA ORLANDO;Plan 50 ;INDEPENDENCIA 943;21BD;12;0;12;0;0;0;16731.45;0;0;0;16731.45;0;25932.01;42663.46;0;0;0;0;0;1358;8812;276833;;CALLE 28 - INDEPENDENCIA 900 - 1000;A;INDEPENDENCIA 943 Rep.Nro.: 0 Piso:  Dpto:, 6100RUFINO CP:;
009728U;CHIARENA PABLO ENRIQUE;Plan 50 ;INDEPENDENCIA 935;21BD;12;0;12;0;0;0;16910.67;0;0;0;16910.67;0;33638.14;50548.81;0;0;0;0;0;2801;8813;276830;;CALLE 28 - INDEPENDENCIA 900 - 1000;A;INDEPENDENCIA 935 Rep.Nro.: 0 Piso:  Dpto:, 6100RUFINO CP:;
009729U;KUHN JORGE C;C.C. Ord. 3081/2016;AYACUCHO 856;5B;1;0;1;0;0;0;1443.4;0;0;0;1443.4;0;0;1443.4;0;0;0;0;0;14492;13068;167800;;;A;R.BOUSSY 625 Rep.Nro.: 0 Piso:  Dpto:, 6100RUFINO;
009729U;KUHN JORGE C;Pavimento Res. 046/2026;AYACUCHO 856;5B;6;6;0;0;0;0;307568.52;307568.52;59875.18;367443.7;0;0;0;0;0;0;0;0;0;14492;13068;380019;;;A;R.BOUSSY 625 Rep.Nro.: 0 Piso:  Dpto:, 6100RUFINO CP:;
009819U;FUENTES FRANCO JAVIER;Concreto asfaltico plan parra;BV.SAN MARTIN.1304;51;50;10;10;0;0;30;305086.92;98627.36;33819.12;132446.48;31244.84;0;8763.46;40008.3;0;0;0;0;175214.72;23558;24502;324593;;;A;BV.SAN MARTIN.1304 Rep.Nro.: 0 Piso:  Dpto:, 6100RUFINO CP:;
009879U;ESNAOLA LUCAS;PAVIMENTO CALLE SANTA ROSA;SANTA ROSA 585;06D;48;48;0;0;0;0;124491.8;124491.8;259630.73;384122.53;0;0;0;0;0;0;0;0;0;3869;8960;308737;;Pavimento en Calle Santa Rosa 585 - No se presento;A;SANTA ROSA 579 Rep.Nro.: 0 Piso:  Dpto:, 6100RUFINO CP:;
009880U;RODRIGUEZ TC DE/NUEVO DUEÑO NOCEDA CARLOS;C.C. Ord. 3081/2016;AZCUENAGA 575;5BD;1;0;0;1;0;0;1924.5;0;0;0;0;0;0;0;0;0;1924.5;0;0;9481;8961;168306;;;A;AZCUENAGA 575 Rep.Nro.: 0 Piso:  Dpto:, 6100RUFINO;
009880U;RODRIGUEZ TC DE/NUEVO DUEÑO NOCEDA CARLOS;Pavimento Res. 046/2026;AZCUENAGA 575;5BD;6;6;0;0;0;0;411187.86;411187.86;80047.01;491234.87;0;0;0;0;0;0;0;0;0;9481;8961;380130;;;A;AZCUENAGA 575 Rep.Nro.: 0 Piso:  Dpto:, 6100RUFINO CP:;
009881U;MON ALFREDO ;C.C. Ord. 3081/2016;AZCUENAGA 595;5BD;1;0;0;1;0;0;6447.1;0;0;0;0;0;0;0;0;0;6447.1;0;0;6946;8962;168470;;;A;AZCUENAGA 595 Rep.Nro.: 0 Piso:  Dpto:, 6100RUFINO;
009881U;MON ALFREDO ;Pavimento Res. 046/2026;AZCUENAGA 595;5BD;6;6;0;0;0;0;1377479.28;1377479.28;268157.49;1645636.77;0;0;0;0;0;0;0;0;0;6946;8962;380219;;"13.5M POR AYACUCHO
20M POR AZCUENAGA";A;AZCUENAGA 595 Rep.Nro.: 0 Piso:  Dpto:, 6100RUFINO CP:;
009882U;HELEG OSCAR O.;C.C. Ord. 3081/2016;AYACUCHO 918;5BD;1;0;0;1;0;0;1924.5;0;0;0;0;0;0;0;0;0;1924.5;0;0;5422;6214;168471;;;A;AZCUENAGA 538 Rep.Nro.: 0 Piso:  Dpto:, 6100RUFINO;
009882U;HELEG OSCAR O.;Pavimento Res. 046/2026;AYACUCHO 918;5BD;6;6;0;0;0;0;411187.86;411187.86;80047.01;491234.87;0;0;0;0;0;0;0;0;0;5422;6214;380068;;;A;CATAMARCA 251 Rep.Nro.: 0 Piso:  Dpto:, 6100 RUFINO CP:;
009883U;TAPIA NADIA SOLEDAD;C.C. Ord. 3081/2016;AYACUCHO 926;5BD;1;0;0;1;0;0;1539.6;0;0;0;0;0;0;0;0;0;1539.6;0;0;28713;29322;168472;;;A;AYACUCHO 926 Rep.Nro.: 0 Piso:  Dpto:, 6100RUFINO;
009883U;TAPIA NADIA SOLEDAD;Pavimento Res. 046/2026;AYACUCHO 926;5BD;6;0;6;0;0;0;819393.12;0;0;0;819393.12;0;0;819393.12;0;0;0;0;0;28713;29322;378806;;;A;AYACUCHO 926 Rep.Nro.: 0 Piso:  Dpto:, 6100RUFINO CP:;
009884U;LIPTAI J;C.C. Ord. 3081/2016;AYACUCHO 936;5BD;1;0;0;1;0;0;1539.6;0;0;0;0;0;0;0;0;0;1539.6;0;0;5906;8965;168473;;;A;AYACUCHO 936 Rep.Nro.: 0 Piso:  Dpto:, 6100RUFINO;
009884U;LIPTAI J;Pavimento Res. 046/2026;AYACUCHO 936;5BD;6;6;0;0;0;0;328950.27;328950.27;64037.6;392987.87;0;0;0;0;0;0;0;0;0;5906;8965;380069;;;A;AYACUCHO 936 Rep.Nro.: 0 Piso:  Dpto:, 6100RUFINO CP:;
009905U;KUHN JORGE C;C.C. Ord. 3081/2016;AYACUCHO 860;5B;1;0;1;0;0;0;1443.4;0;0;0;1443.4;0;0;1443.4;0;0;0;0;0;14492;13068;167801;;;A;R.BOUSSY 625 Rep.Nro.: 0 Piso:  Dpto:, 6100RUFINO;
009905U;KUHN JORGE C;Pavimento Res. 046/2026;AYACUCHO 860;5B;6;6;0;0;0;0;308390.88;308390.88;60035.25;368426.13;0;0;0;0;0;0;0;0;0;14492;13068;380021;;;A;R.BOUSSY 625 Rep.Nro.: 0 Piso:  Dpto:, 6100RUFINO CP:;
009906U;KUHN JORGE C;C.C. Ord. 3081/2016;AYACUCHO 866;5B;1;0;0;1;0;0;1443.4;0;0;0;0;0;0;0;0;0;1443.4;0;0;14492;13068;167802;;;A;R.BOUSSY 625 Rep.Nro.: 0 Piso:  Dpto:, 6100RUFINO;
009906U;KUHN JORGE C;Pavimento Res. 046/2026;AYACUCHO 866;5B;6;6;0;0;0;0;308390.88;308390.88;60035.25;368426.13;0;0;0;0;0;0;0;0;0;14492;13068;380023;;;A;R.BOUSSY 625 Rep.Nro.: 0 Piso:  Dpto:, 6100RUFINO CP:;
009907U;GIMENEZ ROSA G DE;C.C. Ord. 3081/2016;AYACUCHO 870;5B;1;0;0;1;0;0;1732.05;0;0;0;0;0;0;0;0;0;1732.05;0;0;4854;8985;167804;;;A;AYACUCHO 870 Rep.Nro.: 0 Piso:  Dpto:, 6100RUFINO;
009907U;GIMENEZ ROSA G DE;Pavimento Res. 046/2026;AYACUCHO 870;5B;6;6;0;0;0;0;370069.08;370069.08;72042.31;442111.39;0;0;0;0;0;0;0;0;0;4854;8985;380024;;;A;AYACUCHO 870 Rep.Nro.: 0 Piso:  Dpto:, 6100RUFINO CP:;
009908U;TRAINI JOSE HORACIO;C.C. Ord. 3081/2016;AYACUCHO 888;5B;1;0;0;1;0;0;1732.05;0;0;0;0;0;0;0;0;0;1732.05;0;0;21246;19509;167805;;;A;CROUZEILLES 454 Rep.Nro.: 0 Piso:  Dpto:, 6100RUFINO;
009908U;TRAINI JOSE HORACIO;Pavimento Res. 046/2026;AYACUCHO 888;5B;6;6;0;0;0;0;370069.08;370069.08;72042.31;442111.39;0;0;0;0;0;0;0;0;0;21246;19509;380028;;;A;CROUZEILLES 454 Rep.Nro.: 0 Piso:  Dpto:, 6100RUFINO CP:;
009909U;BAUDUCCO JORGE A;C.C. Ord. 3081/2016;AYACUCHO 896;5B;1;0;0;1;0;0;4911.4;0;0;0;0;0;0;0;0;0;4911.4;0;0;1419;8987;167806;;;A;AYACUCHO 896 Rep.Nro.: 0 Piso:  Dpto:, 6100RUFINO;
009909U;BAUDUCCO JORGE A;Pavimento Res. 046/2026;AYACUCHO 896;5B;6;6;0;0;0;0;1049351.4;1049351.4;204279.97;1253631.37;0;0;0;0;0;0;0;0;0;1419;8987;380048;;"9.52m POR CALLE AYACUCHO
13m POR CALLE AZCUENAGA";A;AYACUCHO 896 Rep.Nro.: 0 Piso:  Dpto:, 6100RUFINO CP:;
009910U;SUCESION DE TEALDI LUIS ;C.C. Ord. 3081/2016;AZCUENAGA 576;5B;1;0;0;1;0;0;1539.6;0;0;0;0;0;0;0;0;0;1539.6;0;0;10766;8988;167891;;;A;AZCUENAGA 575 Rep.Nro.: 0 Piso:  Dpto:, 6100RUFINO;
009910U;SUCESION DE TEALDI LUIS ;Pavimento Res. 046/2026;AZCUENAGA 576;5B;6;6;0;0;0;0;328950.27;328950.27;64037.6;392987.87;0;0;0;0;0;0;0;0;0;10766;8988;380132;;;A;AZCUENAGA 576 Rep.Nro.: 0 Piso:  Dpto:, 6100 RUFINO CP:;
009911U;KUHN JORGE C;C.C. Ord. 3081/2016;AZCUENAGA 572;5B;1;0;0;1;0;0;1539.6;0;0;0;0;0;0;0;0;0;1539.6;0;0;14492;13068;167890;;;A;AZCUENAGA 572 Rep.Nro.: 0 Piso:  Dpto:, 6100RUFINO;
009911U;KUHN JORGE C;Pavimento Res. 046/2026;AZCUENAGA 572;5B;6;6;0;0;0;0;328950.27;328950.27;64037.6;392987.87;0;0;0;0;0;0;0;0;0;14492;13068;380117;;;A;AZCUENAGA 572 Rep.Nro.: 0 Piso:  Dpto:, 6100RUFINO CP:;
009987U;BIOLE/BRONDINO NILDA;C.C. Ord. 3081/2016;SAN JUAN 996;10;1;0;0;1;0;0;5773.5;0;0;0;0;0;0;0;0;0;5773.5;0;0;1713;9058;168391;;;A;CHACABUCO 187 Rep.Nro.: 0 Piso:  Dpto:, 6100RUFINO;
009988U;GONZALEZ DENICE D ;C.C. Ord. 3081/2016;SAN JUAN 966;10;1;0;0;1;0;0;1924.5;0;0;0;0;0;0;0;0;0;1924.5;0;0;5072;9055;168389;;;A;MAGALLANES 420 Rep.Nro.: 0 Piso:  Dpto:, 6100 RUFINO;
009989U;GONZALEZ DENICE D ;C.C. Ord. 3081/2016;SAN JUAN 960;10;1;0;0;1;0;0;1924.5;0;0;0;0;0;0;0;0;0;1924.5;0;0;5072;9055;168388;;;A;MAGALLANES 420 Rep.Nro.: 0 Piso:  Dpto:, 6100 RUFINO;
010011U;PRUCCA MARIO ANGEL;C.C. Res. 074/2026;CARBALLEIRA.1156;17;4;4;0;0;0;0;36733.43;36733.43;4091.44;40824.87;0;0;0;0;0;0;0;0;0;15129;13470;382713;;;A;R.BOUSSY.1186 Rep.Nro.: 0 Piso:  Dpto:, 6100 RUFINO CP:;
010012U;MILONE LORENA N;C.C. Res. 074/2026;CARBALLEIRA.1186;17;4;4;0;0;0;0;36733.43;36733.43;4091.44;40824.87;0;0;0;0;0;0;0;0;0;6848;9080;382716;;;A;CARBALLEIRA.1186 Rep.Nro.: 0 Piso:  Dpto:, 6100RUFINO CP:;
010013U;OSMAN/SCHENFELD ADRIAN;C.C. Res. 074/2026;CARBALLEIRA.1196;17;1;0;1;0;0;0;217245;0;0;0;195520.5;0;0;195520.5;0;0;0;0;0;8144;9081;381789;;;A;CARBALLEIRA.1196 Rep.Nro.: 0 Piso:  Dpto:, 6100RUFINO CP:;
010019U;SERVERA DIEGO J;C.C. Res. 074/2026;IRIGOYEN.1264;19;4;4;0;0;0;0;40406.75;40406.75;4500.58;44907.33;0;0;0;0;0;0;0;0;0;10239;9087;382440;;;A;IRIGOYEN.1264 Rep.Nro.: 0 Piso:  Dpto:, 6100 RUFINO CP:;
010020U;CAMINO RAMON;C.C. Res. 074/2026;IRIGOYEN.1284;19;4;4;0;0;0;0;39121.1;39121.1;4357.39;43478.49;0;0;0;0;0;0;0;0;0;2292;9088;382447;;;A;IRIGOYEN.1284 Rep.Nro.: 0 Piso:  Dpto:, 6100RUFINO CP:;
010021U;NUEZ EDUARDO ENRIQUE;C.C. Res. 074/2026;IRIGOYEN.1294;19;4;4;0;0;0;0;143260.3;143260.3;15956.64;159216.94;0;0;0;0;0;0;0;0;0;34365;34824;382449;;;A;VICTORERO 990 Rep.Nro.: 0 Piso:  Dpto:, 6100 RUFINO CP:;
010026U;OTEGUI JUAN CARLOS;C.C. Res. 074/2026;CARBALLEIRA.1250;18;1;0;1;0;0;0;217245;0;0;0;195520.5;0;0;195520.5;0;0;0;0;0;8160;9093;382167;;;A;CARBALLEIRA.1250 Rep.Nro.: 0 Piso:  Dpto:, 6100RUFINO CP:;
010027U;OTEGHI JUAN C;C.C. Res. 074/2026;CARBALLEIRA.1276;18;4;0;4;0;0;0;36207.52;0;0;0;36207.52;0;868.98;37076.5;0;0;0;0;0;8159;9094;382461;;;A;CARBALLEIRA.1250 Rep.Nro.: 0 Piso:  Dpto:, 6100RUFINO CP:;
010028U;VIDELA ANA MARIA;C.C. Res. 074/2026;URUGUAY 196;18;4;4;0;0;0;0;110200.26;110200.26;12274.34;122474.6;0;0;0;0;0;0;0;0;0;11270;9095;382572;;;A;URUGUAY 198 Rep.Nro.: 0 Piso:  Dpto:, 6100RUFINO CP:;
010029U;VIDELA JOSE A;C.C. Res. 074/2026;CARBALLEIRA.1286;18;4;4;0;0;0;0;36733.43;36733.43;4091.44;40824.87;0;0;0;0;0;0;0;0;0;11271;4835;382569;;;A;M.ROCA 372 Rep.Nro.: 0 Piso:  Dpto:, 6100RUFINO CP:;
010032U;VILLORIA RICARDO ANTONIO ;C.C. Res. 074/2026;IRIGOYEN.1265;18;4;4;0;0;0;0;36733.43;36733.43;4091.44;40824.87;0;0;0;0;0;0;0;0;0;15754;12045;382441;;;A;IRIGOYEN.1273 Rep.Nro.: 0 Piso:  Dpto:, 6100RUFINO CP:;
010033U;SAÑKO OSCAR ALBERTO;C.C. Res. 074/2026;IRIGOYEN.1255;18;4;4;0;0;0;0;36733.43;36733.43;4091.44;40824.87;0;0;0;0;0;0;0;0;0;15431;12270;382438;;;A;IRIGOYEN.1255 Rep.Nro.: 0 Piso:  Dpto:, 6100RUFINO CP:;
010035U;BARABINO MARIA P;C.C. Res. 074/2026;IRIGOYEN.1297;18;4;4;0;0;0;0;124893.63;124893.63;13910.93;138804.56;0;0;0;0;0;0;0;0;0;1158;9102;382450;;;A;IRIGOYEN.1297 Rep.Nro.: 0 Piso:  Dpto:, 6100RUFINO CP:;
010038U;ORTIZ CLARO;C.C. Res. 074/2026;URUGUAY 095;52;4;4;0;0;0;0;139586.99;139586.99;15547.5;155134.49;0;0;0;0;0;0;0;0;0;8101;9104;382377;;;A;ITALIA 798 Rep.Nro.: 0 Piso:  Dpto:, 6100RUFINO CP:;
010039U;NUEZ PAULINA LDE;C.C. Res. 074/2026;IRIGOYEN.1316;52;4;4;0;0;0;0;36733.43;36733.43;4091.44;40824.87;0;0;0;0;0;0;0;0;0;7952;9105;382454;;;A;IRIGOYEN.1316 Rep.Nro.: 0 Piso:  Dpto:, 6100RUFINO CP:;
010040U;ETCHEPARE JOAQUIN HUMBERTO;C.C. Res. 074/2026;IRIGOYEN.1320;52;4;4;0;0;0;0;33060.08;33060.08;3682.3;36742.38;0;0;0;0;0;0;0;0;0;24742;25610;382378;;;A;LAVALLEJA 720 Rep.Nro.: 0 Piso:  Dpto:, 6100 RUFINO CP:;
010041U;MENDOZA MARIO;C.C. Res. 074/2026;IRIGOYEN.1346;52;4;4;0;0;0;0;36733.43;36733.43;4091.44;40824.87;0;0;0;0;0;0;0;0;0;6756;9107;382380;;;A;IRIGOYEN.1346 Rep.Nro.: 0 Piso:  Dpto:, 6100RUFINO CP:;
010042U;GUTIERREZ JUAN;C.C. Res. 074/2026;IRIGOYEN.1358;52;4;4;0;0;0;0;36733.43;36733.43;4091.44;40824.87;0;0;0;0;0;0;0;0;0;5390;9108;382382;;;A;IRIGOYEN.1358 Rep.Nro.: 0 Piso:  Dpto:, 6100RUFINO CP:;
010043U;ARTUSO EDUARDO E;C.C. Res. 074/2026;IRIGOYEN.1376;52;4;4;0;0;0;0;36733.43;36733.43;4091.44;40824.87;0;0;0;0;0;0;0;0;0;918;15711;382398;;;A;IRIGOYEN.1376 Rep.Nro.: 0 Piso:  Dpto:, 6100RUFINO CP:;
010044U;PACHECO MARIA;C.C. Ord. 3081/2016;IRIGOYEN.1396;52;1;0;0;1;0;0;1924.5;0;0;0;0;0;0;0;0;0;1924.5;0;0;8183;9109;166201;;;A;IRIGOYEN.1396(ESQU.) Rep.Nro.: 0 Piso:  Dpto:, 6100RUFINO;
010044U;PACHECO MARIA;C.C. Res. 074/2026;IRIGOYEN.1396;52;4;4;0;0;0;0;110200.26;110200.26;12274.34;122474.6;0;0;0;0;0;0;0;0;0;8183;9109;382399;;;A;IRIGOYEN.1396(ESQU.) Rep.Nro.: 0 Piso:  Dpto:, 6100RUFINO CP:;
010045U;MASTROBERTI JAVIER RICARDO;C.C. Ord. 3081/2016;CROUZEILLES 066;52;1;0;0;1;0;0;1924.5;0;0;0;0;0;0;0;0;0;1924.5;0;0;6651;8741;166197;;;A;CROUZEILLES 055 Rep.Nro.: 0 Piso:  Dpto:, 6100RUFINO;
010046U;AZCURRA ROSARIO ;C.C. Ord. 3081/2016;CROUZEILLES 050;52;1;0;0;1;0;0;3849;0;0;0;0;0;0;0;0;0;3849;0;0;1034;9111;166196;;;A;VICTORERO 528 Rep.Nro.: 0 Piso:  Dpto:, 6100RUFINO;
010051U;BERGAGLIO/BURGOS D;C.C. Ord. 3081/2016;URUGUAY 130;53;1;0;0;1;0;0;11065.9;0;0;0;0;0;0;0;0;0;11065.9;0;0;1577;9116;166248;;;A;URUGUAY 130 Rep.Nro.: 0 Piso:  Dpto:, 6100RUFINO;
010051U;BERGAGLIO/BURGOS D;C.C. Res. 074/2026;URUGUAY 130;53;4;4;0;0;0;0;789768.39;789768.39;87966.12;877734.51;0;0;0;0;0;0;0;0;0;1577;9116;382455;;;A;URUGUAY 130 Rep.Nro.: 0 Piso:  Dpto:, 6100 RUFINO CP:;
010053U;PONCE MARIANA L;C.C. Res. 074/2026;ALEM VIEYRA 1305;51;4;4;0;0;0;0;33060.08;33060.08;3682.3;36742.38;0;0;0;0;0;0;0;0;0;8859;9118;382261;;;A;A.VIEYRA.1305 Rep.Nro.: 0 Piso:  Dpto:, 6100 RUFINO CP:;
010057U;SERVERA CARLOS Y OTRA;C.C. Res. 074/2026;IRIGOYEN.1258;19;4;4;0;0;0;0;69793.48;69793.48;7773.75;77567.23;0;0;0;0;0;0;0;0;0;44018;45450;382439;;;A;IRIGOYEN.1258 Rep.Nro.: 0 Piso:  Dpto:, 6100 RUFINO CP:;
010068U;SCOTT MARTA N;C.C. Res. 074/2026;IRIGOYEN.1336;52;4;4;0;0;0;0;40406.75;40406.75;5473.37;45880.12;0;0;0;0;0;0;0;0;0;10140;9133;382379;;;A;IRIGOYEN.1336 Rep.Nro.: 0 Piso:  Dpto:, 6100RUFINO CP:;
010074U;CORONEL JOEL H ;C.C. Ord. 3081/2016;C.GARDEL 050;51;1;0;0;1;0;0;1924.5;0;0;0;0;0;0;0;0;0;1924.5;0;0;3153;7265;166164;;;A;C.GARDEL 040 Rep.Nro.: 0 Piso:  Dpto:, 6100RUFINO;
010075U;FERRERO/ARFENONI RUBEN;C.C. Ord. 3081/2016;C.GARDEL 060;4B;1;0;0;1;0;0;1924.5;0;0;0;0;0;0;0;0;0;1924.5;0;0;4166;9137;166163;;;A;CENTENARIO 376 Rep.Nro.: 0 Piso:  Dpto:, 6100RUFINO;
010076U;MASTROBERTI/AVILA C;C.C. Ord. 3081/2016;C.GARDEL 070;51;1;0;0;1;0;0;1924.5;0;0;0;0;0;0;0;0;0;1924.5;0;0;6654;9138;166161;;;A;C.GARDEL 080 Rep.Nro.: 0 Piso:  Dpto:, 6100RUFINO;
010077U;MASTROBERTI/AVILA C;C.C. Ord. 3081/2016;C.GARDEL 080;51;1;0;0;1;0;0;1732.05;0;0;0;0;0;0;0;0;0;1732.05;0;0;6654;9138;166160;;;A;C.GARDEL 080 Rep.Nro.: 0 Piso:  Dpto:, 6100RUFINO;
010078U;FERRERO ERNESTO VICENTE;C.C. Res. 074/2026;ALEM VIEYRA 1385;51;4;4;0;0;0;0;35815.09;35815.09;3989.16;39804.25;0;0;0;0;0;0;0;0;0;14107;12053;382275;;;A;SAN JUAN 174 Rep.Nro.: 0 Piso:  Dpto:, 6100RUFINO CP:;
010080U;SCHENFELD GERMAN;C.C. Ord. 3081/2016;C.GARDEL 055;56;1;0;0;1;0;0;1924.5;0;0;0;0;0;0;0;0;0;1924.5;0;0;10115;2432;166175;;;A;.ITALIA 127 Rep.Nro.: 0 Piso:  Dpto:, 6100RUFINO;
010087U;SANCHEZ JUAN I ;C.C. Ord. 3081/2016;CROUZEILLES 105;54;1;0;0;1;0;0;2405.63;0;0;0;0;0;0;0;0;0;2405.63;0;0;9959;9149;166233;;;A;CARBALLEIRA 144 Rep.Nro.: 0 Piso:  Dpto:, 6100RUFINO;
010087U;SANCHEZ JUAN I ;C.C. Res. 074/2026;CROUZEILLES 105;54;4;4;0;0;0;0;45916.75;45916.75;5114.3;51031.05;0;0;0;0;0;0;0;0;0;9959;9149;382400;;;A;CARBALLEIRA 144 Rep.Nro.: 0 Piso:  Dpto:, 6100 RUFINO CP:;
010088U;ALE DIEGO JESUS;C.C. Res. 074/2026;CARBALLEIRA.1502;82;4;4;0;0;0;0;133158.64;133158.64;14831.5;147990.14;0;0;0;0;0;0;0;0;0;19077;30955;382494;;;A;CARBALLEIRA.1506 Rep.Nro.: 0 Piso:  Dpto:, 6100 RUFINO CP:;
010089U;ARGUELLES G/MAGÑANO A.;C.C. Res. 074/2026;CARBALLEIRA.1602;117;4;4;0;0;0;0;135913.64;135913.64;15138.36;151052;0;0;0;0;0;0;0;0;0;729;9151;382513;;;A;CARBALLEIRA.1618 Rep.Nro.: 0 Piso:  Dpto:, 6100 RUFINO CP:;
010100U;CENTRO DE EMPLEADOS DE COMERCIO;Plan 50 ;ASAMBLEA.1115;11;12;0;12;0;0;0;14213.49;0;0;0;14213.49;0;2594.08;16807.57;0;0;0;0;0;2123;181;276662;;CALLE 16 LORENZETTI 500-600;A;B.FERREYRA 285 Rep.Nro.: 0 Piso:  Dpto:, 6100RUFINO CP:;
010167U;INMOBILIARIAS CUYANAS SA ;C.C. Res. 074/2026;COBO.1510;84;4;4;0;0;0;0;110200.26;110200.26;12274.34;122474.6;0;0;0;0;0;0;0;0;0;5595;427;382304;;;A;P.PERON 042 Rep.Nro.: 0 Piso:  Dpto:, 6100 RUFINO CP:;
010167U;INMOBILIARIAS CUYANAS SA ;Res. 159/2026 - Pavimento;COBO.1510;84;1;1;0;0;0;0;148771.33;148771.33;0;148771.33;0;0;0;0;0;0;0;0;0;5595;427;385294;;;A;P.PERON 042 Rep.Nro.: 0 Piso:  Dpto:, 6100 RUFINO CP:;
010168U;INMOBILIARIAS CUYANAS SA ;C.C. Res. 074/2026;COBO.1524;84;4;4;0;0;0;0;36733.43;36733.43;4091.44;40824.87;0;0;0;0;0;0;0;0;0;5595;427;382308;;;A;P.PERON 042 Rep.Nro.: 0 Piso:  Dpto:, 6100 RUFINO CP:;
010168U;INMOBILIARIAS CUYANAS SA ;Res. 159/2026 - Pavimento;COBO.1524;84;1;1;0;0;0;0;74385.67;74385.67;0;74385.67;0;0;0;0;0;0;0;0;0;5595;427;385297;;;A;P.PERON 042 Rep.Nro.: 0 Piso:  Dpto:, 6100 RUFINO CP:;
010169U;INMOBILIARIAS CUYANAS SA ;C.C. Res. 074/2026;COBO.1536;84;4;4;0;0;0;0;36733.43;36733.43;4091.44;40824.87;0;0;0;0;0;0;0;0;0;5595;427;382317;;;A;P.PERON 042 Rep.Nro.: 0 Piso:  Dpto:, 6100 RUFINO CP:;
010169U;INMOBILIARIAS CUYANAS SA ;Res. 159/2026 - Pavimento;COBO.1536;84;1;1;0;0;0;0;74385.67;74385.67;0;74385.67;0;0;0;0;0;0;0;0;0;5595;427;385300;;;A;P.PERON 042 Rep.Nro.: 0 Piso:  Dpto:, 6100 RUFINO CP:;
010170U;INMOBILIARIAS CUYANAS SA ;C.C. Res. 074/2026;COBO.1544;84;4;4;0;0;0;0;36733.43;36733.43;4091.44;40824.87;0;0;0;0;0;0;0;0;0;5595;427;382322;;;A;P.PERON 042 Rep.Nro.: 0 Piso:  Dpto:, 6100 RUFINO CP:;
010170U;INMOBILIARIAS CUYANAS SA ;Res. 159/2026 - Pavimento;COBO.1544;84;1;1;0;0;0;0;74385.67;74385.67;0;74385.67;0;0;0;0;0;0;0;0;0;5595;427;385301;;;A;P.PERON 042 Rep.Nro.: 0 Piso:  Dpto:, 6100 RUFINO CP:;
010171U;INMOBILIARIAS CUYANAS SA ;C.C. Res. 074/2026;COBO.1556;84;4;4;0;0;0;0;36733.43;36733.43;4091.44;40824.87;0;0;0;0;0;0;0;0;0;5595;427;382331;;;A;P.PERON 042 Rep.Nro.: 0 Piso:  Dpto:, 6100 RUFINO CP:;
010171U;INMOBILIARIAS CUYANAS SA ;Res. 159/2026 - Pavimento;COBO.1556;84;1;1;0;0;0;0;74385.67;74385.67;0;74385.67;0;0;0;0;0;0;0;0;0;5595;427;385232;;;A;P.PERON 042 Rep.Nro.: 0 Piso:  Dpto:, 6100 RUFINO CP:;
010172U;INMOBILIARIAS CUYANAS SA ;C.C. Res. 074/2026;COBO.1564;84;4;4;0;0;0;0;36733.43;36733.43;4091.44;40824.87;0;0;0;0;0;0;0;0;0;5595;427;382333;;;A;P.PERON 042 Rep.Nro.: 0 Piso:  Dpto:, 6100 RUFINO CP:;
010172U;INMOBILIARIAS CUYANAS SA ;Res. 159/2026 - Pavimento;COBO.1564;84;1;1;0;0;0;0;74385.67;74385.67;0;74385.67;0;0;0;0;0;0;0;0;0;5595;427;385233;;;A;P.PERON 042 Rep.Nro.: 0 Piso:  Dpto:, 6100 RUFINO CP:;
010173U;INMOBILIARIAS CUYANAS SA ;C.C. Res. 074/2026;COBO.1578;84;4;4;0;0;0;0;36733.43;36733.43;4091.44;40824.87;0;0;0;0;0;0;0;0;0;5595;427;382338;;;A;P.PERON 042 Rep.Nro.: 0 Piso:  Dpto:, 6100 RUFINO CP:;
010173U;INMOBILIARIAS CUYANAS SA ;Res. 159/2026 - Pavimento;COBO.1578;84;1;1;0;0;0;0;74385.67;74385.67;0;74385.67;0;0;0;0;0;0;0;0;0;5595;427;385243;;;A;P.PERON 042 Rep.Nro.: 0 Piso:  Dpto:, 6100 RUFINO CP:;
010174U;INMOBILIARIAS CUYANAS SA ;C.C. Res. 074/2026;COBO.1584;84;4;4;0;0;0;0;36733.43;36733.43;4091.44;40824.87;0;0;0;0;0;0;0;0;0;5595;427;382343;;;A;P.PERON 042 Rep.Nro.: 0 Piso:  Dpto:, 6100 RUFINO CP:;
010174U;INMOBILIARIAS CUYANAS SA ;Res. 159/2026 - Pavimento;COBO.1584;84;1;1;0;0;0;0;74385.67;74385.67;0;74385.67;0;0;0;0;0;0;0;0;0;5595;427;385245;;;A;P.PERON 042 Rep.Nro.: 0 Piso:  Dpto:, 6100 RUFINO CP:;
010175U;INMOBILIARIAS CUYANAS SA ;C.C. Res. 074/2026;COBO.1590;84;4;4;0;0;0;0;117253.08;117253.08;13059.9;130312.98;0;0;0;0;0;0;0;0;0;5595;427;382350;;;A;P.PERON 042 Rep.Nro.: 0 Piso:  Dpto:, 6100 RUFINO CP:;
010175U;INMOBILIARIAS CUYANAS SA ;Res. 159/2026 - Pavimento;COBO.1590;84;1;1;0;0;0;0;74385.67;74385.67;0;74385.67;0;0;0;0;0;0;0;0;0;5595;427;385248;;;A;P.PERON 042 Rep.Nro.: 0 Piso:  Dpto:, 6100 RUFINO CP:;
010176U;BAP/UNION MERCANTIL;Ord. 3303/22 hormigon armado;AMERICA 053 BIS;;50;3;47;0;0;0;4953568.13;508411.91;78087.33;586499.24;4445156.22;0;5680856.29;10126012.51;0;0;0;0;0;1035;9236;324973;;;A;25 DE MAYO 200 Rep.Nro.: 0 Piso:  Dpto:, 6100RUFINO CP:;
010177U;UNION MERCANTIL RUFINO S.A.;Adoquinado barrio jardin Ordenanza Nº: 3300/2022;25 DE MAYO 200;;50;0;50;0;0;0;121839;0;0;0;0;0;0;0;0;121839;0;0;0;15654;14309;324980;;;B;25 DE MAYO 200 Rep.Nro.: 0 Piso:  Dpto:, 6100 RUFINO CP:;
010177U;UNION MERCANTIL RUFINO S.A.;Ord. 3303/22 hormigon armado;25 DE MAYO 200;;50;4;46;0;0;0;270480.12;14522.74;46804.46;61327.2;255957.38;0;185018.2;440975.58;0;0;0;0;0;15654;14309;325126;;;A;25 DE MAYO 200 Rep.Nro.: 0 Piso:  Dpto:, 6100 RUFINO CP:;
010197U;GONZALEZ ALEJANDRA MARGARITA;C.C. Res. 074/2026;CARBALLEIRA.1310;53;4;4;0;0;0;0;135913.64;135913.64;15138.36;151052;0;0;0;0;0;0;0;0;0;19080;19421;382463;;;A;CARBALLEIRA.1310 Rep.Nro.: 0 Piso:  Dpto:, 6100 RUFINO CP:;
010198U;BECERRA OSVALDO;C.C. Res. 074/2026;CARBALLEIRA.1320;53;4;4;0;0;0;0;45916.75;45916.75;5114.3;51031.05;0;0;0;0;0;0;0;0;0;1463;9254;382469;;;A;CARBALLEIRA.1317 Rep.Nro.: 0 Piso:  Dpto:, 6100RUFINO CP:;
010199U;GONZALEZ ENRIQUE;C.C. Res. 074/2026;CARBALLEIRA.1330;53;4;4;0;0;0;0;45916.75;45916.75;5114.3;51031.05;0;0;0;0;0;0;0;0;0;5079;9255;382471;;;A;CARBALLEIRA.1330 Rep.Nro.: 0 Piso:  Dpto:, 6100 RUFINO CP:;
010200U;BELMUDEZ CRISTIAN SEBASTIAN;C.C. Res. 074/2026;CARBALLEIRA.1346;53;4;4;0;0;0;0;45916.75;45916.75;5114.3;51031.05;0;0;0;0;0;0;0;0;0;28800;29372;382472;;;A;CARBALLEIRA.1346 Rep.Nro.: 0 Piso:  Dpto:, 6100 RUFINO CP:;
010201U;NAVILLI WALDO A;C.C. Res. 074/2026;CARBALLEIRA.1356;53;4;4;0;0;0;0;45916.75;45916.75;5114.3;51031.05;0;0;0;0;0;0;0;0;0;7722;913;382473;;;A;BV.ESPAÑA 488 Rep.Nro.: 0 Piso:  Dpto:, 6100RUFINO CP:;
010202U;GAVOTTO OSCAR PEDRO;C.C. Res. 074/2026;CARBALLEIRA.1370;53;4;1;3;0;0;0;45916.75;11972.23;0;11972.23;33944.52;0;0;33944.52;0;0;0;0;0;4691;2086;382475;;;A;M.ROCA 520 Rep.Nro.: 0 Piso:  Dpto:, 6100RUFINO CP:;
010203U;MENINI LUCIANO D;C.C. Res. 074/2026;CARBALLEIRA.1380;53;1;0;1;0;0;0;271556.25;0;0;0;244400.63;0;0;244400.63;0;0;0;0;0;6786;9259;381928;;;A;CARBALLEIRA.1380 Rep.Nro.: 0 Piso:  Dpto:, 6100 RUFINO CP:;
010204U;NAVILLI WALDO A;C.C. Ord. 3081/2016;CARBALLEIRA.1390;53;1;0;0;1;0;0;4715;0;0;0;0;0;0;0;0;0;4715;0;0;7722;913;166244;;;A;GRAL.PAZ 107 Rep.Nro.: 0 Piso:  Dpto:, 6100RUFINO;
010204U;NAVILLI WALDO A;C.C. Res. 074/2026;CARBALLEIRA.1390;53;4;4;0;0;0;0;135913.64;135913.64;15138.36;151052;0;0;0;0;0;0;0;0;0;7722;913;382478;;;A;BV.BELGRANO 621 Rep.Nro.: 0 Piso:  Dpto:, 6100 RUFINO CP:;
010205U;PEREZ LAURA M;C.C. Ord. 3081/2016;CROUZEILLES 180;53;1;0;0;1;0;0;2116.95;0;0;0;0;0;0;0;0;0;2116.95;0;0;7011;9261;166245;;;A;CROUZEILLES 180 Rep.Nro.: 0 Piso:  Dpto:, 6100RUFINO;
010206U;CHATELAIN RENE EDGARDO;C.C. Ord. 3081/2016;CROUZEILLES 170;53;1;0;0;1;0;0;2116.95;0;0;0;0;0;0;0;0;0;2116.95;0;0;16032;22044;166246;;;A;CROUZEILLES 170 Rep.Nro.: 0 Piso:  Dpto:, 6100RUFINO;
010207U;NAVILLI/BALBI ZULEMA;C.C. Ord. 3081/2016;CROUZEILLES 162;53;1;0;0;1;0;0;2116.95;0;0;0;0;0;0;0;0;0;2116.95;0;0;7799;9263;166247;;;A;MORENO 650 Rep.Nro.: 0 Piso:  Dpto:, 6100RUFINO;
010222U;NAVILLI WALDO/BORJAS V;Adoquinado barrio jardin Ordenanza Nº: 3300/2022;LAPRIDA 821;6;50;3;47;0;0;0;161032.48;17053.3;1308.61;18361.91;143979.18;0;88994.56;232973.74;0;0;0;0;0;7789;9275;324449;;;A;LAPRIDA 821 Rep.Nro.: 0 Piso:  Dpto:, 6100RUFINO CP:;
010223U;NAVILLI WALDO A;Adoquinado barrio jardin Ordenanza Nº: 3300/2022;LAPRIDA 831;6;50;27;0;0;0;23;159619.93;113269.18;104521.99;217791.17;0;0;0;0;0;0;0;0;46350.75;7722;913;324451;;;A;BV.ESPAÑA 488 Rep.Nro.: 0 Piso:  Dpto:, 6100RUFINO CP:;
010224U;GODOY JORGE ANTONIO;Adoquinado barrio jardin Ordenanza Nº: 3300/2022;LAPRIDA 843;6;24;0;24;0;0;0;121442.05;0;0;0;120706.13;0;12.74;120718.87;0;735.92;0;0;0;25290;26073;321783;;;A;LAPRIDA 843 Rep.Nro.: 0 Piso:  Dpto:, 6100 RUFINO CP:;
010225U;MACHADO HORACIO ESTEBAN Y OTRA;Adoquinado barrio jardin Ordenanza Nº: 3300/2022;LAPRIDA 853;6;50;0;50;0;0;0;156559.55;0;0;0;156559.55;2610.86;8501.24;167671.65;0;0;0;0;0;41020;41930;324453;;;A;BOLIVAR 322 Rep.Nro.: 0 Piso:  Dpto:, 6100RUFINO CP:;
010226U;CIKES SILVIA INES;Adoquinado barrio jardin Ordenanza Nº: 3300/2022;LAPRIDA 863;6;50;7;43;0;0;0;154699.51;32102.14;6279.62;38381.76;118569.31;0;16888.99;135458.3;0;0;0;0;0;13776;13555;324454;;;A;SAN JUAN 190 Rep.Nro.: 0 Piso:  Dpto:, 6100RUFINO CP:;
010227U;RUIZ CARLOS ALBERTO;Adoquinado barrio jardin Ordenanza Nº: 3300/2022;LAPRIDA 873;6;50;27;23;0;0;0;154878.92;109904.84;101417.41;211322.25;44974.08;0;122956.39;167930.47;0;0;0;0;0;9752;9279;324455;;;A;LAPRIDA 873 Rep.Nro.: 0 Piso:  Dpto:, 6100RUFINO CP:;
010228U;BARUCCO MIGUEL ANGEL;Adoquinado barrio jardin Ordenanza Nº: 3300/2022;LAPRIDA 889;6;36;0;36;0;0;0;665541.04;0;0;0;665541.04;0;1491.86;667032.9;0;0;0;0;0;27242;27882;322938;;;A;SAN JUAN 048 Rep.Nro.: 0 Piso:  Dpto:, 6100 RUFINO CP:;
010229U;SARZANO CARLOS A;Adoquinado barrio jardin Ordenanza Nº: 3300/2022;ECHEVERRIA 110;6;1;0;1;0;0;0;85183.95;0;0;0;65591.64;0;0;65591.64;0;0;0;0;0;10079;9281;321628;;;A;ECHEVERRIA 110 Rep.Nro.: 0 Piso:  Dpto:, 6100RUFINO CP:;
010230U;CONTRERAS ANGEL C;Adoquinado barrio jardin Ordenanza Nº: 3300/2022;ECHEVERRIA 120;6;50;15;0;35;0;0;156408.38;71648.4;37772.5;109420.9;0;0;0;0;0;0;84759.98;0;0;3070;9282;324457;;;A;BROWN.1034 Rep.Nro.: 0 Piso:  Dpto:, 6100RUFINO CP:;
010231U;NAVILLI/CUESTA JUAN C;Adoquinado barrio jardin Ordenanza Nº: 3300/2022;ECHEVERRIA 134;6;50;10;40;0;0;0;166498.98;53825.2;18456.56;72281.76;112673.78;0;157698.26;270372.04;0;0;0;0;0;7815;9283;324459;;;A;GALAN 280 Rep.Nro.: 0 Piso:  Dpto:, 6100 RUFINO CP:;
010232U;NAVILLI/CUESTA JUAN C;Adoquinado barrio jardin Ordenanza Nº: 3300/2022;ECHEVERRIA 142;6;50;10;40;0;0;0;168485.71;54467.48;18676.81;73144.29;114018.23;0;159579.87;273598.1;0;0;0;0;0;7815;9283;324462;;;A;GALAN 280 Rep.Nro.: 0 Piso:  Dpto:, 6100RUFINO CP:;
010233U;NAVILLI W/SOSA JORGE I;Adoquinado barrio jardin Ordenanza Nº: 3300/2022;LAPRIDA 830;7;72;0;72;0;0;0;264103.2;0;0;0;0;0;0;0;0;264103.2;0;0;0;7657;9285;323460;;;B;LAPRIDA 830 Rep.Nro.: 0 Piso:  Dpto:, 6100RUFINO CP:;
010233U;NAVILLI W/SOSA JORGE I;Adoquinado barrio jardin Ordenanza Nº: 3300/2022;LAPRIDA 830;7;36;0;7;29;0;0;232186.08;0;0;0;37806.25;0;22412.03;60218.28;0;0;194379.83;0;0;7657;9285;323472;;;A;LAPRIDA 830 Rep.Nro.: 0 Piso:  Dpto:, 6100RUFINO CP:;
010234U;SERRA WALTER HERNAN;Adoquinado barrio jardin Ordenanza Nº: 3300/2022;LAPRIDA 850;7;1;0;1;0;0;0;106891.06;0;0;0;82306.12;0;0;82306.12;0;0;0;0;0;16112;16008;322940;;;A;CHACABUCO 485 Rep.Nro.: 0 Piso:  Dpto:, 6100RUFINO CP:;
010235U;RAMOS GISELA VANESA Y OTRO;Adoquinado barrio jardin Ordenanza Nº: 3300/2022;LAPRIDA 860;7;50;27;0;23;0;0;155643.01;110447.14;101917.71;212364.85;0;0;0;0;0;0;45195.87;0;0;45749;47519;324464;;;A;ITALIA.1150 Rep.Nro.: 0 Piso:  Dpto:, 6100RUFINO CP:;
010236U;ZEBALLEZ CECILIA;Adoquinado barrio jardin Ordenanza Nº: 3300/2022;LAPRIDA 870;7;50;11;17;0;0;22;156866.01;55159.83;20894.33;76054.16;30531.57;0;50814.95;81346.52;0;0;0;0;71174.61;29312;29827;324465;;;A;GRAL.LOPEZ 680 Rep.Nro.: 0 Piso:  Dpto:, 6100 RUFINO CP:;
010237U;DIEGUEZ MARIANA ROSA MARIA;Adoquinado barrio jardin Ordenanza Nº: 3300/2022;LAPRIDA 880;7;50;1;49;0;0;0;157691.81;5721.92;0;5721.92;151969.89;0;2110.94;154080.83;0;0;0;0;0;3606;9289;324467;;;A;MEUNIER 290 Rep.Nro.: 0 Piso:  Dpto:, 6100RUFINO CP:;
010238U;NAVILLI/ROJAS R;Adoquinado barrio jardin Ordenanza Nº: 3300/2022;LAPRIDA 890;7;50;50;0;0;0;0;158547.21;158547.21;256189.27;414736.48;0;0;0;0;0;0;0;0;0;7849;9290;324468;;;A;AMERICA 238 Rep.Nro.: 0 Piso:  Dpto:, 6100RUFINO CP:;
010239U;NAVILLI/BALDOR DARIO;Adoquinado barrio jardin Ordenanza Nº: 3300/2022;ECHEVERRIA 048;7;50;1;9;40;0;0;677612.66;24573.24;0;24573.24;194483;0;10892.72;205375.72;0;0;458556.42;0;0;7800;9301;324470;;;A;ECHEVERRIA 048 Rep.Nro.: 0 Piso:  Dpto:, 6100RUFINO CP:;
010240U;MARTINESSI ELIZABETH ;Adoquinado barrio jardin Ordenanza Nº: 3300/2022;BV.SAN MARTIN 815;7;50;3;47;0;0;0;229228.63;23904.01;2834.59;26738.6;205324.65;6574.82;16234.58;228134.05;0;0;0;0;0;6554;6063;324471;;;A;GARAY 011 Rep.Nro.: 0 Piso:  Dpto:, 6100RUFINO CP:;
010241U;MARTINESSI ELIZABETH ;Adoquinado barrio jardin Ordenanza Nº: 3300/2022;BV.SAN MARTIN 825;7;50;1;49;0;0;0;201909.73;7335.43;0;7335.43;194574.32;5791.25;15073.26;215438.83;0;0;0;0;0;6554;6063;324472;;;A;GARAY 011 Rep.Nro.: 0 Piso:  Dpto:, 6100RUFINO CP:;
010242U;NAVILLI W/DURAND H;Adoquinado barrio jardin Ordenanza Nº: 3300/2022;BV.SAN MARTIN 839;7;50;11;0;0;0;39;170168.89;59837.7;22666.29;82503.99;0;0;0;0;0;0;0;0;110331.19;7653;9294;324473;;;A;LAS HERAS 370 Rep.Nro.: 0 Piso:  Dpto:, 6100RUFINO CP:;
010243U;MENDOZA JORGE P;Adoquinado barrio jardin Ordenanza Nº: 3300/2022;BV.SAN MARTIN 851;7;50;27;0;0;0;23;159006.47;112833.99;104120.23;216954.22;0;0;0;0;0;0;0;0;46172.48;6753;9295;324474;;;A;BV.SAN MARTIN 851 Rep.Nro.: 0 Piso:  Dpto:, 6100 RUFINO CP:;
010244U;DIEGUEZ LUCIANA;Adoquinado barrio jardin Ordenanza Nº: 3300/2022;BV.SAN MARTIN 865;7;24;0;24;0;0;0;117694.6;0;0;0;117694.6;0;0;117694.6;0;0;0;0;0;13963;13720;323026;;;A;MEUNIER 290 Rep.Nro.: 0 Piso:  Dpto:, 6100RUFINO CP:;
010245U;GONZALEZ IGNACIO ALEJANDRO;Adoquinado barrio jardin Ordenanza Nº: 3300/2022;BV.SAN MARTIN 875;7;50;3;47;0;0;0;153519.82;16276.77;1249.03;17525.8;137243.05;0;21195.17;158438.22;0;0;0;0;0;17110;16595;324475;;;A;ALBERDI 676 Rep.Nro.: 0 Piso:  Dpto:, 6100 RUFINO CP:;
010246U;NAVILLI WALDO A;Adoquinado barrio jardin Ordenanza Nº: 3300/2022;ECHEVERRIA 008;7;50;11;1;0;0;38;512186.58;180103.52;68222.52;248326.04;9052.73;0;9795.05;18847.78;0;0;0;0;323030.33;7722;913;324476;;;A;BV.ESPAÑA 488 Rep.Nro.: 0 Piso:  Dpto:, 6100RUFINO CP:;
010247U;ULLATE HUGO R ;Adoquinado barrio jardin Ordenanza Nº: 3300/2022;ECHEVERRIA 022;7;50;50;0;0;0;0;159772.52;159772.52;258168.07;417940.59;0;0;0;0;0;0;0;0;0;10989;15719;324477;;;A;ECHEVERRIA 022 Rep.Nro.: 0 Piso:  Dpto:, 6100 RUFINO CP:;
010248U;NAVILLI WALDO A;Adoquinado barrio jardin Ordenanza Nº: 3300/2022;ECHEVERRIA 032;7;50;27;0;0;0;23;154420.2;109579.45;101117.05;210696.5;0;0;0;0;0;0;0;0;44840.75;7722;913;324478;;;A;BV.ESPAÑA 488 Rep.Nro.: 0 Piso:  Dpto:, 6100RUFINO CP:;
010249U;NAVILLI/BURGOS PEDRO;Adoquinado barrio jardin Ordenanza Nº: 3300/2022;ECHEVERRIA 044;7;50;11;0;0;0;39;153045.94;53816.79;20385.59;74202.38;0;0;0;0;0;0;0;0;99229.15;7807;9300;324479;;;A;VIEYTES 008 Rep.Nro.: 0 Piso:  Dpto:, 6100 RUFINO CP:;
010250U;NAVILLI/BALDOR DARIO;Adoquinado barrio jardin Ordenanza Nº: 3300/2022;ECHEVERRIA 058;7;50;1;9;40;0;0;170168.89;6171.09;0;6171.09;48840.62;0;2735.49;51576.11;0;0;115157.18;0;0;7800;9301;324480;;;A;ECHEVERRIA 048 Rep.Nro.: 0 Piso:  Dpto:, 6100 RUFINO CP:;
010251U;GASPAR JOSE CEFERINO;Adoquinado barrio jardin Ordenanza Nº: 3300/2022;ECHEVERRIA 151;13;50;10;0;40;0;0;168181.8;54369.34;18643.15;73012.49;0;0;0;0;0;0;113812.46;0;0;4673;9302;324481;;;A;ECHEVERRIA 151 Rep.Nro.: 0 Piso:  Dpto:, 6100 RUFINO CP:;
010252U;NAVILLI/CUELLO MIGUEL;Adoquinado barrio jardin Ordenanza Nº: 3300/2022;ECHEVERRIA 137;13;50;8;3;39;0;0;173684.91;45949.58;12367.72;58317.3;15124.33;0;4341.56;19465.89;0;0;112611;0;0;7814;9303;324482;;;A;ECHEVERRIA 137 Rep.Nro.: 0 Piso:  Dpto:, 6100 RUFINO CP:;
010253U;CEBALLOS MIGUEL ANGEL;Adoquinado barrio jardin Ordenanza Nº: 3300/2022;ECHEVERRIA 125;13;50;4;46;0;0;0;158395.44;22075.33;2508.32;24583.65;136320.11;0;61346.66;197666.77;0;0;0;0;0;30785;31202;324483;;;A;ECHEVERRIA 125 Rep.Nro.: 0 Piso:  Dpto:, 6100 RUFINO CP:;
010254U;RIVAROLA ENRIQUE LUIS;Adoquinado barrio jardin Ordenanza Nº: 3300/2022;ECHEVERRIA 115;13;50;11;0;0;0;39;174144.44;61235.65;23195.84;84431.49;0;0;0;0;0;0;0;0;112908.79;9352;9305;324484;;;A;ECHEVERRIA 115 Rep.Nro.: 0 Piso:  Dpto:, 6100 RUFINO CP:;
010255U;NAVILLI/REY CESAR L;Adoquinado barrio jardin Ordenanza Nº: 3300/2022;ECHEVERRIA 107;13;50;0;50;0;0;0;472814.32;0;0;0;472814.32;0;3860.31;476674.63;0;0;0;0;0;7845;9306;324485;;;A;ECHEVERRIA 107 Rep.Nro.: 0 Piso:  Dpto:, RUFINO CP:6100;
010256U;BASTARD ALBERTO CARLOS;Adoquinado barrio jardin Ordenanza Nº: 3300/2022;LAPRIDA 925;13;50;0;50;0;0;0;152583.63;0;0;0;151477.39;8166.27;523.56;160167.22;0;1106.21;0;0;0;1376;9307;324486;;;A;BV.BELGRANO 385 Rep.Nro.: 0 Piso:  Dpto:, 6100RUFINO CP:;
010257U;BASTARD ALBERTO CARLOS;Adoquinado barrio jardin Ordenanza Nº: 3300/2022;LAPRIDA 935;13;1;0;1;0;0;0;82717.24;0;0;0;63692.27;0;0;63692.27;0;0;0;0;0;1376;9307;321777;;;A;LAPRIDA 935 Rep.Nro.: 0 Piso:  Dpto:, 6100RUFINO CP:;
010258U;OBISPADO DE VENADO TUERTO;Adoquinado barrio jardin Ordenanza Nº: 3300/2022;LAPRIDA 945;13;50;50;0;0;0;0;154574.42;154574.42;249768.78;404343.2;0;0;0;0;0;0;0;0;0;7978;9309;324487;;;A;ITALIA 051 Rep.Nro.: 0 Piso:  Dpto:, 6100RUFINO CP:;
010259U;OBISPADO DE VENADO TUERTO;Adoquinado barrio jardin Ordenanza Nº: 3300/2022;LAPRIDA 955;13;50;50;0;0;0;0;157631.49;157631.49;254709.23;412340.72;0;0;0;0;0;0;0;0;0;7978;9309;324488;;;A;ITALIA 051 Rep.Nro.: 0 Piso:  Dpto:, 6100RUFINO CP:;
010260U;NAVILLI WALDO A;Adoquinado barrio jardin Ordenanza Nº: 3300/2022;LAPRIDA 965;13;50;11;0;0;0;39;184234.32;64783.59;24539.78;89323.37;0;0;0;0;0;0;0;0;119450.73;7722;913;324489;;;A;BV.ESPAÑA 488 Rep.Nro.: 0 Piso:  Dpto:, 6100 RUFINO CP:;
010261U;NAVILLI WALDO A;Adoquinado barrio jardin Ordenanza Nº: 3300/2022;J.INGENIEROS 050;13;50;11;0;0;0;39;387121.84;136126.2;51564.1;187690.3;0;0;0;0;0;0;0;0;250995.64;7722;913;324490;;;A;BV.ESPAÑA 488 Rep.Nro.: 0 Piso:  Dpto:, 6100 RUFINO CP:;
010262U;NAVILLI WALDO A;Adoquinado barrio jardin Ordenanza Nº: 3300/2022;J.INGENIEROS 040;13;50;11;0;0;0;39;830047.8;291875.1;110561.18;402436.28;0;0;0;0;0;0;0;0;538172.7;7722;913;324492;;;A;BV.ESPAÑA 488 Rep.Nro.: 0 Piso:  Dpto:, 6100 RUFINO CP:;
010263U;NAVILLI WALDO A;Adoquinado barrio jardin Ordenanza Nº: 3300/2022;J.INGENIEROS 052;13;1;0;1;0;0;0;110837.81;0;0;0;85345.11;0;0;85345.11;0;0;0;0;0;7722;913;321922;;;A;J.INGENIEROS 036 Rep.Nro.: 0 Piso:  Dpto:, 6100 RUFINO CP:;
010264U;ROLDAN MARIELA VERONICA;Adoquinado barrio jardin Ordenanza Nº: 3300/2022;J.INGENIEROS 058;13;50;21;29;0;0;0;160230.19;95383.61;69996.01;165379.62;64846.58;0;43023.39;107869.97;0;0;0;0;0;9525;9315;324493;;;A;J.INGENIEROS 058 Rep.Nro.: 0 Piso:  Dpto:, 6100RUFINO CP:;
010265U;NAVILLI/SMITH PATRICIA;Adoquinado barrio jardin Ordenanza Nº: 3300/2022;J.INGENIEROS 066;13;50;27;0;0;0;23;170321.52;120863.35;111529.51;232392.86;0;0;0;0;0;0;0;0;49458.17;7863;9316;324494;;;A;MEUNIER 135 Rep.Nro.: 0 Piso:  Dpto:, 6100 RUFINO CP:;
010266U;VELAZQUEZ MATIAS RODOLFO;Pavimiento Urbano;J.INGENIEROS 076;13;1;0;1;0;0;0;76154.33;0;0;0;58638.83;0;0;58638.83;0;0;0;0;0;35336;35895;317907;;;A;J.INGENIEROS 076 Rep.Nro.: 0 Piso:  Dpto:, 6100 RUFINO CP:;
010266U;VELAZQUEZ MATIAS RODOLFO;Adoquinado barrio jardin Ordenanza Nº: 3300/2022;J.INGENIEROS 076;13;50;0;50;0;0;0;91399.1;0;0;0;0;0;0;0;0;91399.1;0;0;0;35336;35895;324495;;;B;J.INGENIEROS 076 Rep.Nro.: 0 Piso:  Dpto:, 6100 RUFINO CP:;
010268U;FASANO/HERRERA MARIA;Adoquinado barrio jardin Ordenanza Nº: 3300/2022;J.INGENIEROS 084;13;50;19;31;0;0;0;171237.71;94600.07;63242.88;157842.95;76637.64;0;95760.95;172398.59;0;0;0;0;0;4005;9319;324497;;;A;J.INGENIEROS 084 Rep.Nro.: 0 Piso:  Dpto:, 6100 RUFINO CP:;
010269U;NAVILLI W/ETCHETTO R;Adoquinado barrio jardin Ordenanza Nº: 3300/2022;LAPRIDA 910;14;50;11;0;0;0;39;585728.22;205963.44;78018.18;283981.62;0;0;0;0;0;0;0;0;379764.78;7654;9320;324498;;;A;.SANTA FE 159 Rep.Nro.: 0 Piso:  Dpto:, 6100 RUFINO CP:;
010270U;SALCES ZAPATA GUSTAVO ;Adoquinado barrio jardin Ordenanza Nº: 3300/2022;ECHEVERRIA 061;14;50;17;33;0;0;0;194173.55;88587.82;70842;159429.82;105585.73;0;71577.97;177163.7;0;0;0;0;0;9845;9321;324501;;;A;ECHEVERRIA 055 Rep.Nro.: 0 Piso:  Dpto:, 6100 RUFINO CP:;
010271U;GALLO SILVINA N;Adoquinado barrio jardin Ordenanza Nº: 3300/2022;LAPRIDA 926;14;1;0;1;0;0;0;82963.91;0;0;0;63882.21;0;0;63882.21;0;0;0;0;0;4514;9322;322304;;;A;J.B.JUSTO 434 Rep.Nro.: 0 Piso:  Dpto:, 6100RUFINO CP:;
010272U;VILCHEZ ANGEL ;Adoquinado barrio jardin Ordenanza Nº: 3300/2022;LAPRIDA 936;14;1;0;1;0;0;0;82963.91;0;0;0;63882.21;0;0;63882.21;0;0;0;0;0;11317;9323;321626;;;A;LAPRIDA 936 Rep.Nro.: 0 Piso:  Dpto:, 6100RUFINO CP:;
010273U;OVIEDO JOSE FELIPE;Adoquinado barrio jardin Ordenanza Nº: 3300/2022;LAPRIDA 946;14;1;0;1;0;0;0;76913.8;0;0;0;59223.63;0;0;59223.63;0;0;0;0;0;8178;9324;318771;;;A;LAPRIDA 946 Rep.Nro.: 0 Piso:  Dpto:, 6100RUFINO CP:;
010274U;FERREYRA P.D.DE;Adoquinado barrio jardin Ordenanza Nº: 3300/2022;LAPRIDA 990;14;50;33;17;0;0;0;628994.8;506570.52;561526.86;1068097.38;30326.51;0;69904.36;100230.87;0;92097.77;0;0;0;4183;417;324502;;;A;COBO 121 Rep.Nro.: 0 Piso:  Dpto:, 6100RUFINO CP:;
010275U;BAULIES MIGUEL ANGEL;Adoquinado barrio jardin Ordenanza Nº: 3300/2022;BV.SAN MARTIN 917;14;50;0;50;0;0;0;709018.84;0;0;0;709018.84;0;162148.84;871167.68;0;0;0;0;0;23264;24232;324503;;;A;BV.SAN MARTIN 917 Rep.Nro.: 0 Piso:  Dpto:, 6100RUFINO CP:;
010276U;NAVILLI WALDO/ZAPATA E;Adoquinado barrio jardin Ordenanza Nº: 3300/2022;BV.SAN MARTIN 929;14;50;11;0;0;0;39;183469.19;64514.45;24437.86;88952.31;0;0;0;0;0;0;0;0;118954.74;7645;9327;324504;;;A;BV.SAN MARTIN 929 Rep.Nro.: 0 Piso:  Dpto:, 6100 RUFINO CP:;
010277U;COSTA HORACIO A;Adoquinado barrio jardin Ordenanza Nº: 3300/2022;BV.SAN MARTIN 941;14;50;27;0;0;0;23;192031.75;136269.2;125745.77;262014.97;0;0;0;0;0;0;0;0;55762.55;3229;9328;324505;;;A;BV.SAN MARTIN 941 Rep.Nro.: 0 Piso:  Dpto:, 6100RUFINO CP:;
010278U;NAVILLI/ZARATE CELIA;Adoquinado barrio jardin Ordenanza Nº: 3300/2022;BV.SAN MARTIN 955;14;50;11;0;0;0;39;156559.63;55052.11;20853.53;75905.64;0;0;0;0;0;0;0;0;101507.52;7878;9329;324507;;;A;BV.SAN MARTIN 955 Rep.Nro.: 0 Piso:  Dpto:, 6100 RUFINO CP:;
010279U;MORANDI CARLOS ALBERTO;Adoquinado barrio jardin Ordenanza Nº: 3300/2022;BV.SAN MARTIN 965;14;50;11;0;0;0;39;159160.42;55966.65;21199.96;77166.61;0;0;0;0;0;0;0;0;103193.77;7083;9330;324508;;;A;BV.SAN MARTIN 965 Rep.Nro.: 0 Piso:  Dpto:, 6100RUFINO CP:;
010280U;BAULIES ANICETO;Adoquinado barrio jardin Ordenanza Nº: 3300/2022;BV.SAN MARTIN 971;14;1;0;1;0;0;0;78316.32;0;0;0;60303.57;0;0;60303.57;0;0;0;0;0;1439;14856;317349;;;A;BV.SAN MARTIN 971 Rep.Nro.: 0 Piso:  Dpto:, 6100 RUFINO CP:;
010281U;NAVILLI/GROTTOLI L;Adoquinado barrio jardin Ordenanza Nº: 3300/2022;BV.SAN MARTIN 995;14;50;11;0;0;0;39;607591.04;213651.26;80930.31;294581.57;0;0;0;0;0;0;0;0;393939.78;7832;9331;324510;;;A;BV.SAN MARTIN 995 Rep.Nro.: 0 Piso:  Dpto:, 6100 RUFINO CP:;
010282U;ZAPATA JUAN CLARO;Adoquinado barrio jardin Ordenanza Nº: 3300/2022;ECHEVERRIA 051;14;50;17;33;0;0;0;194782.31;89013.77;70762.68;159776.45;105768.54;0;75490.51;181259.05;0;0;0;0;0;11536;9332;324511;;;A;ECHEVERRIA 055 Rep.Nro.: 0 Piso:  Dpto:, 6100 RUFINO CP:;
010283U;ROMERO NICOLAS D;Adoquinado barrio jardin Ordenanza Nº: 3300/2022;ECHEVERRIA 031;14;50;27;0;0;0;23;190653.76;135291.19;124843.19;260134.38;0;0;0;0;0;0;0;0;55362.57;9620;9333;324512;;;A;ECHEVERRIA 049 Rep.Nro.: 0 Piso:  Dpto:, 6100 RUFINO CP:;
010284U;MATIA ALBERTO M ;Adoquinado barrio jardin Ordenanza Nº: 3300/2022;BV.SAN MARTIN 820;14B;50;1;7;42;0;0;247990.4;8993.25;0;8993.25;56614.54;0;0;56614.54;0;0;182382.61;0;0;6659;9334;324514;;;A;BV.SAN MARTIN 820 Rep.Nro.: 0 Piso:  Dpto:, 6100 RUFINO CP:;
010285U;ZAPATA PAULINA ;Adoquinado barrio jardin Ordenanza Nº: 3300/2022;BV.SAN MARTIN 830;14B;50;0;50;0;0;0;186373.4;0;0;0;186373.4;0;141786.76;328160.16;0;0;0;0;0;11542;9335;324516;;;A;BV.SAN MARTIN 830 Rep.Nro.: 0 Piso:  Dpto:, 6100RUFINO CP:;
010286U;NAVILLI WALDO/CARDOZO;Adoquinado barrio jardin Ordenanza Nº: 3300/2022;BV.SAN MARTIN 840;14B;50;11;0;39;0;0;190502.46;66987.55;25374.62;92362.17;0;0;0;0;0;0;123514.91;0;0;7714;9336;325347;;;A;BV.SAN MARTIN 840 Rep.Nro.: 0 Piso:  Dpto:, 6100RUFINO CP:;
010287U;BIANCHI RUBEN ALBERTO;Adoquinado barrio jardin Ordenanza Nº: 3300/2022;BV.SAN MARTIN 860;14B;50;11;23;0;0;16;178578.12;62794.44;23786.29;86580.73;51855.97;0;17786.52;69642.49;0;0;0;0;63927.71;34263;34727;324519;;;A;BV.ESPAÑA 488 Rep.Nro.: 0 Piso:  Dpto:, 6100RUFINO CP:;
010288U;OLIVERA CARLOS;Adoquinado barrio jardin Ordenanza Nº: 3300/2022;BV.SAN MARTIN 872;14B;24;0;24;0;0;0;201284.16;0;0;0;0;0;0;0;0;201284.16;0;0;0;8043;9338;322961;;;B;LAS HERAS 260 Rep.Nro.: 0 Piso:  Dpto:, 6100 RUFINO CP:;
010288U;OLIVERA CARLOS;Adoquinado barrio jardin Ordenanza Nº: 3300/2022;BV.SAN MARTIN 872;14B;12;0;12;0;0;0;118688.06;0;0;0;117128.3;0;24.49;117152.79;0;1559.76;0;0;0;8043;9338;322966;;;A;LAS HERAS 260 Rep.Nro.: 0 Piso:  Dpto:, 6100 RUFINO CP:;
010289U;BUSTOS DEMETRIA/SALAZAR RUBEN O;Adoquinado barrio jardin Ordenanza Nº: 3300/2022;BV.SAN MARTIN 886;14B;50;10;0;0;0;40;179342.36;57977.3;19880.31;77857.61;0;0;0;0;0;0;0;0;121365.06;2106;9339;324520;;;A;BV.SAN MARTIN 886 Rep.Nro.: 0 Piso:  Dpto:, 6100RUFINO CP:;
010290U;ELIAS NILDA BEATRIZ;Adoquinado barrio jardin Ordenanza Nº: 3300/2022;BV.SAN MARTIN 896;14B;50;0;50;0;0;0;169350.47;0;0;0;169350.47;0;44010.48;213360.95;0;0;0;0;0;24028;24986;324522;;;A;BV.SAN MARTIN 896 Rep.Nro.: 0 Piso:  Dpto:, 6100 RUFINO CP:;
010291U;ALVAREZ ROBERTO FEDERICO;Adoquinado barrio jardin Ordenanza Nº: 3300/2022;BV.SAN MARTIN 908;014B;1;0;1;0;0;0;117774.26;0;0;0;90686.18;0;0;90686.18;0;0;0;0;0;13264;12247;320630;;;A;BV.SAN MARTIN 908 Rep.Nro.: 0 Piso:  Dpto:, 6100RUFINO CP:;
010292U;ALVAREZ ANALIA VERONICA;Adoquinado barrio jardin Ordenanza Nº: 3300/2022;BV.SAN MARTIN 924;14B;50;13;9;28;0;0;229337.59;93210.61;42143.5;135354.11;48011.04;0;22992.2;71003.24;0;0;88115.94;0;0;491;9341;324523;;;A;BV.SAN MARTIN 924 Rep.Nro.: 0 Piso:  Dpto:, 6100 RUFINO CP:;
010293U;GOMEZ ANDRES ARMANDO;Adoquinado barrio jardin Ordenanza Nº: 3300/2022;BV.SAN MARTIN 938;14B;36;0;36;0;0;0;123336;0;0;0;0;0;0;0;0;123336;0;0;0;4994;9342;322172;;;B;BV.SAN MARTIN 938 Rep.Nro.: 0 Piso:  Dpto:, 6100RUFINO CP:;
010293U;GOMEZ ANDRES ARMANDO;Adoquinado barrio jardin Ordenanza Nº: 3300/2022;BV.SAN MARTIN 938;14B;36;0;36;0;0;0;212389.63;0;0;0;212389.63;0;5221.57;217611.2;0;0;0;0;0;4994;9342;322174;;;A;BV.SAN MARTIN 938 Rep.Nro.: 0 Piso:  Dpto:, 6100RUFINO CP:;
010293U;GOMEZ ANDRES ARMANDO;Adoquinado barrio jardin Ordenanza Nº: 3300/2022;BV.SAN MARTIN 938;14B;50;0;50;0;0;0;102780;0;0;0;0;0;0;0;0;102780;0;0;0;4994;9342;322525;;;B;BV.SAN MARTIN 938 Rep.Nro.: 0 Piso:  Dpto:, 6100RUFINO CP:;
010294U;NAVILLI/SOSA;Adoquinado barrio jardin Ordenanza Nº: 3300/2022;BV.SAN MARTIN 940;14B;50;11;0;0;0;39;200440.43;70482.14;26698.37;97180.51;0;0;0;0;0;0;0;0;129958.29;7864;9343;324524;;;A;MEDRANO 476 Rep.Nro.: 0 Piso:  Dpto:, 6100RUFINO CP:;
010295U;NAVILLI/GAUDE ADRIANA DE;Adoquinado barrio jardin Ordenanza Nº: 3300/2022;BV.SAN MARTIN 960;14B;50;11;0;0;0;39;203040.21;71396.44;27044.7;98441.14;0;0;0;0;0;0;0;0;131643.77;7824;9344;324525;;;A;.SANTA FE 159 Rep.Nro.: 0 Piso:  Dpto:, 6100RUFINO CP:;
010296U;NAVILLI/BRIOSSIO S;Adoquinado barrio jardin Ordenanza Nº: 3300/2022;BV.SAN MARTIN 970;14B;50;11;0;0;0;39;166191.4;58438.91;22136.45;80575.36;0;0;0;0;0;0;0;0;107752.49;7806;9345;324526;;;A;BV.SAN MARTIN 970 Rep.Nro.: 0 Piso:  Dpto:, 6100RUFINO CP:;
010297U;NAVILLI WALDO A;Adoquinado barrio jardin Ordenanza Nº: 3300/2022;BV.SAN MARTIN 980;14B;50;27;0;0;0;23;161455.95;114572.43;105724.3;220296.73;0;0;0;0;0;0;0;0;46883.52;7722;913;324527;;;A;BV.ESPAÑA 488 Rep.Nro.: 0 Piso:  Dpto:, 6100RUFINO CP:;
010298U;NAVILLI WALDO A;Adoquinado barrio jardin Ordenanza Nº: 3300/2022;BV.SAN MARTIN 990;14B;50;27;0;0;0;23;164818.26;116958.27;107926.04;224884.31;0;0;0;0;0;0;0;0;47859.99;7722;913;324528;;;A;BV.ESPAÑA 488 Rep.Nro.: 0 Piso:  Dpto:, 6100RUFINO CP:;
010299U;GIUDICE CARLOS R;Adoquinado barrio jardin Ordenanza Nº: 3300/2022;BV.SAN MARTIN 998;14B;48;0;48;0;0;0;194046.13;0;0;0;194046.13;0;1289.34;195335.47;0;0;0;0;0;4947;9348;324220;;;A;BV.SAN MARTIN 998 Rep.Nro.: 0 Piso:  Dpto:, 6100RUFINO CP:;
010300U;BONINO SANTIAGO ;Adoquinado barrio jardin Ordenanza Nº: 3300/2022;BV.SAN MARTIN.1008;14B;1;0;1;0;0;0;91688.99;0;0;0;70600.52;0;0;70600.52;0;0;0;0;0;1919;9349;319115;;;A;BV.SAN MARTIN.1008 Rep.Nro.: 0 Piso:  Dpto:, 6100 RUFINO CP:;
010301U;NAVILLI/SANTUCHI J;Adoquinado barrio jardin Ordenanza Nº: 3300/2022;BV.SAN MARTIN.1010;14B;50;2;48;0;0;0;162197.83;11616.2;498.33;12114.53;150483.43;1495.01;7094.21;159072.65;0;98.2;0;0;0;7855;9350;322527;;;A;BV.SAN MARTIN.1010 Rep.Nro.: 0 Piso:  Dpto:, 6100RUFINO CP:;
010302U;NAVILLI/SANTUCHI J;Adoquinado barrio jardin Ordenanza Nº: 3300/2022;BV.SAN MARTIN.1020;14B;50;2;48;0;0;0;162197.83;11616.2;498.33;12114.53;150483.43;1495.01;7228.17;159206.61;0;98.2;0;0;0;7855;9350;322528;;;A;BV.SAN MARTIN.1010 Rep.Nro.: 0 Piso:  Dpto:, 6100RUFINO CP:;
010303U;NAVILLI/ARGAÑARAZ A;Adoquinado barrio jardin Ordenanza Nº: 3300/2022;BV.SAN MARTIN.1030;14B;50;3;47;0;0;0;202707.9;21486.49;1648.8;23135.29;181221.41;0;10639.4;191860.81;0;0;0;0;0;7797;9352;324529;;;A;BV.SAN MARTIN.1060 Rep.Nro.: 0 Piso:  Dpto:, 6100 RUFINO CP:;
010304U;NAVILLI WALDO A;Adoquinado barrio jardin Ordenanza Nº: 3300/2022;BV.SAN MARTIN.1044;14B;50;27;0;0;0;23;167110.9;118585.08;109427.13;228012.21;0;0;0;0;0;0;0;0;48525.82;7722;913;324530;;;A;BV.ESPAÑA 488 Rep.Nro.: 0 Piso:  Dpto:, 6100RUFINO CP:;
010305U;NAVILLI/SABALZA HF;Adoquinado barrio jardin Ordenanza Nº: 3300/2022;BV.SAN MARTIN.1050;14B;50;11;0;0;0;39;156714.34;55106.52;20874.16;75980.68;0;0;0;0;0;0;0;0;101607.82;7852;9354;324531;;;A;.AMENABAR Rep.Nro.: 0 Piso:  Dpto:, 6103 AMENABAR CP:;
010306U;OJEDA JORGE A;Adoquinado barrio jardin Ordenanza Nº: 3300/2022;BV.SAN MARTIN.1058;14B;50;10;0;0;0;40;156714.34;50662.1;17371.96;68034.06;0;0;0;0;0;0;0;0;106052.24;8003;9355;324532;;;A;BV.SAN MARTIN.1058 Rep.Nro.: 0 Piso:  Dpto:, 6100RUFINO CP:;
010307U;NAVILLI/ZAPATA;Adoquinado barrio jardin Ordenanza Nº: 3300/2022;BV.SAN MARTIN.1064;14B;50;0;50;0;0;0;168948.35;0;0;0;168948.35;0;130.6;169078.95;0;0;0;0;0;7877;9356;323139;;;A;BV.SAN MARTIN.1064 Rep.Nro.: 0 Piso:  Dpto:, 6100 RUFINO CP:;
010308U;NAVILLI/ESCOBAR CLAUDIO;Adoquinado barrio jardin Ordenanza Nº: 3300/2022;BV.SAN MARTIN.1074;14B;50;11;0;0;0;39;212367.27;74676.22;28287.05;102963.27;0;0;0;0;0;0;0;0;137691.05;7818;9357;324533;;;A;BV.SAN MARTIN.1074 Rep.Nro.: 0 Piso:  Dpto:, 6100RUFINO CP:;
010309U;GOMEZ ALBERTO A;Adoquinado barrio jardin Ordenanza Nº: 3300/2022;BV.SAN MARTIN.1080;14B;50;11;0;0;0;39;413264.32;145318.62;55046.14;200364.76;0;0;0;0;0;0;0;0;267945.7;4993;9358;324534;;;A;BV.SAN MARTIN.1080 Rep.Nro.: 0 Piso:  Dpto:, 6100 RUFINO CP:;
010310U;CABRERA CRISTIAN DANIEL;Adoquinado barrio jardin Ordenanza Nº: 3300/2022;J.INGENIEROS 115;20;50;0;50;0;0;0;149736.24;0;0;0;149736.24;0;168080.52;317816.76;0;0;0;0;0;22292;23319;324535;;;A;ENTRE RIOS 955 Rep.Nro.: 0 Piso:  Dpto:, 6100 RUFINO CP:;
010311U;ROCCHI CARLOS;Adoquinado barrio jardin Ordenanza Nº: 3300/2022;J.INGENIEROS 107;20;12;0;12;0;0;0;97611.86;0;0;0;97611.86;0;1041.69;98653.55;0;0;0;0;0;9393;5694;322263;;;A;J.INGENIEROS 107 Rep.Nro.: 0 Piso:  Dpto:, 6100 RUFINO CP:;
010312U;NAVILLI WALDO A;Adoquinado barrio jardin Ordenanza Nº: 3300/2022;LAPRIDA.1019;20;50;11;0;0;0;39;704063.97;247574.57;93780.31;341354.88;0;0;0;0;0;0;0;0;456489.4;7722;913;324536;;;A;BV.ESPAÑA 488 Rep.Nro.: 0 Piso:  Dpto:, 6100 RUFINO CP:;
010313U;PEREYRA RAUL RICARDO;Adoquinado barrio jardin Ordenanza Nº: 3300/2022;LAPRIDA.1029;20;50;11;0;0;0;39;168332.72;59191.96;22421.67;81613.63;0;0;0;0;0;0;0;0;109140.76;23745;24731;324537;;;A;FERRARI 705 Rep.Nro.: 0 Piso:  Dpto:, 6100 RUFINO CP:;
010314U;NAVILLI WALDO A;Adoquinado barrio jardin Ordenanza Nº: 3300/2022;LAPRIDA.1041;20;50;27;0;0;0;23;158089.49;112183.21;103519.63;215702.84;0;0;0;0;0;0;0;0;45906.28;7722;913;324538;;;A;LAPRIDA.1041 Rep.Nro.: 0 Piso:  Dpto:, 6100 RUFINO CP:;
010315U;NAVILLI/ETCHETTO RV;Adoquinado barrio jardin Ordenanza Nº: 3300/2022;LAPRIDA.1051;20;50;11;0;0;0;39;152892.31;53762.61;20365.08;74127.69;0;0;0;0;0;0;0;0;99129.7;7821;9364;324539;;;A;.SANTA FE 159 Rep.Nro.: 0 Piso:  Dpto:, 6100RUFINO CP:;
010316U;AMERI PATRICIO DAVID;Adoquinado barrio jardin Ordenanza Nº: 3300/2022;LAPRIDA.1061;20;50;8;42;0;0;0;152892.31;39612.95;13402.28;53015.23;113279.36;0;112328.77;225608.13;0;0;0;0;0;29513;30028;324540;;;A;PUEYRREDON 440 Rep.Nro.: 0 Piso:  Dpto:, 6100 RUFINO CP:;
010317U;DECHAT NATALIA VANESA;Adoquinado barrio jardin Ordenanza Nº: 3300/2022;LAPRIDA.1071;20;50;10;40;0;0;0;153655.24;49672.94;17032.77;66705.71;103982.3;0;36903.55;140885.85;0;0;0;0;0;30674;31101;324541;;;A;LAPRIDA.1071 Rep.Nro.: 0 Piso:  Dpto:, 6100 RUFINO CP:;
010318U;LIMONGGE CEFERINO;Adoquinado barrio jardin Ordenanza Nº: 3300/2022;LAPRIDA.1081;20;50;10;0;0;0;40;153961.77;49772.22;17066.81;66839.03;0;0;0;0;0;0;0;0;104189.55;5899;9367;324542;;;A;LAPRIDA.1081 Rep.Nro.: 0 Piso:  Dpto:, 6100RUFINO CP:;
010319U;NAVILLI/LUISETTI LS;Adoquinado barrio jardin Ordenanza Nº: 3300/2022;BV.SAN MARTIN.1011;21;50;11;0;0;0;39;611260.18;214941.43;81418.99;296360.42;0;0;0;0;0;0;0;0;396318.75;7837;9368;324543;;;A;P.PERON 174 Rep.Nro.: 0 Piso:  Dpto:, 6100RUFINO CP:;
010320U;NAVILLI WALDO A;Adoquinado barrio jardin Ordenanza Nº: 3300/2022;BV.SAN MARTIN.1025;21;50;27;0;0;0;23;193255.43;137137.64;126547.02;263684.66;0;0;0;0;0;0;0;0;56117.79;7722;913;324544;;;A;BV.ESPAÑA 488 Rep.Nro.: 0 Piso:  Dpto:, 6100RUFINO CP:;
010321U;NAVILLI WALDO A;Adoquinado barrio jardin Ordenanza Nº: 3300/2022;BV.SAN MARTIN.1037;21;50;27;0;0;0;23;186527.97;132363.69;122141.79;254505.48;0;0;0;0;0;0;0;0;54164.28;7722;913;324545;;;A;BV.SAN MARTIN.1037 Rep.Nro.: 0 Piso:  Dpto:, 6100 RUFINO CP:;
010322U;NAVILLI/GOMEZ RAUL;Adoquinado barrio jardin Ordenanza Nº: 3300/2022;BV.SAN MARTIN.1051;21;50;11;0;0;0;39;163596.03;57526.51;21790.82;79317.33;0;0;0;0;0;0;0;0;106069.52;7828;9371;324546;;;A;BV.SAN MARTIN.1051 Rep.Nro.: 0 Piso:  Dpto:, 6100 RUFINO CP:;
010323U;NAVILLI WALDO A;Adoquinado barrio jardin Ordenanza Nº: 3300/2022;BV.SAN MARTIN.1065;21;50;14;36;0;0;0;155643.01;67337.81;32974.06;100311.87;88305.2;0;115231.28;203536.48;0;0;0;0;0;7722;913;324547;;;A;BV.SAN MARTIN.1065 Rep.Nro.: 0 Piso:  Dpto:, 6100RUFINO CP:;
010324U;NAVILLI/PINOTTI MAURO;Adoquinado barrio jardin Ordenanza Nº: 3300/2022;BV.SAN MARTIN.1075;21;50;2;48;0;0;0;151365.75;10938.1;533.96;11472.06;140427.65;0;26649.47;167077.12;0;0;0;0;0;7792;9373;324548;;;A;CHUBUT 150 Rep.Nro.: 0 Piso:  Dpto:, 6100RUFINO CP:;
010325U;PATRICIA JUAN;Adoquinado barrio jardin Ordenanza Nº: 3300/2022;LAPRIDA.1070;21;50;11;39;0;0;0;290647.64;102202.35;38713.88;140916.23;188445.29;0;95173.32;283618.61;0;0;0;0;0;8418;9374;324549;;;A;CARBALLEIRA 330 Rep.Nro.: 0 Piso:  Dpto:, 6100 RUFINO CP:;
010326U;ZAPATA LUISA;Adoquinado barrio jardin Ordenanza Nº: 3300/2022;LAPRIDA.1046;21;1;0;1;0;0;0;72978.36;0;0;0;56193.34;0;0;56193.34;0;0;0;0;0;11537;5517;317880;;;A;LAPRIDA.1062(B.JARD) Rep.Nro.: 0 Piso:  Dpto:, 6100RUFINO CP:;
010327U;FERNANDEZ LILIANA RAQUEL;Adoquinado barrio jardin Ordenanza Nº: 3300/2022;LAPRIDA.1034;21;50;0;50;0;0;0;108319.58;0;0;0;108319.58;0;30228.57;138548.15;0;0;0;0;0;29973;30467;324550;;;A;JUAN A. MAS 107 Rep.Nro.: 0 Piso:  Dpto:, LABOULAYE CP:;
010328U;INBERNOS/FERNANDEZ LILIANA;Adoquinado barrio jardin Ordenanza Nº: 3300/2022;LAPRIDA.1024;21;1;0;1;0;0;0;69181;0;0;0;53269.37;0;0;53269.37;0;0;0;0;0;5574;9377;318279;;;A;CATAMARCA 680 Rep.Nro.: 0 Piso:  Dpto:, 6100RUFINO CP:;
010329U;NAVILLI WALDO A;Pavimiento Urbano;LAPRIDA.1014;21;1;0;1;0;0;0;69457.17;0;0;0;0;0;0;0;0;69457.17;0;0;0;7722;913;318280;;;B;CATAMARCA 680 Rep.Nro.: 0 Piso:  Dpto:, 6100 RUFINO CP:;
010329U;NAVILLI WALDO A;Pavimiento Urbano;LAPRIDA.1014;21;1;0;1;0;0;0;69457.17;0;0;0;0;0;0;0;0;69457.17;0;0;0;7722;913;318287;;;B;CATAMARCA 680 Rep.Nro.: 0 Piso:  Dpto:, 6100 RUFINO CP:;
010329U;NAVILLI WALDO A;Adoquinado barrio jardin Ordenanza Nº: 3300/2022;LAPRIDA.1014;21;1;0;1;0;0;0;69457.17;0;0;0;53482.02;0;0;53482.02;0;0;0;0;0;7722;913;318288;;;A;CATAMARCA 680 Rep.Nro.: 0 Piso:  Dpto:, 6100 RUFINO CP:;
010330U;YACOBINO EDUARDO GERMAN;Adoquinado barrio jardin Ordenanza Nº: 3300/2022;LAPRIDA.1004;21;12;0;12;0;0;0;392911.94;0;0;0;390129.2;0;1131.08;391260.28;0;2782.74;0;0;0;16092;15995;321942;;;A;J.INGENIEROS 025 Rep.Nro.: 0 Piso:  Dpto:, 6100 RUFINO CP:;
010330U;YACOBINO EDUARDO GERMAN;Adoquinado barrio jardin Ordenanza Nº: 3300/2022;LAPRIDA.1004;21;12;0;12;0;0;0;333171.24;0;0;0;0;0;0;0;0;333171.24;0;0;0;16092;15995;321951;;;B;J.INGENIEROS 025 Rep.Nro.: 0 Piso:  Dpto:, 6100 RUFINO CP:;
010331U;FARAONE AMORINA;Adoquinado barrio jardin Ordenanza Nº: 3300/2022;J.INGENIEROS 025;21;50;0;50;0;0;0;38611;0;0;0;0;0;0;0;0;38611;0;0;0;3981;9380;321944;;;B;J.INGENIEROS 025 Rep.Nro.: 0 Piso:  Dpto:, 6100 RUFINO CP:;
010331U;FARAONE AMORINA;Adoquinado barrio jardin Ordenanza Nº: 3300/2022;J.INGENIEROS 025;21;12;0;12;0;0;0;109282.28;0;0;0;108508.31;0;314.58;108822.89;0;773.97;0;0;0;3981;9380;321945;;;A;J.INGENIEROS 025 Rep.Nro.: 0 Piso:  Dpto:, 6100 RUFINO CP:;
010341U;ALONSO JUAN/EDGARDO;C.C. Res. 074/2026;IRIGOYEN.1275;18;4;4;0;0;0;0;36733.43;36733.43;4091.44;40824.87;0;0;0;0;0;0;0;0;0;448;9389;382443;;;A;IRIGOYEN.1275 Rep.Nro.: 0 Piso:  Dpto:, 6100RUFINO CP:;
010342U;OTEGUI JUAN CARLOS;C.C. Res. 074/2026;CARBALLEIRA.1266;18;1;0;1;0;0;0;217245;0;0;0;195520.5;0;0;195520.5;0;0;0;0;0;8160;9093;382168;;;A;CARBALLEIRA.1266 Rep.Nro.: 0 Piso:  Dpto:, 6100 RUFINO CP:;
010343U;OSMAN ALI;C.C. Res. 074/2026;CARBALLEIRA.1210;18;4;4;0;0;0;0;312234.03;312234.03;34777.31;347011.34;0;0;0;0;0;0;0;0;0;8141;3850;382717;;;A;CARBALLEIRA.1210 Rep.Nro.: 0 Piso:  Dpto:, 6100 RUFINO CP:;
010360U;SAMPIERI MONTENEGRO L  ;C.C. Res. 074/2026;IRIGOYEN.1356;52;4;4;0;0;0;0;36733.43;36733.43;4091.44;40824.87;0;0;0;0;0;0;0;0;0;9897;9408;382381;;;A;IRIGOYEN.1350 Rep.Nro.: 0 Piso:  Dpto:, 6100RUFINO CP:;
010368U;FUENTES FRANCO JAVIER;Concreto asfaltico plan parra;BV.SAN MARTIN.1314;51;50;11;10;0;0;29;274578.87;96551.95;36573.52;133125.47;28120.35;0;7887.11;36007.46;0;0;0;0;149906.57;23558;24502;324594;;;A;BV.SAN MARTIN.1304 Rep.Nro.: 0 Piso:  Dpto:, 6100RUFINO CP:;
010369U;MARTIN MARIANA PATRICIA;Concreto asfaltico plan parra;BV.SAN MARTIN.1324;51;36;0;36;0;0;0;250603.47;0;0;0;250603.47;0;1608.95;252212.42;0;0;0;0;0;23452;24426;323172;;;A;P.PERON 576 Rep.Nro.: 0 Piso:  Dpto:, 6100 RUFINO CP:;
010370U;MARTIN ANDREA SOLEDAD;Concreto asfaltico plan parra;BV.SAN MARTIN.1334;51;36;0;36;0;0;0;250603.47;0;0;0;250603.47;0;1608.95;252212.42;0;0;0;0;0;6469;9418;323174;;;A;P.PERON 576 Rep.Nro.: 0 Piso:  Dpto:, 6100RUFINO CP:;
010371U;RODRIGUEZ ANA M;Concreto asfaltico plan parra;BV.SAN MARTIN.1340;51;36;0;36;0;0;0;250603.47;0;0;0;250603.47;0;1469.49;252072.96;0;0;0;0;0;9420;9419;323175;;;A;BV.SAN MARTIN.1340 Rep.Nro.: 0 Piso:  Dpto:, 6100 RUFINO CP:;
010372U;MARTIN FERNANDO DARIO;Concreto asfaltico plan parra;BV.SAN MARTIN.1350;51;36;0;36;0;0;0;250603.47;0;0;0;250603.47;0;1608.95;252212.42;0;0;0;0;0;6476;9420;323176;;;A;P.PERON 576 Rep.Nro.: 0 Piso:  Dpto:, 6100RUFINO CP:;
010392U;REVERON MANUEL ;Adoquinado Barrio el Sol Ord. Nº 3428/2025;M.ROCA.1305;49;13;13;0;0;0;0;295423.13;295423.13;136826.06;432249.19;0;0;0;0;0;0;0;0;0;26351;27041;371127;;;A;INDEPENDENCIA 339 Rep.Nro.: 0 Piso:  Dpto:, 6100 RUFINO CP:;
010393U;ROMANO OSCAR A;Adoquinado Barrio el Sol Ord. Nº 3428/2025;M.ARGENTINAS 285;49;13;13;0;0;0;0;393897.31;393897.31;182434.67;576331.98;0;0;0;0;0;0;0;0;0;9540;4779;371131;;;A;.RIVADAVIA 735 Rep.Nro.: 0 Piso:  Dpto:, 2700PERGAMINO CP:;
010394U;ROVASIO FEDERICO DAVID;Adoquinado Barrio el Sol Ord. Nº 3428/2025;M.ARGENTINAS 275;49;13;0;13;0;0;0;787794.73;0;0;0;787794.73;0;0;787794.73;0;0;0;0;0;9723;9439;370314;;;A;M.ARGENTINAS 260 Rep.Nro.: 0 Piso:  Dpto:, 6100RUFINO CP:;
010395U;ALVAREZ SERGIO OVIDIO;Adoquinado Barrio el Sol Ord. Nº 3428/2025;M.ARGENTINAS 265;49;13;1;12;0;0;0;787794.73;72206.5;0;72206.5;715588;53997.54;20489.93;790075.47;0;0;0;0;0;27049;27719;371129;;;A;SAN JUAN 642 Rep.Nro.: 0 Piso:  Dpto:, 6100 RUFINO CP:;
010396U;MON SANDRA LILIANA;Adoquinado Barrio el Sol Ord. Nº 3428/2025;M.ARGENTINAS 255;49;1;0;1;0;0;0;1920132;0;0;0;1728118.8;0;0;1728118.8;0;0;0;0;0;6964;2196;370415;;;A;SAAVEDRA 754 Rep.Nro.: 0 Piso:  Dpto:, 6100RUFINO CP:;
010396U;MON SANDRA LILIANA;Adoquinado Barrio el Sol Ord. Nº 3428/2025;M.ARGENTINAS 255;49;13;0;13;0;0;0;346690.5;0;0;0;0;0;0;0;0;346690.5;0;0;0;6964;2196;371128;;;B;SAAVEDRA 754 Rep.Nro.: 0 Piso:  Dpto:, 6100RUFINO CP:;
010397U;CAVALLO LAURA ANALIA;Adoquinado Barrio el Sol Ord. Nº 3428/2025;M.ARGENTINAS 245;49;7;0;7;0;0;0;1956942.24;0;0;0;1860935.64;0;0;1860935.64;0;0;0;0;0;2618;9442;370718;;;A;M.ARGENTINAS 245 Rep.Nro.: 0 Piso:  Dpto:, 6100RUFINO CP:;
010400U;BONAVERA ANDREA V;C.C. Ord. 3081/2016;CROUZEILLES 090;52;1;0;0;1;0;0;3849;0;0;0;0;0;0;0;0;0;3849;0;0;1856;9445;166200;;;A;LORENZETTI 010 Rep.Nro.: 0 Piso:  Dpto:, 6100RUFINO;
010401U;BECERRA ALDO OSCAR;C.C. Ord. 3081/2016;CROUZEILLES 068;41;1;0;0;1;0;0;1924.5;0;0;0;0;0;0;0;0;0;424.5;0;0;1454;9446;166199;;;A;CROUZEILLES 068 Rep.Nro.: 0 Piso:  Dpto:, 6100RUFINO;
010402U;DIEZ LENA ;C.C. Res. 074/2026;CARBALLEIRA.1526;82;4;2;2;0;0;0;40406.75;20492.63;866.26;21358.89;19914.12;0;955.88;20870;0;0;0;0;0;3629;9472;382497;;;A;J.B.JUSTO 009 Rep.Nro.: 0 Piso:  Dpto:, 6100RUFINO CP:;
010403U;SANCHEZ JUAN I ;C.C. Ord. 3081/2016;CROUZEILLES 115;54;1;0;0;1;0;0;2405.63;0;0;0;0;0;0;0;0;0;2405.63;0;0;9959;9149;166234;;;A;CARBALLEIRA 144 Rep.Nro.: 0 Piso:  Dpto:, 6100RUFINO;
010404U;ARGUELLES/CHAVEZ DORA;C.C. Ord. 3081/2016;CROUZEILLES 135;54;1;0;0;1;0;0;2405.63;0;0;0;0;0;0;0;0;0;2405.63;0;0;825;9449;166235;;;A;CROUZEILLES 135 Rep.Nro.: 0 Piso:  Dpto:, 6100RUFINO;
010405U;CESANO R.;C.C. Ord. 3081/2016;CROUZEILLES 145;54;1;0;0;1;0;0;2405.63;0;0;0;0;0;0;0;0;0;2405.63;0;0;16452;16185;166239;;;A;CROUZEILLES 145 Rep.Nro.: 0 Piso:  Dpto:, 6100RUFINO;
010406U;STEFANICH HORACIO MAURICIO;C.C. Ord. 3081/2016;CROUZEILLES 155;54;1;0;0;1;0;0;2405.63;0;0;0;0;0;0;0;0;0;2405.63;0;0;15593;13267;166240;;;A;EVA PERON 011 2-A Rep.Nro.: 0 Piso:  Dpto:, 6100RUFINO;
010407U;STEFANICH HORACIO MAURICIO;C.C. Ord. 3081/2016;CROUZEILLES 171;54;1;0;0;1;0;0;2405.63;0;0;0;0;0;0;0;0;0;2405.63;0;0;15593;13267;166241;;;A;EVA PERON 011 2-A Rep.Nro.: 0 Piso:  Dpto:, 6100RUFINO;
010408U;STEFANICH HORACIO MAURICIO;C.C. Ord. 3081/2016;CROUZEILLES 185;54;1;0;0;1;0;0;2405.63;0;0;0;0;0;0;0;0;0;2405.63;0;0;15593;13267;166242;;;A;EVA PERON 011 2-A Rep.Nro.: 0 Piso:  Dpto:, 6100RUFINO;
010409U;STEFANICH HORACIO MAURICIO;C.C. Ord. 3081/2016;CARBALLEIRA.1410;54;1;0;0;1;0;0;4811.25;0;0;0;0;0;0;0;0;0;4811.25;0;0;15593;13267;166243;;;A;EVA PERON 011 2-A Rep.Nro.: 0 Piso:  Dpto:, 6100RUFINO;
010409U;STEFANICH HORACIO MAURICIO;C.C. Res. 074/2026;CARBALLEIRA.1410;54;4;4;0;0;0;0;133158.64;133158.64;14831.5;147990.14;0;0;0;0;0;0;0;0;0;15593;13267;382479;;;A;EVA PERON 011 2-A Rep.Nro.: 0 Piso:  Dpto:, 6100 RUFINO CP:;
010410U;STEFANICH HORACIO MAURICIO;C.C. Res. 074/2026;CARBALLEIRA.1420;54;4;4;0;0;0;0;41325.09;41325.09;4602.87;45927.96;0;0;0;0;0;0;0;0;0;15593;13267;382480;;;A;EVA PERON 011 2-A Rep.Nro.: 0 Piso:  Dpto:, 6100RUFINO CP:;
010411U;GHIBAUDO DANILO;C.C. Res. 074/2026;CARBALLEIRA.1440;54;1;0;1;0;0;0;238969.5;0;0;0;215072.55;0;0;215072.55;0;0;0;0;0;4721;9456;381769;;;A;CHACABUCO 445 Rep.Nro.: 0 Piso:  Dpto:, 6100 RUFINO CP:;
010412U;ALVAREZ/PEREYRA CARLOS F;C.C. Res. 074/2026;CARBALLEIRA.1430;54;4;4;0;0;0;0;40406.75;40406.75;4500.58;44907.33;0;0;0;0;0;0;0;0;0;555;9457;382481;;;A;.ITALIA 127 Rep.Nro.: 0 Piso:  Dpto:, 6100 RUFINO CP:;
010413U;SOLIMANO/LAFON JOAQUIN;C.C. Res. 074/2026;CARBALLEIRA.1450;54;4;4;0;0;0;0;40406.75;40406.75;4500.58;44907.33;0;0;0;0;0;0;0;0;0;10482;9458;382483;;;A;CENTENARIO 245 Rep.Nro.: 0 Piso:  Dpto:, 6100RUFINO CP:;
010414U;ALGAN RAUL JORGE;C.C. Res. 074/2026;CARBALLEIRA.1460;54;4;4;0;0;0;0;40406.75;40406.75;4500.58;44907.33;0;0;0;0;0;0;0;0;0;420;442;382486;;;A;IRIGOYEN 336 Rep.Nro.: 0 Piso:  Dpto:, 6100RUFINO CP:;
010415U;SANTILLAN PEDRO VICENTE;C.C. Res. 074/2026;CARBALLEIRA.1470;54;4;4;0;0;0;0;40406.75;40406.75;4500.58;44907.33;0;0;0;0;0;0;0;0;0;10017;9460;382487;;;A;ACACIAS 333 Rep.Nro.: 0 Piso:  Dpto:, 6100RUFINO CP:;
010416U;RIESTRA CARMEN D;C.C. Res. 074/2026;CARBALLEIRA.1484;54;4;4;0;0;0;0;41325.09;41325.09;4602.87;45927.96;0;0;0;0;0;0;0;0;0;9275;9461;382490;;;A;CARBALLEIRA.1484 Rep.Nro.: 0 Piso:  Dpto:, 6100RUFINO CP:;
010417U;SANTAMARIA/JUAREZ J C;C.C. Res. 074/2026;CARBALLEIRA.1490;54;4;4;0;0;0;0;41325.09;41325.09;4602.87;45927.96;0;0;0;0;0;0;0;0;0;10009;9462;382491;;;A;CARBALLEIRA.1490 Rep.Nro.: 0 Piso:  Dpto:, 6100RUFINO CP:;
010418U;CONTRERA CLAUDIO SERGIO;C.C. Res. 074/2026;CARBALLEIRA.1516;82;4;4;0;0;0;0;41325.09;41325.09;4602.87;45927.96;0;0;0;0;0;0;0;0;0;33594;34012;382496;;;A;CARBALLEIRA.1516 Rep.Nro.: 0 Piso:  Dpto:, 6100 RUFINO CP:;
010419U;MARCOS BENEDICTO;C.C. Res. 074/2026;CARBALLEIRA.1630;117;4;1;3;0;0;0;40406.75;10535.57;0;10535.57;29871.18;0;2628.66;32499.84;0;0;0;0;0;6365;9464;382516;;;A;SAN JUAN 449 Rep.Nro.: 0 Piso:  Dpto:, 6100RUFINO CP:;
010420U;MARCOS BENEDICTO;C.C. Res. 074/2026;CARBALLEIRA.1640;117;4;4;0;0;0;0;40406.75;40406.75;4500.58;44907.33;0;0;0;0;0;0;0;0;0;6365;9464;382521;;;A;TILOS 289 Rep.Nro.: 0 Piso:  Dpto:, 6100 RUFINO CP:;
010421U;SAVIGLIANO MARIA F;C.C. Res. 074/2026;CARBALLEIRA.1554;82;4;4;0;0;0;0;20203.37;20203.37;2250.29;22453.66;0;0;0;0;0;0;0;0;0;10087;9467;382501;;;A;CARBALLEIRA.1560 Rep.Nro.: 0 Piso:  Dpto:, 6100 RUFINO CP:;
010422U;SAVIGLIANO MARIA F;C.C. Res. 074/2026;CARBALLEIRA.1560;82;4;4;0;0;0;0;40406.75;40406.75;4500.58;44907.33;0;0;0;0;0;0;0;0;0;10087;9467;382505;;;A;CARBALLEIRA.1560 Rep.Nro.: 0 Piso:  Dpto:, 6100RUFINO CP:;
010423U;SAVIGLIANO MARIA F;C.C. Res. 074/2026;CARBALLEIRA.1570;82;4;4;0;0;0;0;40406.75;40406.75;5473.37;45880.12;0;0;0;0;0;0;0;0;0;10087;9467;382507;;;A;CARBALLEIRA.1560 Rep.Nro.: 0 Piso:  Dpto:, 6100 RUFINO CP:;
010424U;CAUNEDO MARISA L. Y OTROS;C.C. Res. 074/2026;CARBALLEIRA.1580;82;4;1;3;0;0;0;41325.09;10775.01;0;10775.01;30550.08;0;0;30550.08;0;0;0;0;0;40969;41879;382509;;;A;CATAMARCA 073 Rep.Nro.: 0 Piso:  Dpto:, 6100 RUFINO CP:;
010425U;CAUNEDO MARISA L. Y OTROS;C.C. Res. 074/2026;CARBALLEIRA.1590;82;4;1;3;0;0;0;133158.64;34719.49;0;34719.49;98439.15;0;0;98439.15;0;0;0;0;0;40969;41879;382510;;;A;CATAMARCA 073 Rep.Nro.: 0 Piso:  Dpto:, 6100 RUFINO CP:;
010426U;ARGUELLES/MAGNANO ALIDA Z;C.C. Res. 074/2026;CARBALLEIRA.1618;117;4;4;0;0;0;0;44080.1;44080.1;4909.74;48989.84;0;0;0;0;0;0;0;0;0;838;9471;382514;;;A;CARBALLEIRA.1618 Rep.Nro.: 0 Piso:  Dpto:, 6100 RUFINO CP:;
010427U;DIEZ LENA ;C.C. Res. 074/2026;CARBALLEIRA.1550;82;4;2;2;0;0;0;20203.37;10246.31;433.13;10679.44;9957.06;0;477.94;10435;0;0;0;0;0;3629;9472;382500;;;A;J.B.JUSTO 009 Rep.Nro.: 0 Piso:  Dpto:, 6100 RUFINO CP:;
010428U;DIEZ LENA ;C.C. Res. 074/2026;CARBALLEIRA.1536;82;4;2;2;0;0;0;40406.75;20492.63;866.26;21358.89;19914.12;0;955.88;20870;0;0;0;0;0;3629;9472;382498;;;A;J.B.JUSTO 009 Rep.Nro.: 0 Piso:  Dpto:, 6100RUFINO CP:;
010429U;MORALES ALBERTINO ;C.C. Res. 074/2026;CARBALLEIRA.1650;117;4;4;0;0;0;0;40406.75;40406.75;4500.58;44907.33;0;0;0;0;0;0;0;0;0;7040;9474;382555;;;A;CARBALLEIRA.1310 Rep.Nro.: 0 Piso:  Dpto:, 6100 RUFINO CP:;
010430U;FRAGANTE JA;C.C. Res. 074/2026;CARBALLEIRA.1660;117;4;4;0;0;0;0;40406.75;40406.75;4500.58;44907.33;0;0;0;0;0;0;0;0;0;4265;9475;382558;;;A;M.ROCA 856 Rep.Nro.: 0 Piso:  Dpto:, 6100RUFINO CP:;
010431U;RESIO JORGE A;C.C. Res. 074/2026;CARBALLEIRA.1670;117;4;4;0;0;0;0;40406.75;40406.75;4500.58;44907.33;0;0;0;0;0;0;0;0;0;9208;9476;382561;;;A;EVA PERON 424 Rep.Nro.: 0 Piso:  Dpto:, 6100RUFINO CP:;
010432U;RESIO JORGE A;C.C. Res. 074/2026;CARBALLEIRA.1682;117;4;4;0;0;0;0;41325.09;41325.09;4602.87;45927.96;0;0;0;0;0;0;0;0;0;9208;9476;382563;;;A;EVA PERON 424 Rep.Nro.: 0 Piso:  Dpto:, 6100RUFINO CP:;
010433U;RESIO JORGE A;C.C. Res. 074/2026;CARBALLEIRA.1698;117;4;4;0;0;0;0;133158.64;133158.64;14831.5;147990.14;0;0;0;0;0;0;0;0;0;9208;9476;382566;;;A;EVA PERON 424 Rep.Nro.: 0 Piso:  Dpto:, 6100 RUFINO CP:;
010434U;ARANGAY PEREZ CARLOS JOAQUIN;C.C. Res. 074/2026;CARBALLEIRA.1730;118;4;4;0;0;0;0;78242.16;78242.16;8714.78;86956.94;0;0;0;0;0;0;0;0;0;25389;26171;382580;;;A;COLON 950 Rep.Nro.: 0 Piso:  Dpto:, 6100 RUFINO CP:;
010435U;BUFFA ALBERTO OSCAR;C.C. Res. 074/2026;CARBALLEIRA.1790;118;4;4;0;0;0;0;243358.86;243358.86;27105.83;270464.69;0;0;0;0;0;0;0;0;0;13586;12274;382582;;;A;BV.ESPAÑA.1046 Rep.Nro.: 0 Piso:  Dpto:, 6100 RUFINO CP:;
010436U;ARANGAY PEREZ CARLOS JOAQUIN;C.C. Res. 074/2026;CARBALLEIRA.1710;118;4;4;0;0;0;0;211400.79;211400.79;23546.28;234947.07;0;0;0;0;0;0;0;0;0;25389;26171;382576;;;A;COLON 950 Rep.Nro.: 0 Piso:  Dpto:, 6100 RUFINO CP:;
010437U;ROVASIO GISELA LORENA;Adoquinado Barrio el Sol Ord. Nº 3428/2025;M.ARGENTINAS 235;49;13;0;13;0;0;0;393897.31;0;0;0;393897.31;0;0;393897.31;0;0;0;0;0;42935;44179;370313;;;A;CARBALLEIRA.1221 Rep.Nro.: 0 Piso:  Dpto:, 2700PERGAMINO CP:;
010438U;AMERI MIGUEL ANGEL;C.C. Res. 074/2026;CARBALLEIRA.1166;17;4;4;0;0;0;0;36733.43;36733.43;4091.44;40824.87;0;0;0;0;0;0;0;0;0;13270;12314;382714;;;A;CARBALLEIRA.1166 Rep.Nro.: 0 Piso:  Dpto:, 6100RUFINO CP:;
010439U;OLMEDO JUAN OSMAR ;C.C. Res. 074/2026;CARBALLEIRA.1178;17;4;4;0;0;0;0;36733.43;36733.43;4091.44;40824.87;0;0;0;0;0;0;0;0;0;14898;12096;382715;;;A;CARBALLEIRA.1178 Rep.Nro.: 0 Piso:  Dpto:, 6100 RUFINO CP:;
010447U;CARINI JULIA ESTEFANIA;Adoquinado Barrio el Sol Ord. Nº 3428/2025;CENTENARIO.1306;49;1;0;1;0;0;0;720049.5;0;0;0;648044.55;0;0;648044.55;0;0;0;0;0;2403;9492;370895;;;A;CARBALLEIRA.1221 Rep.Nro.: 0 Piso:  Dpto:, 6100RUFINO CP:;
010460U;ARGUELLES/ABATEDAGA RAUL;C.C. Res. 074/2026;S.ORTIZ 145;118;4;4;0;0;0;0;73466.83;73466.83;8182.9;81649.73;0;0;0;0;0;0;0;0;0;813;9504;382667;;;A;BV.ESPAÑA.1006 Rep.Nro.: 0 Piso:  Dpto:, 6100 RUFINO CP:;
010461U;MUTTI ANALIA;C.C. Res. 074/2026;IRIGOYEN.1715;118;4;4;0;0;0;0;211400.79;211400.79;23546.28;234947.07;0;0;0;0;0;0;0;0;0;7614;9505;382504;;;A;IRIGOYEN.1705 Rep.Nro.: 0 Piso:  Dpto:, 6100 RUFINO CP:;
010462U;QUINTILLA OSCAR J;C.C. Res. 074/2026;IRIGOYEN.1735;118;4;4;0;0;0;0;78242.16;78242.16;8714.78;86956.94;0;0;0;0;0;0;0;0;0;8999;1604;382517;;;A;SANTA FE 463 Rep.Nro.: 0 Piso:  Dpto:, 6100RUFINO CP:;
010463U;BISEGO SRL/DULCICH;C.C. Res. 074/2026;IRIGOYEN.1775;118;4;4;0;0;0;0;183667.09;183667.09;20457.25;204124.34;0;0;0;0;0;0;0;0;0;820;9507;382519;;;A;IRIGOYEN.1775 Rep.Nro.: 0 Piso:  Dpto:, 6100 RUFINO CP:;
010463U;BISEGO SRL/DULCICH;C.C. Res. 074/2026;IRIGOYEN.1775;118;4;4;0;0;0;0;243358.86;243358.86;27105.83;270464.69;0;0;0;0;0;0;0;0;0;820;9507;382692;;;A;IRIGOYEN.1775 Rep.Nro.: 0 Piso:  Dpto:, 6100 RUFINO CP:;
010488U;SISTEMA REGIONAL DE TELEVISION S. A.;Adoquinado Barrio el Sol Ord. Nº 3413/2024;ARG.NERI 1202;21;20;20;0;0;0;0;12196272.42;12196272.42;8725559.35;20921831.77;0;0;0;0;0;0;0;0;0;23669;24639;361542;;;A;P.PERON 158 Rep.Nro.: 0 Piso:  Dpto:, 6100 RUFINO CP:;
010489U;ZANGA LEANDRO MARTIN;C.C. Res. 074/2026;IRIGOYEN.1610;116;4;0;4;0;0;0;218563.83;0;0;0;218563.83;0;5170.43;223734.26;0;0;0;0;0;26292;26980;382458;;;A;CARBALLEIRA 126 Rep.Nro.: 0 Piso:  Dpto:, 6100 RUFINO CP:;
010491U;LOPEZ DANIEL ANDRES;C.C. Res. 074/2026;IRIGOYEN.1425;54;4;4;0;0;0;0;40406.75;40406.75;4500.58;44907.33;0;0;0;0;0;0;0;0;0;19364;18008;382402;;;A;SAAVEDRA 025 Rep.Nro.: 0 Piso:  Dpto:, 6100 RUFINO CP:;
010492U;JOFRE MARIA CAROLINA;C.C. Res. 074/2026;IRIGOYEN.1435;54;4;4;0;0;0;0;40406.75;40406.75;4500.58;44907.33;0;0;0;0;0;0;0;0;0;31648;32027;382406;;;A;IRIGOYEN 545 Rep.Nro.: 0 Piso:  Dpto:, 6100 RUFINO CP:;
010493U;SANZ ADALBERTO ALFREDO;C.C. Res. 074/2026;IRIGOYEN.1451;54;4;4;0;0;0;0;40406.75;40406.75;4301.44;44708.19;0;0;0;0;0;0;0;0;0;10033;5627;382410;;;A;CROUZEILLES 308 Rep.Nro.: 0 Piso:  Dpto:, 6100RUFINO CP:;
010494U;SANZ ADALBERTO ALFREDO;Pavimiento Urbano;IRIGOYEN.1461;54;4;0;4;0;0;0;39828.24;0;0;0;0;0;0;0;0;39828.24;0;0;0;10033;5627;382413;;;B;CROUZEILLES 308 Rep.Nro.: 0 Piso:  Dpto:, 6100RUFINO CP:;
010494U;SANZ ADALBERTO ALFREDO;C.C. Res. 074/2026;IRIGOYEN.1461;54;4;4;0;0;0;0;40406.75;40406.75;4500.58;44907.33;0;0;0;0;0;0;0;0;0;10033;5627;382677;;;A;CROUZEILLES 308 Rep.Nro.: 0 Piso:  Dpto:, 6100RUFINO CP:;
010495U;SANZ ADALBERTO ALFREDO;C.C. Res. 074/2026;IRIGOYEN.1475;54;4;4;0;0;0;0;40406.75;40406.75;4500.58;44907.33;0;0;0;0;0;0;0;0;0;10033;5627;382416;;;A;CROUZEILLES 308 Rep.Nro.: 0 Piso:  Dpto:, 6100RUFINO CP:;
010496U;MARTIN ALDO ANTONIO;C.C. Res. 074/2026;IRIGOYEN.1495;54;4;4;0;0;0;0;82650.19;82650.19;9205.76;91855.95;0;0;0;0;0;0;0;0;0;6468;1093;382418;;;A;P.PERON 576 Rep.Nro.: 0 Piso:  Dpto:, 6100 RUFINO CP:;
010497U;CATUCH ATILIO ;C.C. Res. 074/2026;IRIGOYEN.1430;55;4;4;0;0;0;0;40406.75;40406.75;4500.58;44907.33;0;0;0;0;0;0;0;0;0;2596;9522;382405;;;A;IRIGOYEN.1430 Rep.Nro.: 0 Piso:  Dpto:, 6100RUFINO CP:;
010498U;VOLPI ROSA C;C.C. Res. 074/2026;IRIGOYEN.1440;55;4;4;0;0;0;0;40406.75;40406.75;4500.58;44907.33;0;0;0;0;0;0;0;0;0;11398;9523;382408;;;A;CHACABUCO 557 Rep.Nro.: 0 Piso:  Dpto:, 6100RUFINO CP:;
010499U;REY CASTRO LUCAS NESTOR;C.C. Res. 074/2026;IRIGOYEN.1450;55;4;0;4;0;0;0;39828.24;0;0;0;39828.24;0;2250.29;42078.53;0;0;0;0;0;27294;27929;382409;;;A;MEUNIER Rep.Nro.: 283 Piso:  Dpto:, 6100 RUFINO CP:;
010500U;ABATEDAGA RAUL O;C.C. Res. 074/2026;S.ORTIZ 165;118;4;4;0;0;0;0;73466.83;73466.83;8182.9;81649.73;0;0;0;0;0;0;0;0;0;12;9525;382671;;;A;BV.ESPAÑA.1006 Rep.Nro.: 0 Piso:  Dpto:, 6100 RUFINO CP:;
010501U;MELIA PAOLA NATALIA;C.C. Res. 074/2026;IRIGOYEN.1470;55;4;4;0;0;0;0;40406.75;40406.75;4500.58;44907.33;0;0;0;0;0;0;0;0;0;38104;38720;382414;;;A;R.BOUSSY.1025 Rep.Nro.: 0 Piso:  Dpto:, 6100 RUFINO CP:;
010502U;SIGNORILE/CARRIZO PEDRO;C.C. Res. 074/2026;IRIGOYEN.1490;55;4;4;0;0;0;0;130403.63;130403.63;14524.64;144928.27;0;0;0;0;0;0;0;0;0;10284;4736;382417;;;A;TORRES 692 Rep.Nro.: 0 Piso:  Dpto:, 6100 RUFINO CP:;
010510U;SIGNORILE/FERREYRA MICAELA Y.;C.C. Res. 074/2026;IRIGOYEN.1460;55;4;4;0;0;0;0;40406.75;40406.75;4500.58;44907.33;0;0;0;0;0;0;0;0;0;10292;9535;382412;;;A;IRIGOYEN.1460 Rep.Nro.: 0 Piso:  Dpto:, 6100 RUFINO CP:;
010860U;RIGONAT ANALIA VERONICA;C.C. Res. 074/2026;R.FAVALORO 095;120;4;0;4;0;0;0;195520.52;0;0;0;0;0;0;0;0;195520.52;0;0;0;16302;16133;382648;;;B;ITALIA 331 Rep.Nro.: 0 Piso:  Dpto:, 6100 RUFINO CP:;
010860U;RIGONAT ANALIA VERONICA;C.C. Res. 074/2026;R.FAVALORO 095;120;4;4;0;0;0;0;95874.2;95874.2;10678.68;106552.88;0;0;0;0;0;0;0;0;0;16302;16133;384036;;;A;ITALIA 331 Rep.Nro.: 0 Piso:  Dpto:, 6100 RUFINO CP:;
010861U;RIGONAT ANALIA VERONICA;C.C. Res. 074/2026;R.FAVALORO 085;120;4;0;4;0;0;0;72415;0;0;0;0;0;0;0;0;72415;0;0;0;16302;16133;382647;;;B;ITALIA 331 Rep.Nro.: 0 Piso:  Dpto:, 6100 RUFINO CP:;
010862U;RIGONAT ANALIA VERONICA;C.C. Res. 074/2026;R.FAVALORO 065;120;4;0;4;0;0;0;72415;0;0;0;0;0;0;0;0;72415;0;0;0;16302;16133;382645;;;B;ITALIA 331 Rep.Nro.: 0 Piso:  Dpto:, 6100 RUFINO CP:;
010863U;CORDOBA DEMETRIO;C.C. Res. 074/2026;S.ORTIZ 120;117;4;4;0;0;0;0;45916.75;45916.75;5114.3;51031.05;0;0;0;0;0;0;0;0;0;3107;9799;382665;;;A;S.ORTIZ 120 Rep.Nro.: 0 Piso:  Dpto:, 6100RUFINO CP:;
010864U;CORDOBA DEMETRIO;C.C. Res. 074/2026;S.ORTIZ 130;117;4;4;0;0;0;0;45916.75;45916.75;5114.3;51031.05;0;0;0;0;0;0;0;0;0;3107;9799;382666;;;A;S.ORTIZ 120 Rep.Nro.: 0 Piso:  Dpto:, 6100 RUFINO CP:;
010865U;ARMANASCO SANTIAGO M;C.C. Res. 074/2026;S.ORTIZ 146;117;4;4;0;0;0;0;45916.75;45916.75;5114.3;51031.05;0;0;0;0;0;0;0;0;0;881;9801;382669;;;A;S.ORTIZ 146 Rep.Nro.: 0 Piso:  Dpto:, 6100 RUFINO CP:6100;
010866U;BRARDA A/BUCCI;C.C. Res. 074/2026;IRIGOYEN.1695;117;4;4;0;0;0;0;128566.94;128566.94;14320.07;142887.01;0;0;0;0;0;0;0;0;0;1971;9802;382503;;;A;EVA PERON 559 Rep.Nro.: 0 Piso:  Dpto:, 6100 RUFINO CP:;
010867U;RESIO JORGE A;C.C. Res. 074/2026;S.ORTIZ 160;117;4;4;0;0;0;0;45916.75;45916.75;5114.3;51031.05;0;0;0;0;0;0;0;0;0;9208;9476;382670;;;A;EVA PERON 424 Rep.Nro.: 0 Piso:  Dpto:, 6100 RUFINO CP:;
010868U;RESIO JORGE A;C.C. Res. 074/2026;S.ORTIZ 168;117;4;4;0;0;0;0;45916.75;45916.75;5114.3;51031.05;0;0;0;0;0;0;0;0;0;9208;9476;382672;;;A;EVA PERON 424 Rep.Nro.: 0 Piso:  Dpto:, 6100 RUFINO CP:;
010869U;RESIO JORGE A;C.C. Res. 074/2026;S.ORTIZ 180;117;4;4;0;0;0;0;45916.75;45916.75;5114.3;51031.05;0;0;0;0;0;0;0;0;0;9208;9476;382673;;;A;EVA PERON 424 Rep.Nro.: 0 Piso:  Dpto:, 6100 RUFINO CP:;
010872U;NAVILLI WALDO A;C.C. Res. 074/2026;S.ORTIZ 015;119;4;4;0;0;0;0;150607.01;150607.01;16774.93;167381.94;0;0;0;0;0;0;0;0;0;7722;913;382650;;;A;P.PERON 781 Rep.Nro.: 0 Piso:  Dpto:, 6100 RUFINO CP:;
010872U;NAVILLI WALDO A;Res. 159/2026 - Pavimento;S.ORTIZ 015;119;1;1;0;0;0;0;104139.93;104139.93;0;104139.93;0;0;0;0;0;0;0;0;0;7722;913;385311;;;A;P.PERON 781 Rep.Nro.: 0 Piso:  Dpto:, 6100 RUFINO CP:;
010873U;NAVILLI/ETCHEPARE ROMINA;C.C. Res. 074/2026;IRIGOYEN.1518;83;4;4;0;0;0;0;47753.45;47753.45;5318.88;53072.33;0;0;0;0;0;0;0;0;0;7820;9807;382421;;;A;IRIGOYEN.1518 Rep.Nro.: 0 Piso:  Dpto:, 6100 RUFINO CP:;
010874U;DI MISCIA MATEO;C.C. Res. 074/2026;ALEM VIEYRA 1435;56;4;4;0;0;0;0;36733.43;36733.43;4091.44;40824.87;0;0;0;0;0;0;0;0;0;36853;37405;382280;;;A;ALEM VIEYRA 1435 Rep.Nro.: 0 Piso:  Dpto:, 6100 RUFINO CP:;
010875U;GUGGIA EDEL SERGIO;C.C. Res. 074/2026;ALEM VIEYRA 1445;56;4;1;3;0;0;0;36733.43;9577.79;0;9577.79;27155.64;0;868.98;28024.62;0;0;0;0;0;5358;9809;382283;;;A;COBO 579 Rep.Nro.: 0 Piso:  Dpto:, 6100RUFINO CP:;
010876U;GUGGIA EDEL H;C.C. Res. 074/2026;ALEM VIEYRA 1455;56;4;1;3;0;0;0;36733.43;9577.79;0;9577.79;27155.64;0;868.98;28024.62;0;0;0;0;0;5356;9810;382284;;;A;COBO 579 Rep.Nro.: 0 Piso:  Dpto:, 6100RUFINO CP:;
010877U;LOOR/PEREYRA JORGE A.;C.C. Res. 074/2026;ALEM VIEYRA 1465;56;4;4;0;0;0;0;36733.43;36733.43;4091.44;40824.87;0;0;0;0;0;0;0;0;0;5951;9811;382286;;;A;B.FERREYRA 225 Rep.Nro.: 0 Piso:  Dpto:, 6100RUFINO CP:;
010878U;LOOR/PEREYRA JORGE A.;C.C. Res. 074/2026;ALEM VIEYRA 1475;56;4;4;0;0;0;0;36733.43;36733.43;4091.44;40824.87;0;0;0;0;0;0;0;0;0;5951;9811;382288;;;A;B.FERREYRA 225 Rep.Nro.: 0 Piso:  Dpto:, 6100RUFINO CP:;
011150U;CASTELLANI MARIA FERNANDA;Plan 50 ;MEUNIER Y GARAY;CH3;12;0;12;0;0;0;81411.8;0;0;0;81411.8;0;5107.19;86518.99;0;0;0;0;0;2500;9986;276724;;"CALLE 26 - MEUNIER 700 - 800
";A;IRIGOYEN 462 Rep.Nro.: 0 Piso:  Dpto:, 6100RUFINO CP:;
011151U;CASTELLANI MARIA FERNANDA;Plan 50 ;MEUNIER Y GARAY;CH3;12;0;12;0;0;0;49484.34;0;0;0;49484.34;0;3104.29;52588.63;0;0;0;0;0;2500;9986;276730;;CALLE 26 - MEUNIER 700 - 800;A;IRIGOYEN 462 Rep.Nro.: 0 Piso:  Dpto:, 6100RUFINO CP:;
011152U;CASTELLANI MARIA FERNANDA;Plan 50 ;MEUNIER Y GARAY;CH3;12;0;12;0;0;0;35951.29;0;0;0;35951.29;0;2255.32;38206.61;0;0;0;0;0;2500;9986;276732;;CALLE 26 - MEUNIER 700 - 800;A;IRIGOYEN 462 Rep.Nro.: 0 Piso:  Dpto:, 6100RUFINO CP:;
011171U;CASTELLANI MARIA FERNANDA;Plan 50 ;MEUNIER 698;CH3;12;0;12;0;0;0;197083.25;0;0;0;197083.25;0;12363.59;209446.84;0;0;0;0;0;2500;9986;276717;;CALLE 25 - MEUNIER 600 - 700;A;IRIGOYEN 462 Rep.Nro.: 0 Piso:  Dpto:, 6100RUFINO CP:;
011269U;ZALAZAR ROBERTO CESAR;Plan 50 ;ASAMBLEA 945;21AC;1;0;1;0;0;0;17205.3;0;0;0;17205.3;0;0;17205.3;0;0;0;0;0;11469;15641;275348;;CALLE 2 - CALLE 28 CONT. 30%;A;ASAMBLEA.1035 Rep.Nro.: 0 Piso:  Dpto:, 6100RUFINO CP:;
011269U;ZALAZAR ROBERTO CESAR;Ord. 3303/22 hormigon armado;ASAMBLEA 945;21AC;50;11;3;0;0;36;244942.25;85739.51;32477.82;118217.33;6752.56;0;2242.46;8995.02;0;0;0;0;152450.18;11469;15641;325236;;;A;ASAMBLEA.1035 Rep.Nro.: 0 Piso:  Dpto:, 6100 RUFINO CP:;
011270U;WANUS JORGELINA ;C.C. Ord. 3081/2016;MAGALLANES 370;36;1;0;0;1;0;0;1886.01;0;0;0;0;0;0;0;0;0;1886.01;0;0;11407;10106;168538;;;A;MAGALLANES 370 Rep.Nro.: 0 Piso:  Dpto:, 6100RUFINO;
011280U;CERMELLI CECILIA V;C.C. Ord. 3081/2016;LAS HERAS 343 LOT.A2-A3;04D;1;0;1;0;0;0;384.9;0;0;0;384.9;0;7.74;392.64;0;0;0;0;0;2688;10116;165570;;;A;LAS HERAS 343 Rep.Nro.: 0 Piso:  Dpto:, 6100RUFINO;
011288U;MARIATTI MARIA FLORENCIA;Adoquinado barrio jardin Ordenanza Nº: 3300/2022;SAAVEDRA 445;6C;50;0;50;0;0;0;117378.5;0;0;0;0;0;0;0;0;117378.5;0;0;0;6419;10124;324984;;;B;SAAVEDRA 445 Rep.Nro.: 0 Piso:  Dpto:, 6100RUFINO CP:;
011288U;MARIATTI MARIA FLORENCIA;Ord. 3303/22 hormigon armado;SAAVEDRA 445;6C;50;16;34;0;0;0;260288.16;125232.37;70614.74;195847.11;135055.79;0;88652.97;223708.76;0;0;0;0;0;6419;10124;325128;;;A;SAAVEDRA 445 Rep.Nro.: 0 Piso:  Dpto:, 6100RUFINO CP:;
011289U;BONINO PABLO DANIEL;Adoquinado barrio jardin Ordenanza Nº: 3300/2022;SAAVEDRA 449;6C;50;0;50;0;0;0;46951.5;0;0;0;0;0;0;0;0;46951.5;0;0;0;13548;13716;324987;;;B;COBO 882 Rep.Nro.: 0 Piso:  Dpto:, 6100RUFINO CP:;
011289U;BONINO PABLO DANIEL;Ord. 3303/22 hormigon armado;SAAVEDRA 449;6C;50;1;49;0;0;0;104167.65;3762.75;0;3762.75;100404.91;2416.05;514;103334.96;0;0;0;0;0;13548;13716;325129;;;A;COBO 882 Rep.Nro.: 0 Piso:  Dpto:, 6100RUFINO CP:;
011290U;DELLAGIOVANNA CARLOS A;Adoquinado barrio jardin Ordenanza Nº: 3300/2022;SAAVEDRA 433;6C;50;0;50;0;0;0;11738;0;0;0;0;0;0;0;0;11738;0;0;0;3509;10126;324991;;;B;TORRES 697 Rep.Nro.: 0 Piso:  Dpto:, 6100 RUFINO CP:;
011290U;CARGAL S.A.;Ord. 3303/22 hormigon armado;SAAVEDRA 433;6C;50;0;50;0;0;0;12765.41;0;0;0;0;0;0;0;0;12765.41;0;0;0;41039;41955;325131;;;B;TORRES 697 Rep.Nro.: 0 Piso:  Dpto:, 6100 RUFINO CP:;
011322U;RUIZ EVANGELINA SOLEDAD;Adoquinado barrio jardin Ordenanza Nº: 3300/2022;GALAN.1406;59;50;0;50;0;0;0;117378.5;0;0;0;0;0;0;0;0;117378.5;0;0;0;15355;15081;324993;;;B;P.PERON 746 Rep.Nro.: 0 Piso:  Dpto:, 6100 RUFINO CP:;
011322U;RUIZ CELINA ANGELA;Ord. 3303/22 hormigon armado;GALAN.1406;59;50;0;50;0;0;0;256986;0;0;0;256986;0;67828.38;324814.38;0;0;0;0;0;18896;18766;325133;;;A;P.PERON 746 Rep.Nro.: 0 Piso:  Dpto:, 6100 RUFINO CP:;
011323U;RUIZ EVANGELINA SOLEDAD;Adoquinado barrio jardin Ordenanza Nº: 3300/2022;J.HERNANDEZ 175;59;50;0;50;0;0;0;117965.5;0;0;0;0;0;0;0;0;117965.5;0;0;0;15355;15081;324994;;;B;P.PERON 746 Rep.Nro.: 0 Piso:  Dpto:, 6100 RUFINO CP:;
011323U;RUIZ CELINA ANGELA;Ord. 3303/22 hormigon armado;J.HERNANDEZ 175;59;50;11;39;0;0;0;261881.56;91669.02;34723.87;126392.89;170212.54;0;60597.68;230810.22;0;0;0;0;0;18896;18766;325134;;;A;P.PERON 746 Rep.Nro.: 0 Piso:  Dpto:, 6100 RUFINO CP:;
011324U;FRANCESETTI DELIA DE;Adoquinado barrio jardin Ordenanza Nº: 3300/2022;J.HERNANDEZ 165;59;50;0;50;0;0;0;140619.5;0;0;0;0;0;0;0;0;140619.5;0;0;0;4278;15234;324996;;;B;BV.BELGRANO 221 Rep.Nro.: 0 Piso:  Dpto:, 6100 RUFINO CP:;
011324U;PALETTA CHRISTIAN ALBERTO;Ord. 3303/22 hormigon armado;J.HERNANDEZ 165;59;50;24;26;0;0;0;312019.75;203917.28;169203.11;373120.39;108102.47;0;78853.05;186955.52;0;0;0;0;0;38652;39290;325137;;;A;BV.BELGRANO 221 Rep.Nro.: 0 Piso:  Dpto:, 6100 RUFINO CP:;
011325U;DUBRA IVANA;Ord. 3303/22 hormigon armado;J.HERNANDEZ 155;59;50;11;0;0;0;39;312172.01;109272.67;41260.53;150533.2;0;0;0;0;0;0;0;0;202899.34;18248;17212;322021;;;A;J.B.JUSTO 790 Rep.Nro.: 0 Piso:  Dpto:, 6100RUFINO CP:;
011326U;BELMUDEZ HORACIO EDGAR;Adoquinado barrio jardin Ordenanza Nº: 3300/2022;J.HERNANDEZ 145;59;50;0;50;0;0;0;140619.5;0;0;0;0;0;0;0;0;140619.5;0;0;0;1506;6054;324997;;;B;ITALIA 830 Rep.Nro.: 0 Piso:  Dpto:, 6100RUFINO CP:;
011326U;BELMUDEZ HORACIO EDGAR;Ord. 3303/22 hormigon armado;J.HERNANDEZ 145;59;50;0;50;0;0;0;147369.1;0;0;0;29895.71;0;104.29;30000;0;117473.39;0;0;0;1506;6054;325138;;;B;ITALIA 830 Rep.Nro.: 0 Piso:  Dpto:, 6100RUFINO CP:;
011326U;BELMUDEZ HORACIO EDGAR;Ord. 3303/22 hormigon armado;J.HERNANDEZ 145;59;36;0;36;0;0;0;258096.46;0;0;0;257696.37;0;1467.46;259163.83;0;400.09;0;0;0;1506;6054;326136;;;A;ITALIA 830 Rep.Nro.: 0 Piso:  Dpto:, 6100RUFINO CP:;
011327U;FERRERO JUAN MANUEL;Adoquinado barrio jardin Ordenanza Nº: 3300/2022;J.HERNANDEZ 135;59;50;0;50;0;0;0;140619.5;0;0;0;0;0;0;0;0;140619.5;0;0;0;4134;10163;324999;;;B;COBO 185 DPTO.33 Rep.Nro.: 0 Piso:  Dpto:, 6100 RUFINO CP:;
011327U;GRAMAJO RUBEN;Ord. 3303/22 hormigon armado;J.HERNANDEZ 135;59;50;1;49;0;0;0;309258.5;11269.35;0;11269.35;275846.93;22142.22;181110.1;479099.25;0;22142.22;0;0;0;32652;33009;325139;;;A;COBO 185 DPTO.33 Rep.Nro.: 0 Piso:  Dpto:, 6100 RUFINO CP:;
011328U;CARRARI JAVIER LEANDRO;Adoquinado barrio jardin Ordenanza Nº: 3300/2022;J.HERNANDEZ 125;59;50;0;50;0;0;0;140619.5;0;0;0;0;0;0;0;0;140619.5;0;0;0;31908;32272;325001;;;B;J.HERNANDEZ 111 Rep.Nro.: 0 Piso:  Dpto:, 6100 RUFINO CP:;
011328U;CARRARI JAVIER LEANDRO;Ord. 3303/22 hormigon armado;J.HERNANDEZ 125;59;50;0;50;0;0;0;152922.23;0;0;0;0;0;0;0;0;152922.23;0;0;0;31908;32272;325145;;;B;J.HERNANDEZ 111 Rep.Nro.: 0 Piso:  Dpto:, 6100 RUFINO CP:;
011328U;CARRARI JAVIER LEANDRO;Ord. 3303/22 hormigon armado;J.HERNANDEZ 125;59;24;0;24;0;0;0;260773.82;0;0;0;260773.82;0;0;260773.82;0;0;0;0;0;31908;32272;327671;;;A;J.HERNANDEZ 111 Rep.Nro.: 0 Piso:  Dpto:, 6100 RUFINO CP:;
011331U;FRANCESETTI/MUNICIPALIDAD DE RUFINO;Adoquinado barrio jardin Ordenanza Nº: 3300/2022;ITALIA.1395;49;50;0;50;0;0;0;269970.5;0;0;0;0;0;0;0;0;269970.5;0;0;0;34686;35158;325003;;;B;ITALIA 127 Rep.Nro.: 0 Piso:  Dpto:, 6100 RUFINO CP:;
011331U;FRANCESETTI/MUNICIPALIDAD DE RUFINO;Ord. 3303/22 hormigon armado;ITALIA.1395;49;50;50;0;0;0;0;599325.35;599325.35;971433.42;1570758.77;0;0;0;0;0;0;0;0;0;34686;35158;325147;;;A;ITALIA 127 Rep.Nro.: 0 Piso:  Dpto:, 6100 RUFINO CP:;
011460U;CORDOBA MARIA DE LOS ANGELES;Plan 50 ;L.DE LA TORRE 605;20D;36;0;23;0;0;13;37787.67;0;0;0;14423.93;580.34;723.28;15727.55;0;4092.99;0;0;19270.75;3113;10277;275236;;CALLE 01 - ASAMBLEA 1000 - 1100;A;COBO 841 Rep.Nro.: 0 Piso:  Dpto:, 6100RUFINO CP:;
011460U;CORDOBA MARIA DE LOS ANGELES;Ord. 3303/22 hormigon armado;L.DE LA TORRE 605;20D;50;11;0;0;0;39;469039.54;164182.34;62191.64;226373.98;0;0;0;0;0;0;0;0;304857.2;3113;10277;325148;;;A;COBO 841 Rep.Nro.: 0 Piso:  Dpto:, 6100RUFINO CP:;
011461U;CASTRO MAURICIO CESAR;Plan 50 ;ASAMBLEA.1026;20D;12;2;10;0;0;0;14611.3;729.23;4181.36;4910.59;10705.07;0;147.15;10852.22;0;1100.44;0;0;0;13702;12658;276554;;"CALLE 01 - ASAMBLEA 1000- 1100


";A;ASAMBLEA.1026 Rep.Nro.: 0 Piso:  Dpto:, 6100RUFINO CP:;
011461U;CASTRO MAURICIO CESAR;Ord. 3303/22 hormigon armado;ASAMBLEA.1026;20D;50;9;15;0;0;26;234519.28;68684.04;21040.01;89724.05;46316.76;0;24094.16;70410.92;0;0;0;0;119518.48;13702;12658;325149;;;A;ASAMBLEA.1026 Rep.Nro.: 0 Piso:  Dpto:, 6100RUFINO CP:;
011462U;XICOY/TORRES RICARDO L ;Plan 50 ;ASAMBLEA.1036;20D;12;0;12;0;0;0;15049.62;0;0;0;15049.62;0;11424.86;26474.48;0;0;0;0;0;11437;10279;276729;;"CALLE 01 ASAMBLEA 1000-1100

";A;LORENZETTI 610 Rep.Nro.: 0 Piso:  Dpto:, 6100RUFINO CP:;
011462U;RODRIGUEZ ROSANA ELENA;Ord. 3303/22 hormigon armado;ASAMBLEA.1036;20D;50;11;39;0;0;0;234519.28;82091.06;31095.77;113186.83;152428.22;0;161486.28;313914.5;0;0;0;0;0;25833;26635;325150;;;A;M.ROCA 726 Rep.Nro.: 0 Piso:  Dpto:, 6100 RUFINO CP:;
011463U;LOVERA ANDREA L;Plan 50 ;ASAMBLEA.1046;20D;12;0;12;0;0;0;14781.31;0;0;0;14781.31;0;115;14896.31;0;0;0;0;0;6041;10280;275238;;CALLE 01 - ASAMBLEA 1000 - 1100;A;ASAMBLEA.1040 Rep.Nro.: 0 Piso:  Dpto:, 6100RUFINO CP:;
011463U;LOVERA ANDREA L;Ord. 3303/22 hormigon armado;ASAMBLEA.1046;20D;24;0;24;0;0;0;181538.08;0;0;0;181538.08;0;5878.32;187416.4;0;0;0;0;0;6041;10280;322262;;;A;ASAMBLEA.1046 Rep.Nro.: 0 Piso:  Dpto:, 6100RUFINO CP:;
011464U;ALEM MAURICIO ANDRES;Plan 50 ;ASAMBLEA.1056;20D;12;0;12;0;0;0;17440.85;0;0;0;17440.85;0;19750.26;37191.11;0;0;0;0;0;17293;16473;276734;;"

";A;AMERICA 374  Rep.Nro.: 0 Piso:  Dpto:, 6100 RUFINO CP:;
011464U;TORTA FRANCO EMMANUEL;Ord. 3303/22 hormigon armado;ASAMBLEA.1056;20D;50;0;50;0;0;0;211426.74;0;0;0;211426.74;0;8250.88;219677.62;0;0;0;0;0;25041;25975;325151;;;A;AMERICA 374  Rep.Nro.: 0 Piso:  Dpto:, 6100 RUFINO CP:;
011465U;VITERI GABRIELA A;Plan 50 ;ASAMBLEA.1066;20D;1;0;1;0;0;0;8602.65;0;0;0;8602.65;0;0;8602.65;0;0;0;0;0;11367;10282;275684;;CALLE 01 ASAMBLEA 1000-1100;A;ASAMBLEA.1066 Rep.Nro.: 0 Piso:  Dpto:, 6100 RUFINO CP:;
011465U;VITERI GABRIELA A;Ord. 3303/22 hormigon armado;ASAMBLEA.1066;20D;12;0;12;0;0;0;149499.73;0;0;0;149499.73;0;0;149499.73;0;0;0;0;0;11367;10282;322955;;;A;ASAMBLEA.1066 Rep.Nro.: 0 Piso:  Dpto:, 6100 RUFINO CP:;
011466U;PEREYRA IGNACIO S;Plan 50 ;ASAMBLEA.1075;20D;12;0;12;0;0;0;15049.62;0;0;0;15049.62;0;5604.69;20654.31;0;0;0;0;0;8543;10283;276741;;CALLE 01 ASAMBLEA 1000-1100;A;ASAMBLEA.1076 Rep.Nro.: 0 Piso:  Dpto:, 6100 RUFINO CP:;
011466U;DEMARCHI DOLORES;Ord. 3303/22 hormigon armado;ASAMBLEA.1075;20D;50;1;49;0;0;0;234206.41;8466.09;0;8466.09;225625.94;10902.34;8568.19;245096.47;0;114.38;0;0;0;22276;23210;324998;;;A;ASAMBLEA.1076 Rep.Nro.: 0 Piso:  Dpto:, 6100 RUFINO CP:;
011467U;ECHENIQUE JULIO C;Plan 50 ;ASAMBLEA.1086;20D;24;0;24;0;0;0;14518.79;0;0;0;14518.79;0;585.27;15104.06;0;0;0;0;0;3770;10284;275590;;CALLE 01 - ASAMBLEA 1000 - 1100;A;URUGUAY 116 Rep.Nro.: 0 Piso:  Dpto:, 6100RUFINO CP:;
011467U;ECHENIQUE JULIO C;Ord. 3303/22 hormigon armado;ASAMBLEA.1086;20D;48;0;48;0;0;0;271663.86;0;0;0;271652.1;2410.34;25890.83;299953.27;0;0;0;0;0;3770;10284;322336;;;A;ASAMBLEA.1086 Rep.Nro.: 0 Piso:  Dpto:, 6100 RUFINO CP:;
011468U;FONTANA CLAUDIA BEATRIZ;Plan 50 ;LORENZETTI 610;20D;12;0;12;0;0;0;24579;0;0;0;0;0;0;0;0;24579;0;0;0;29434;29932;276745;;CALLE 01 ASAMBLEA 1000-1100;B;MARMOL 477 Rep.Nro.: 0 Piso:  Dpto:, 6100RUFINO CP:;
011468U;FONTANA CLAUDIA BEATRIZ;Plan 50 ;LORENZETTI 610;20D;1;0;1;0;0;0;18950;0;0;0;18950;0;0;18950;0;0;0;0;0;29434;29932;280142;;CALLE 001 - ASAMBLEA 1000 - 1100;A;MARMOL 477 Rep.Nro.: 0 Piso:  Dpto:, 6100RUFINO CP:;
011468U;ORELLANA AMELIA MARILINA;Ord. 3303/22 hormigon armado;LORENZETTI 610;20D;50;0;50;0;0;0;105640.5;0;0;0;0;0;0;0;0;105640.5;0;0;0;33162;33529;325004;;;B;ECHEVERRIA 371 Rep.Nro.: 0 Piso:  Dpto:, 6100 RUFINO CP:;
011468U;ORELLANA AMELIA MARILINA;Ord. 3303/22 hormigon armado;LORENZETTI 610;20D;50;30;20;0;0;0;469039.54;355710.85;362099.1;717809.95;113328.69;0;362661.88;475990.57;0;0;0;0;0;33162;33529;325237;;;A;ECHEVERRIA 371 Rep.Nro.: 0 Piso:  Dpto:, 6100 RUFINO CP:;
011499U;BERENGUER WALTER D;Ord. 3303/22 hormigon armado;INDEPENDENCIA 530;22A;50;7;43;0;0;0;520831.64;121620.47;28064.81;149685.28;399211.25;12080.08;2714.04;414005.37;0;0;0;0;0;1571;6581;325008;;;A;COBO 882 Rep.Nro.: 0 Piso:  Dpto:, 6100 RUFINO CP:;
011570U;ALVAREZ ROBERTO LUIS;Plan 50 ;LORENZETTI 210;26D;12;0;12;0;0;0;40965;0;0;0;0;0;0;0;0;40965;0;0;0;540;732;277010;;CALLE 13 LORENZETTI 200-300 ;B;GALAN 349 Rep.Nro.: 0 Piso:  Dpto:, 6100RUFINO CP:;
011570U;ALVAREZ ROBERTO LUIS;Plan 50 ;LORENZETTI 210;26D;12;0;12;0;0;0;23496.6;0;0;0;0;0;0;0;0;23496.6;0;0;0;540;732;277996;;CALLE 13 - LORENZETTI 200 - 300;B;GALAN 349 Rep.Nro.: 0 Piso:  Dpto:, 6100RUFINO CP:;
011570U;ALVAREZ ROBERTO LUIS;Plan 50 ;LORENZETTI 210;26D;12;0;12;0;0;0;15924.1;0;0;0;15924.1;0;69.64;15993.74;0;0;0;0;0;540;732;280118;;CALLE 13 - LORENZETTI 200 - 300;A;GALAN 349 Rep.Nro.: 0 Piso:  Dpto:, 6100RUFINO CP:;
011633U;BAIARDI PATRICIA GRACIELA;Plan 50 ;ASAMBLEA 856;20B;12;0;12;0;0;0;16721.77;0;0;0;16721.77;0;5293.74;22015.51;0;0;0;0;0;7452;10416;276791;;CALLE 03 ASAMBLEA 800 - 900;A;CEDROS 246 Rep.Nro.: 0 Piso:  Dpto:, 6100RUFINO CP:;
011633U;BAIARDI PATRICIA GRACIELA;Ord. 3303/22 hormigon armado;ASAMBLEA 856;20B;50;0;50;0;0;0;259870.72;0;0;0;259870.72;0;38732.83;298603.55;0;0;0;0;0;7452;10416;325012;;;A;POSADAS 164 Rep.Nro.: 0 Piso:  Dpto:, 6100RUFINO CP:;
011634U;MUNIC/NOVELLINO ISABEL E;Plan 50 ;ASAMBLEA 864;20B;24;0;24;0;0;0;16280.65;0;0;0;16280.65;0;433.51;16714.16;0;0;0;0;0;7457;10417;275239;;CALLE 03 - ASAMBLEA 800 - 900;A;EVA PERON 864 Rep.Nro.: 0 Piso:  Dpto:, 6100 RUFINO CP:;
011634U;MUNIC/NOVELLINO ISABEL E;Ord. 3303/22 hormigon armado;ASAMBLEA 864;20B;50;0;50;0;0;0;257819.25;0;0;0;257819.31;11717.64;2233.56;271770.51;0;0;0;0;0;7457;10417;325017;;;A;EVA PERON 864 Rep.Nro.: 0 Piso:  Dpto:, 6100 RUFINO CP:;
011635U;VAZQUEZ EUSEBIO JOSÉ;Plan 50 ;ASAMBLEA 876;20B;36;0;36;0;0;0;21062.15;0;0;0;20993.15;0;32699.38;53692.53;0;69;0;0;0;7460;10418;275591;;CALLE 03 - ASAMBLEA 800 - 900;A;ASAMBLEA 876 Rep.Nro.: 0 Piso:  Dpto:, 6100 RUFINO CP:;
011635U;VAZQUEZ EUSEBIO JOSÉ;Ord. 3303/22 hormigon armado;ASAMBLEA 876;20B;50;0;50;0;0;0;259878.86;0;0;0;259878.86;0;19159.69;279038.55;0;0;0;0;0;7460;10418;325018;;;A;ASAMBLEA 876 Rep.Nro.: 0 Piso:  Dpto:, 6100 RUFINO CP:;
011636U;MUNIC/ALBA MAURICIO JAVIER;Plan 50 ;ASAMBLEA 880;20B;12;12;0;0;0;0;16910.67;16910.67;99756.9;116667.57;0;0;0;0;0;0;0;0;0;7451;10419;276793;;CALLE 03 ASAMBLEA 800 - 900;A;ASAMBLEA 880 Rep.Nro.: 0 Piso:  Dpto:, 6100RUFINO CP:;
011636U;MUNIC/ALBA MAURICIO JAVIER;Ord. 3303/22 hormigon armado;ASAMBLEA 880;20B;50;11;0;0;0;39;260576.25;91212.02;34550.78;125762.8;0;0;0;0;0;0;0;0;169364.23;7451;10419;325021;;;A;ASAMBLEA 880 Rep.Nro.: 0 Piso:  Dpto:, 6100 RUFINO CP:;
011637U;LEVENTAN MARIA CRISTINA;Plan 50 ;ASAMBLEA 890;20B;12;0;12;0;0;0;14374.05;0;0;0;14374.05;0;2026.66;16400.71;0;0;0;0;0;7456;10420;276805;;CALLE 03 ASAMBLEA 800 - 900;A;COLON 370 Rep.Nro.: 0 Piso:  Dpto:, 6100RUFINO CP:;
011637U;LEVENTAN MARIA CRISTINA;Ord. 3303/22 hormigon armado;ASAMBLEA 890;20B;50;12;38;0;0;0;260576.25;98424.15;40832.55;139256.7;162152.1;0;165631.12;327783.22;0;0;0;0;0;7456;10420;325022;;;A;B.FERREYRA 551 Rep.Nro.: 0 Piso:  Dpto:, 6100 RUFINO CP:;
011643U;PERAZZI B/PEREZ ;Pavimiento Urbano;R.ESCALADA 325;4;8;8;0;0;0;0;337.6;337.6;2633.97;2971.57;0;0;0;0;0;0;0;0;0;8507;10426;222672;;;A;R.ESCALADA 325 Rep.Nro.: 0 Piso:  Dpto:, 6100-RUFINO;
011713U;PANNUNZIO MIGUEL A;Plan 50 ;GUEMES 236;26B;12;0;12;0;0;0;23410.4;0;0;0;23410.4;0;20610.85;44021.25;0;0;0;0;0;17442;16667;277027;;CALLE 21-GUEMES 200-300;A;COBO 334 Rep.Nro.: 0 Piso:  Dpto:, 6100RUFINO CP:;
011713U;GIMENEZ CRISTIAN ERNESTO;Ord. 3303/22 hormigon armado;GUEMES 236;26B;50;2;48;0;0;0;364583.55;25980.3;1268.27;27248.57;338603.25;0;68970.8;407574.05;0;0;0;0;0;26887;27562;325028;;;A;CATAMARCA 474 Rep.Nro.: 0 Piso:  Dpto:, 6100 RUFINO CP:;
011714U;PANNUNZIO MIGUEL A;Plan 50 ;GUEMES 246;26B;12;0;12;0;0;0;15049.62;0;0;0;15049.62;0;13576.95;28626.57;0;0;0;0;0;17442;16667;277028;;CALLE 21-GUEMES 200-300;A;COBO 334 Rep.Nro.: 0 Piso:  Dpto:, 6100RUFINO CP:;
011714U;LUCERO BRIAN GASTON;Ord. 3303/22 hormigon armado;GUEMES 246;26B;50;1;49;0;0;0;233996.23;8466.09;0;8466.09;225530.17;4419.06;116.9;230066.13;0;0;0;0;0;42209;43402;325238;;;A;CENTENARIO 850 Rep.Nro.: 0 Piso:  Dpto:, 6100 RUFINO CP:;
011715U;BORDA ROMINA FERNANDA;Plan 50 ;GUEMES 256;26B;12;0;12;0;0;0;12792.21;0;0;0;12792.21;0;12418.93;25211.14;0;0;0;0;0;26670;27352;277034;;CALLE 21-GUEMES 200-300;A;VICTORERO.1184 Rep.Nro.: 0 Piso:  Dpto:, 6100 RUFINO CP:;
011715U;BORDA ROMINA FERNANDA;Ord. 3303/22 hormigon armado;GUEMES 256;26B;50;15;35;0;0;0;234404.9;106942.3;56379.08;163321.38;127462.6;0;66456.01;193918.61;0;0;0;0;0;26670;27352;325076;;;A;GUEMES 256 Rep.Nro.: 867 Piso:  Dpto:, 6100 RUFINO CP:;
011716U;BAUDUCCO DAVID;Plan 50 ;GUEMES 266;26B;12;0;12;0;0;0;15049.62;0;0;0;15049.62;0;2849.47;17899.09;0;0;0;0;0;26932;27605;277037;;CALLE 21-GUEMES 200-300;A;MORENO 470 Rep.Nro.: 0 Piso:  Dpto:, 6100 RUFINO CP:;
011716U;BAUDUCCO DAVID;Ord. 3303/22 hormigon armado;GUEMES 266;26B;50;2;48;0;0;0;231319.54;16701.59;815.31;17516.9;214617.95;0;66757.17;281375.12;0;0;0;0;0;26932;27605;325067;;;A;MORENO 470 Rep.Nro.: 0 Piso:  Dpto:, 6100 RUFINO CP:;
011717U;PANNUNZIO MIGUEL A;Plan 50 ;GUEMES 286;26B;12;0;12;0;0;0;48493.05;0;0;0;48493.05;0;62757.09;111250.14;0;0;0;0;0;17442;16667;277038;;CALLE 21-GUEMES 200-300;A;COBO 334 Rep.Nro.: 0 Piso:  Dpto:, 6100 RUFINO CP:;
011717U;GHIBAUDO ANDRES GUSTAVO;Ord. 3303/22 hormigon armado;GUEMES 286;26B;50;1;49;0;0;0;754226.86;27279.68;0;27279.68;726947.18;0;341491.26;1068438.44;0;0;0;0;0;14271;13522;325239;;;A;VICTORERO 232 Rep.Nro.: 0 Piso:  Dpto:, 6100 RUFINO CP:;
012087U;MUNIC/RIGOTTI RICARDO;PAVIMENTO CALLE ARENALES;25 DE MAYO 605;10AB;48;0;48;0;0;0;34543.2;0;0;0;0;0;0;0;0;34543.2;0;0;0;7579;15862;309298;;Pavimento Calle Areanles;B;IRIGOYEN 137 Rep.Nro.: 0 Piso:  Dpto:, 6100 RUFINO CP:;
012087U;MUNIC/RIGOTTI RICARDO;PAVIMENTO CALLE ARENALES;25 DE MAYO 605;10AB;48;12;0;0;0;36;91464.48;46223.36;46114.3;92337.66;0;0;0;0;0;0;0;0;45241.12;7579;15862;316154;;;A;IRIGOYEN 137 Rep.Nro.: 0 Piso:  Dpto:, 6100 RUFINO CP:;
014800U;INMOBILIARIAS CUYANAS SA ;C.C. Res. 074/2026;C.PUBLICA 026;84;4;4;0;0;0;0;36733.43;36733.43;4091.44;40824.87;0;0;0;0;0;0;0;0;0;5595;427;382595;;;A;P.PERON 042 Rep.Nro.: 0 Piso:  Dpto:, 6100 RUFINO CP:;
014801U;INMOBILIARIAS CUYANAS SA ;C.C. Res. 074/2026;C.PUBLICA 038;84;4;4;0;0;0;0;36733.43;36733.43;4091.44;40824.87;0;0;0;0;0;0;0;0;0;5595;427;382596;;;A;P.PERON 042 Rep.Nro.: 0 Piso:  Dpto:, 6100 RUFINO CP:;
014802U;INMOBILIARIAS CUYANAS SA ;C.C. Res. 074/2026;C.PUBLICA 046;84;4;4;0;0;0;0;36733.43;36733.43;4091.44;40824.87;0;0;0;0;0;0;0;0;0;5595;427;382597;;;A;P.PERON 042 Rep.Nro.: 0 Piso:  Dpto:, 6100 RUFINO CP:;
014803U;INMOBILIARIAS CUYANAS SA ;C.C. Res. 074/2026;C.PUBLICA 056;84;4;4;0;0;0;0;36733.43;36733.43;4064.29;40797.72;0;0;0;0;0;0;0;0;0;5595;427;382598;;;A;P.PERON 042 Rep.Nro.: 0 Piso:  Dpto:, 6100 RUFINO CP:;
014804U;INMOBILIARIAS CUYANAS SA ;C.C. Res. 074/2026;C.PUBLICA 064;84;4;4;0;0;0;0;36733.43;36733.43;4091.44;40824.87;0;0;0;0;0;0;0;0;0;5595;427;382600;;;A;P.PERON 042 Rep.Nro.: 0 Piso:  Dpto:, 6100 RUFINO CP:;
014805U;INMOBILIARIAS CUYANAS SA ;C.C. Res. 074/2026;C.PUBLICA 076;84;4;4;0;0;0;0;36733.43;36733.43;4091.44;40824.87;0;0;0;0;0;0;0;0;0;5595;427;382601;;;A;P.PERON 042 Rep.Nro.: 0 Piso:  Dpto:, 6100 RUFINO CP:;
014806U;INMOBILIARIAS CUYANAS SA ;C.C. Res. 074/2026;C.PUBLICA 086;84;4;4;0;0;0;0;36733.43;36733.43;4091.44;40824.87;0;0;0;0;0;0;0;0;0;5595;427;382602;;;A;P.PERON 042 Rep.Nro.: 0 Piso:  Dpto:, 6100 RUFINO CP:;
014807U;INMOBILIARIAS CUYANAS SA ;C.C. Res. 074/2026;ALEM VIEYRA 1595;84;4;4;0;0;0;0;110200.26;110200.26;12274.34;122474.6;0;0;0;0;0;0;0;0;0;5595;427;382303;;;A;P.PERON 042 Rep.Nro.: 0 Piso:  Dpto:, 6100 RUFINO CP:;
014808U;INMOBILIARIAS CUYANAS SA ;C.C. Res. 074/2026;ALEM VIEYRA 1585;84;4;4;0;0;0;0;36733.43;36733.43;4091.44;40824.87;0;0;0;0;0;0;0;0;0;5595;427;382301;;;A;P.PERON 042 Rep.Nro.: 0 Piso:  Dpto:, 6100 RUFINO CP:;
014809U;INMOBILIARIAS CUYANAS SA ;C.C. Res. 074/2026;ALEM VIEYRA 1575;84;4;4;0;0;0;0;36733.43;36733.43;4091.44;40824.87;0;0;0;0;0;0;0;0;0;5595;427;382300;;;A;P.PERON 042 Rep.Nro.: 0 Piso:  Dpto:, 6100 RUFINO CP:;
014810U;INMOBILIARIAS CUYANAS SA ;C.C. Res. 074/2026;ALEM VIEYRA 1565;84;4;4;0;0;0;0;36733.43;36733.43;4091.44;40824.87;0;0;0;0;0;0;0;0;0;5595;427;382299;;;A;P.PERON 042 Rep.Nro.: 0 Piso:  Dpto:, 6100 RUFINO CP:;
014811U;INMOBILIARIAS CUYANAS SA ;C.C. Res. 074/2026;ALEM VIEYRA 1555;84;4;4;0;0;0;0;36733.43;36733.43;4091.44;40824.87;0;0;0;0;0;0;0;0;0;5595;427;382297;;;A;P.PERON 042 Rep.Nro.: 0 Piso:  Dpto:, 6100 RUFINO CP:;
014812U;INMOBILIARIAS CUYANAS SA ;C.C. Res. 074/2026;ALEM VIEYRA 1545;84;4;4;0;0;0;0;36733.43;36733.43;4091.44;40824.87;0;0;0;0;0;0;0;0;0;5595;427;382296;;;A;P.PERON 042 Rep.Nro.: 0 Piso:  Dpto:, 6100 RUFINO CP:;
014813U;INMOBILIARIAS CUYANAS SA ;C.C. Res. 074/2026;ALEM VIEYRA 1535;84;4;4;0;0;0;0;36733.43;36733.43;4091.44;40824.87;0;0;0;0;0;0;0;0;0;5595;427;382295;;;A;P.PERON 042 Rep.Nro.: 0 Piso:  Dpto:, 6100 RUFINO CP:;
014814U;INMOBILIARIAS CUYANAS SA ;C.C. Res. 074/2026;ALEM VIEYRA 1525;84;4;0;4;0;0;0;35707.52;0;0;0;0;0;0;0;0;35707.52;0;0;0;5595;427;382293;;;B;P.PERON 042 Rep.Nro.: 0 Piso:  Dpto:, 6100 RUFINO CP:;
014814U;INMOBILIARIAS CUYANAS SA ;C.C. Res. 074/2026;ALEM VIEYRA 1525;84;4;4;0;0;0;0;36733.43;36733.43;4091.44;40824.87;0;0;0;0;0;0;0;0;0;5595;427;382629;;;A;P.PERON 042 Rep.Nro.: 0 Piso:  Dpto:, 6100 RUFINO CP:;
014815U;INMOBILIARIAS CUYANAS SA ;C.C. Res. 074/2026;ALEM VIEYRA 1515;84;4;0;4;0;0;0;35707.52;0;0;0;0;0;0;0;0;35707.52;0;0;0;5595;427;382292;;;B;P.PERON 042 Rep.Nro.: 0 Piso:  Dpto:, 6100 CP:;
014815U;INMOBILIARIAS CUYANAS SA ;C.C. Res. 074/2026;ALEM VIEYRA 1515;84;4;4;0;0;0;0;36733.43;36733.43;4091.44;40824.87;0;0;0;0;0;0;0;0;0;5595;427;382626;;;A;P.PERON 042 Rep.Nro.: 0 Piso:  Dpto:, 6100 CP:;
014816U;INMOBILIARIAS CUYANAS SA ;C.C. Res. 074/2026;M.RUFINENSES 095;84;4;4;0;0;0;0;109024.79;109024.79;12143.42;121168.21;0;0;0;0;0;0;0;0;0;5595;427;382560;;;A;P.PERON 042 Rep.Nro.: 0 Piso:  Dpto:, 6100 RUFINO CP:;
014817U;INMOBILIARIAS CUYANAS SA ;C.C. Res. 074/2026;M.RUFINENSES 085;84;4;4;0;0;0;0;36733.43;36733.43;4091.44;40824.87;0;0;0;0;0;0;0;0;0;5595;427;382559;;;A;P.PERON 042 Rep.Nro.: 0 Piso:  Dpto:, 6100 RUFINO CP:;
014818U;INMOBILIARIAS CUYANAS SA ;C.C. Res. 074/2026;M.RUFINENSES 075;84;4;4;0;0;0;0;36733.43;36733.43;4091.44;40824.87;0;0;0;0;0;0;0;0;0;5595;427;382557;;;A;P.PERON 042 Rep.Nro.: 0 Piso:  Dpto:, 6100 RUFINO CP:;
014819U;INMOBILIARIAS CUYANAS SA ;C.C. Res. 074/2026;M.RUFINENSES 065;84;4;4;0;0;0;0;36733.43;36733.43;4091.44;40824.87;0;0;0;0;0;0;0;0;0;5595;427;382556;;;A;P.PERON 042 Rep.Nro.: 0 Piso:  Dpto:, 6100 RUFINO CP:;
014820U;INMOBILIARIAS CUYANAS SA ;C.C. Res. 074/2026;M.RUFINENSES 055;84;4;4;0;0;0;0;36733.43;36733.43;4091.44;40824.87;0;0;0;0;0;0;0;0;0;5595;427;382552;;;A;P.PERON 042 Rep.Nro.: 0 Piso:  Dpto:, 6100 RUFINO CP:;
014822U;INMOBILIARIAS CUYANAS SA ;C.C. Res. 074/2026;M.RUFINENSES 035;84;4;4;0;0;0;0;36733.43;36733.43;4091.44;40824.87;0;0;0;0;0;0;0;0;0;5595;427;382536;;;A;P.PERON 042 Rep.Nro.: 0 Piso:  Dpto:, 6100 RUFINO CP:;
014823U;INMOBILIARIAS CUYANAS SA ;C.C. Res. 074/2026;M.RUFINENSES 025;84;4;4;0;0;0;0;36733.43;36733.43;4091.44;40824.87;0;0;0;0;0;0;0;0;0;5595;427;382534;;;A;P.PERON 042 Rep.Nro.: 0 Piso:  Dpto:, 6100 RUFINO CP:;
014824U;INMOBILIARIAS CUYANAS SA ;C.C. Res. 074/2026;M.RUFINENESES 015;84;4;4;0;0;0;0;36733.43;36733.43;4091.44;40824.87;0;0;0;0;0;0;0;0;0;5595;427;382533;;;A;P.PERON 042 Rep.Nro.: 0 Piso:  Dpto:, 6100 RUFINO CP:;
07534/1U;ZAVALLA LUIS;Ord. 3303/22 hormigon armado;POSADAS 430;5AC;50;0;50;0;0;0;280981.21;0;0;0;0;0;0;0;0;280981.21;0;0;0;26427;27132;325074;;;A;MEUNIER 382 Rep.Nro.: 0 Piso:  Dpto:, 6100 RUFINO CP:;
11601/1U;OSMAN ALI/BELIZ DAVID A.Y OTRA;C.C. Res. 074/2026;CARBALLEIRA.1226;18;1;0;1;0;0;0;217245;0;0;0;195520.5;0;0;195520.5;0;0;0;0;0;45631;47344;380979;;;A;CARBALLEIRA.1226 Rep.Nro.: 0 Piso:  Dpto:, 6100 RUFINO CP:;
11601/2U;OSMAN ALI/GEREZ GUILLERMO D.Y OTRA;C.C. Res. 074/2026;CARBALLEIRA.1224;18;1;0;1;0;0;0;217245;0;0;0;195520.5;0;0;195520.5;0;0;0;0;0;45632;47345;382175;;;A;CARBALLEIRA.1224 Rep.Nro.: 0 Piso:  Dpto:, 6100 RUFINO CP:;
13268U;CORALLO PATRICIA CRISTINA;Mi Primer Terreno;SECC.5TA QTA.4ABCD;4ABCD;1;0;1;0;0;0;1300000;0;0;0;0;0;0;0;0;1300000;0;0;0;12467;10795;323872;;Lote N Area Intermedia;B;FORMOSA 923 Rep.Nro.: 0 Piso:  Dpto:, 6100 RUFINO CP:;
14049U;FRUA MARIA NORMA;Plan 50 ;LORENZETTI 424;21D;1;0;1;0;0;0;9558.5;0;0;0;9558.5;0;0;9558.5;0;0;0;0;0;38874;39522;275460;;calle 15- lorenzetti 400-500;A;POSADAS 046 Rep.Nro.: 0 Piso:  Dpto:, 6100 RUFINO CP:;
14050U;FRUA MARIA NORMA;Plan 50 ;LORENZETTI 414;21D;1;0;1;0;0;0;9558.5;0;0;0;9558.5;0;0;9558.5;0;0;0;0;0;38874;39522;275462;;calle 15 lorenzetti 400-500;A;POSADAS 046 Rep.Nro.: 0 Piso:  Dpto:-, 6100 RUFINO CP:;
14051U;FRUA MARIA NORMA;Plan 50 ;LORENZETTI 404;21D;1;0;1;0;0;0;9558.5;0;0;0;9558.5;0;0;9558.5;0;0;0;0;0;38874;39522;275468;;calle 15 lorenzetti 400-500;A;POSADAS 046 Rep.Nro.: 0 Piso:  Dpto:, 6100 RUFINO CP:;
14051U;FRUA MARIA NORMA;Plan 50 ;LORENZETTI 404;21D;1;0;1;0;0;0;34410.6;0;0;0;34410.6;0;0;34410.6;0;0;0;0;0;38874;39522;275469;;calle 32 ferrari 1000-1100;A;POSADAS 046 Rep.Nro.: 0 Piso:  Dpto:, 6100 RUFINO CP:;
14052U;FRUA MARIA NORMA;Plan 50 ;FERRARI.1054;21D;1;0;1;0;0;0;9558.5;0;0;0;9558.5;0;0;9558.5;0;0;0;0;0;38874;39522;275467;;calle 32 ferrari 1000-1100;A;POSADAS 046 Rep.Nro.: 0 Piso:  Dpto:, 6100 RUFINO CP:;
14053U;RUIZ HUGO MARTIN;Plan 50 ;FERRARI.1044;21D;12;0;12;0;0;0;14167.06;0;0;0;14167.06;0;19522.09;33689.15;0;0;0;0;0;40210;41048;276440;;CALLE 32 - FERRARI 1000 - 1100;A;POSADAS 046 Rep.Nro.: 0 Piso:  Dpto:, 6100 RUFINO CP:;
14054U;FARRE JUAN GABRIEL;Plan 50 ;FERRARI.1034;21D;1;0;1;0;0;0;9558.5;0;0;0;9558.5;0;0;9558.5;0;0;0;0;0;3996;2078;276007;;CALLE 32- FERRARI 1000-1100;A;MORENO 146 Rep.Nro.: 0 Piso:  Dpto:, 6100 RUFINO CP:;
14055U;BALERDI FERNANDO M.;Plan 50 ;FERRARI.1024;21D;1;0;1;0;0;0;9558.5;0;0;0;9558.5;0;0;9558.5;0;0;0;0;0;33382;33775;276225;;CALLE 32 FERRARI 1000-1100;A;SANTA FE 225 Rep.Nro.: 0 Piso:  Dpto:, 6100 RUFINO CP:;
14055U;BALERDI FERNANDO M.;Plan 50 ;FERRARI.1024;21D;1;0;1;0;0;0;9558.5;0;0;0;0;0;0;0;0;9558.5;0;0;0;33382;33775;276228;;CALLE 32 FERRARI 1000-1100;B;SANTA FE 225 Rep.Nro.: 0 Piso:  Dpto:, 6100 RUFINO CP:;
14056U;BALERDI FERNANDO M.;Plan 50 ;FERRARI.1014;21D;1;0;1;0;0;0;9558.5;0;0;0;9558.5;0;0;9558.5;0;0;0;0;0;33382;33775;276231;;CALLE 32 FERRARI 1000-1100;A;SANTA FE 225 Rep.Nro.: 0 Piso:  Dpto:, 6100 RUFINO CP:;
14057U;FRUA MARIA NORMA;Plan 50 ;FERRARI.1004;21D;1;0;1;0;0;0;28675.5;0;0;0;28675.5;0;0;28675.5;0;0;0;0;0;38874;39522;275465;;calle 19 l. de la torre 400-500;A;POSADAS 046 Rep.Nro.: 0 Piso:  Dpto:, 6100 RUFINO CP:;
14057U;FRUA MARIA NORMA;Plan 50 ;FERRARI.1004;21D;1;0;1;0;0;0;9558.5;0;0;0;9558.5;0;0;9558.5;0;0;0;0;0;38874;39522;275466;;calle 32- ferrari 1000-1100;A;POSADAS 046 Rep.Nro.: 0 Piso:  Dpto:, 6100 RUFINO CP:;
3633/1U;ANTONI VENITO LAURENTINO;C.C. Dec. 140/2017;SAN LORENZO 095;14D;1;0;0;1;0;0;5388.6;0;0;0;0;0;0;0;0;0;5388.6;0;0;600;3370;225207;;;A;SAN LORENZO 075 Rep.Nro.: 0 Piso:  Dpto:, 6100-RUFINO;
3746/1U;MUNICIPALIDAD DE RUFINO;C.C. Ord. 3081/2016;FORMOSA 270;3;1;0;1;0;0;0;6735.75;0;0;0;0;0;0;0;0;6735.75;0;0;0;7461;15172;166413;;;A;.ITALIA 127 Rep.Nro.: 0 Piso:  Dpto:, 6100RUFINO;
3746/1U;BONINO HECTOR EZEQUIEL;Mi Primer Terreno;FORMOSA 270;3;72;0;72;0;0;0;1393759.13;0;0;0;1431655.02;104.83;548.01;1432307.86;0;0;0;0;0;17201;16756;283889;;;A;ITALIA.1146 Rep.Nro.: 0 Piso:  Dpto:, 6100 RUFINO CP:;
3746/3U;FERREYRA MARISEL GISELA;Mi Primer Terreno;FORMOSA 290;3;36;0;36;0;0;0;263859.63;0;0;0;263859.63;0;183689.51;447549.14;0;0;0;0;0;33891;34321;283891;;;A;BV.ESPAÑA 680 Rep.Nro.: 0 Piso:  Dpto:, 6100 RUFINO CP:;
3746/4U;REYNOSO JOANA MARICEL;Mi Primer Terreno;PUEYRREDON 375;3;73;33;40;0;0;0;3274983.32;3023993.27;6902657.61;9926650.88;203699.5;0;205441.43;409140.93;0;47290.55;0;0;0;30287;30757;279679;;;A;FORMOSA 340 Rep.Nro.: 0 Piso:  Dpto:, 6100 RUFINO CP:;
4387/0U;MORENO ALBERTO;PAVIMENTO CALLE SANTA ROSA;SANTA ROSA 337;35;48;0;48;0;0;0;70536.23;0;0;0;70536.23;0;6696.8;77233.03;0;0;0;0;0;7102;4065;308700;;Pavimento en Calle Santa Rosa 317- no se prsento;A;BALCARCE Rep.Nro.: 39 Piso:  Dpto:, 6100 RUFINO CP:;
5439/1U;MORTAROTTI JOSE EMANUEL;Mi Primer Terreno;CHUBUT 185;22C;82;33;49;0;0;0;3762224.04;3437897.34;7815315.43;11253212.77;324326.7;0;158592.66;482919.36;0;0;0;0;0;26162;26883;279675;;;A;B.FERREYRA 251 Rep.Nro.: 0 Piso:  Dpto:, 6100 RUFINO CP:;
5439/2U;LUCERO RAUL OSCAR;Mi Primer Terreno;CHUBUT 175;22C;82;70;12;0;0;0;6297522.48;6251196.79;13553168.86;19804365.65;46325.69;0;5228.75;51554.44;0;0;0;0;0;29677;30184;283892;;;A;MEDRANO 363 Rep.Nro.: 0 Piso:  Dpto:, 6100 RUFINO CP:;
5814/0U;MUNICIPALIDAD DE RUFINO;Plan 50 ;AYACUCHO.1015;10C;1;1;0;0;0;0;31133.4;31133.4;193151.61;224285.01;0;0;0;0;0;0;0;0;0;7461;15172;276482;;CALLE 37 - AYACUCHO 1000 - 1100;A;.ITALIA 127 Rep.Nro.: 0 Piso:  Dpto:, 6100RUFINO CP:;
5814/0U;MUNICIPALIDAD DE RUFINO;Plan 50 ;AYACUCHO.1015;10C;1;1;0;0;0;0;27555.79;27555.79;170956.12;198511.91;0;0;0;0;0;0;0;0;0;7461;15172;276483;;CALLE 45 - POSADAS 600 - 700;A;.ITALIA 127 Rep.Nro.: 0 Piso:  Dpto:, 6100RUFINO CP:;
5814/0U;MUNICIPALIDAD DE RUFINO;Pavimento Res. 046/2026;AYACUCHO.1015;10C;6;6;0;0;0;0;937508.31;937508.31;182507.19;1120015.5;0;0;0;0;0;0;0;0;0;7461;15172;380073;;;A;.ITALIA 127 Rep.Nro.: 0 Piso:  Dpto:, 6100RUFINO CP:;
5814/1U;MUNICIPALIDAD DE RUFINO;Plan 50 ;SAN LORENZO.1055;10D;1;0;1;0;0;0;105962.8;0;0;0;0;0;0;0;0;105962.8;0;0;0;7461;15172;276479;;CALLE 38 - SAN LORENZO 1000 - 1100;A;.ITALIA 127 Rep.Nro.: 0 Piso:  Dpto:, 6100 RUFINO CP:;
5972/01U;FRUA MARIA NORMA;Plan 50 ;LORENZETTI 440;21D;1;0;1;0;0;0;66909.5;0;0;0;66909.5;0;0;66909.5;0;0;0;0;0;38874;39522;275461;;calle 15-lorenzetti 400-500;A;POSADAS 046 Rep.Nro.: 0 Piso: - Dpto:-, 6100 RUFINO CP:-;
5972/01U;FRUA MARIA NORMA;Plan 50 ;LORENZETTI 440;21D;1;0;1;0;0;0;66909.5;0;0;0;66909.5;0;0;66909.5;0;0;0;0;0;38874;39522;275463;;calle 19 l. de la torre 400-500;A;POSADAS 046 Rep.Nro.: 0 Piso:  Dpto:, 6100 RUFINO CP:;
5972/01U;FRUA MARIA NORMA;Plan 50 ;LORENZETTI 440;21D;1;0;1;0;0;0;91761.6;0;0;0;91761.6;0;0;91761.6;0;0;0;0;0;38874;39522;275464;;calle 27- independencia 1000-1100;A;POSADAS 046 Rep.Nro.: 0 Piso:  Dpto:, 6100 RUFINO CP:;
6475/1U;MENGHINI JOSE LUIS;Plan 50 ;F.A.GARIN 725;10B;12;0;12;0;0;0;71024.67;0;0;0;71024.67;0;74650.55;145675.22;0;0;0;0;0;1407;5891;277159;;CALLE 50 F.A.GARIN 700-800;A;B.FERREYRA 539 Rep.Nro.: 0 Piso:  Dpto:, 6100 RUFINO CP:;
6489/1U;MENGHINI JOSE LUIS;Plan 50 ;SAN LORENZO 935;10AC;12;0;12;0;0;0;76875.81;0;0;0;76875.81;0;79769.13;156644.94;0;0;0;0;0;1407;5891;277221;;CALLE 48 AZCUENAGA 700-800;A;B.FERREYRA 539 Rep.Nro.: 0 Piso:  Dpto:, 6100 RUFINO CP:;
6760/1U;BIAGIOLA CLAUDIO V;Plan 50 ;GARAY 025 BIS;14B;12;0;12;0;0;0;43194.09;0;0;0;2906.53;0;77.56;2984.09;0;40287.56;0;0;0;1658;6072;277007;;"CALLE 12 GARAY 000-100 BIS
";B;COLON 217 Rep.Nro.: 0 Piso:  Dpto:, 6100RUFINO CP:;
6760/1U;BIAGIOLA CLAUDIO V;Plan 50 ;GARAY 025 BIS;14B;24;0;24;0;0;0;46933.47;0;0;0;44026.95;0;3025.12;47052.07;0;2906.52;0;0;0;1658;6072;288550;;CALLE 12 - GARAY 000 - 100 BIS;A;COLON 217 Rep.Nro.: 0 Piso:  Dpto:, 6100 RUFINO CP:;
6760/3U;BIAGIOLA CLAUDIO V;Adoquinado barrio jardin Ordenanza Nº: 3300/2022;GARAY 015 BIS;14B;50;14;5;31;0;0;205944.67;89100.22;43630.73;132730.95;24673.58;0;8535.73;33209.31;0;0;92170.87;0;0;1658;6072;324551;;;A;GARAY 015 BIS Rep.Nro.: 0 Piso:  Dpto:, 6100 RUFINO CP:;
6972/0U;ALGAN/SARAVIA PAULINA;C.C. Ord. 3081/2016;MEDRANO 285;10;1;0;0;1;0;0;5773.5;0;0;0;0;0;0;0;0;0;5773.5;0;0;431;6266;166372;;;A;R.ESCALADA 490 Rep.Nro.: 0 Piso:  Dpto:, 6100RUFINO;
6985/0U;CORREA JORGE A ;C.C. Ord. 3081/2016;DORREGO 256;10;1;0;0;1;0;0;1924.5;0;0;0;0;0;0;0;0;0;1924.5;0;0;3185;6278;166446;;;A;DORREGO 240 Rep.Nro.: 0 Piso:  Dpto:, 6100RUFINO;
7330/1U;MUNICIPALIDAD/QUIROGA FEDERICO E.;Venta de Terrenos Municipales;RIVADAVIA 675;19D;29;0;29;0;0;0;11006378.39;0;0;0;11006378.39;0;0;11006378.39;0;0;0;0;0;44867;46424;350719;;;A;.ITALIA 127 Rep.Nro.: 0 Piso:  Dpto:, 6100RUFINO CP:;
7330/2U;MUNICIPALIDAD/RODRIGUEZ BARBARA B.;Venta de Terrenos Municipales;RIVADAVIA 665;19D;27;1;26;0;0;0;11201481.46;208110.04;0;208110.04;10993371.42;0;0;10993371.42;0;0;0;0;0;45146;46752;353015;;;A;.ITALIA 127 Rep.Nro.: 0 Piso:  Dpto:, 6100 RUFINO CP:;
7330/3U;MUNICIPALIDAD/LESTARPE EVELYN LUJAN;Venta de Terrenos Municipales;RIVADAVIA 655;19D;29;2;27;0;0;0;13169008.76;678129.56;26447.05;704576.61;12490878.5;1100.95;0;12491979.45;0;0;0;0;0;44875;46432;350811;;;A;ITALIA 127 Rep.Nro.: 0 Piso:  Dpto:, 6100 RUFINO CP:;
7538/1U;GIRAUDO SANTIAGO;C.C. Ord. 3081/2016;R.BOUSSY 915;5BD;1;0;0;1;0;0;11547;0;0;0;0;0;0;0;0;0;11547;0;0;4939;6795;168304;;;A;AZCUENAGA 635 Rep.Nro.: 0 Piso:  Dpto:, 6100RUFINO;
7538/1U;GIRAUDO SANTIAGO;Plan 50 ;R.BOUSSY 915;5BD;12;0;12;0;0;0;67642.59;0;0;0;67642.59;0;8093.2;75735.79;0;0;0;0;0;4939;6795;276826;;CALLE 04 R.BOUSSY  900 - 1000;A;AZCUENAGA 535 Rep.Nro.: 0 Piso:  Dpto:, 6100 RUFINO CP:;
7538/1U;ANCHA SUMA SRL;Ord. 3303/22 hormigon armado;R.BOUSSY 915;5BD;50;0;50;0;0;0;262370.53;0;0;0;0;0;0;0;0;262370.53;0;0;0;40386;41240;325079;;;A;CARBALLEIRA 987 Rep.Nro.: 0 Piso:  Dpto:, 6100 RUFINO CP:;
7538/2U;AGROTELEM SRL;Pavimento Res. 046/2026;AZCUENAGA 515;5BD;6;6;0;0;0;0;370069.08;370069.08;72042.31;442111.39;0;0;0;0;0;0;0;0;0;42076;43253;380106;;;A;CARBALLEIRA 196 Rep.Nro.: 0 Piso:  Dpto:, 6100 RUFINO CP:;
7538/3U;AGROTELEM SRL;Pavimento Res. 046/2026;AZCUENAGA 527;5BD;6;6;0;0;0;0;370069.08;370069.08;72042.31;442111.39;0;0;0;0;0;0;0;0;0;42076;43253;380109;;;A;CARBALLEIRA 196 Rep.Nro.: 0 Piso:  Dpto:, 6100 RUFINO CP:;
7538/4U;BONINO LUIS ESTEBAN Y OTRO;Pavimento Res. 046/2026;AZCUENAGA 535;5BD;6;1;5;0;0;0;462586.38;77936.58;0;77936.58;384649.8;0;6546.67;391196.47;0;0;0;0;0;45986;47822;378157;;;A;COLON 082 Rep.Nro.: 0 Piso:  Dpto:, 6100 RUFINO CP:;
7538/5U;PERO JUAN CARLOS;Pavimento Res. 046/2026;AZCUENAGA 543;5BD;6;1;5;0;0;0;370069.08;62349.26;0;62349.26;307719.82;0;0;307719.82;0;0;0;0;0;8677;6805;380113;;;A;CARBALLEIRA 987 Rep.Nro.: 0 Piso:  Dpto:, 6100 RUFINO CP:;
7538/6U;SANSEOVICH MATIAS ;Pavimento Res. 046/2026;AZCUENAGA 563;5BD;6;6;0;0;0;0;611436.36;611436.36;119029.91;730466.27;0;0;0;0;0;0;0;0;0;17132;16687;380115;;;A;DEAN FUNES  Rep.Nro.: 108 Piso:  Dpto:, 6100 RUFINO CP:;
7538/7U;KUHN NICOLAS ;Ord. 3303/22 hormigon armado;R.BOUSSY 935;5BD;50;3;47;0;0;0;269559.45;28438.33;2182.25;30620.58;241121.12;0;82827.73;323948.85;0;0;0;0;0;22358;23344;325240;;;A;IRIGOYEN 162 DPTO 4TO A Rep.Nro.: 0 Piso:  Dpto:, 6100 RUFINO CP:;
7538/8U;KUHN NICOLAS ;Ord. 3303/22 hormigon armado;R.BOUSSY 925;5BD;50;2;48;0;0;0;260191.17;18557.27;905.9;19463.17;241633.9;0;79949.07;321582.97;0;0;0;0;0;22358;23344;325241;;;A;IRIGOYEN 162 DPTO 4TO A Rep.Nro.: 0 Piso:  Dpto:, 6100 RUFINO CP:;
7567/0U;CARGAL S.A.;Adoquinado barrio jardin Ordenanza Nº: 3300/2022;SAAVEDRA 421;6C;50;0;50;0;0;0;170199;0;0;0;0;0;0;0;0;170199;0;0;0;41039;41955;325005;;;B;GALAN 676 Rep.Nro.: 0 Piso:  Dpto:, 6100 RUFINO CP:;
7567/0U;CARGAL S.A.;Ord. 3303/22 hormigon armado;SAAVEDRA 421;6C;50;0;50;0;0;0;392016.65;0;0;0;392016.65;0;369527.98;761544.63;0;0;0;0;0;41039;41955;325116;;;A;GALAN 676 Rep.Nro.: 0 Piso:  Dpto:, 6100 RUFINO CP:;
7567/1U;FRESCO GLADYS NORA;Adoquinado barrio jardin Ordenanza Nº: 3300/2022;CHACABUCO 703;6C;50;0;50;0;0;0;179706.5;0;0;0;0;0;0;0;0;179706.5;0;0;0;41038;41954;325007;;;B;.CARHUE 4680 DPTO.3 Rep.Nro.: 0 Piso:  Dpto:, CASEROS CP:;
7567/1U;FRESCO GLADYS NORA;Ord. 3303/22 hormigon armado;CHACABUCO 703;6C;50;11;0;0;0;39;398943.75;139646.27;52897.46;192543.73;0;0;0;0;0;0;0;0;259297.48;41038;41954;325120;;;A;.CARHUE 4680 DPTO.3 Rep.Nro.: 0 Piso:  Dpto:, CASEROS CP:;
7567/2U;CARGAL S.A.;Adoquinado barrio jardin Ordenanza Nº: 3300/2022;CHACABUCO 707;6C;50;0;50;0;0;0;56459;0;0;0;0;0;0;0;0;56459;0;0;0;41039;41955;325009;;;B;GALAN 676 Rep.Nro.: 0 Piso:  Dpto:, 6100 RUFINO CP:;
7567/2U;CARGAL S.A.;Ord. 3303/22 hormigon armado;CHACABUCO 707;6C;50;0;50;0;0;0;61398.77;0;0;0;55259.08;0;0;55259.08;0;0;0;0;0;41039;41955;325121;;;A;GALAN 676 Rep.Nro.: 0 Piso:  Dpto:, 6100 RUFINO CP:;
7567/3U;CARGAL S.A.;Adoquinado barrio jardin Ordenanza Nº: 3300/2022;CHACABUCO 711;6C;50;0;50;0;0;0;56459;0;0;0;0;0;0;0;0;56459;0;0;0;41039;41955;325010;;;B;GALAN 676 Rep.Nro.: 0 Piso:  Dpto:, 6100 RUFINO CP:;
7567/3U;CARGAL S.A.;Ord. 3303/22 hormigon armado;CHACABUCO 711;6C;50;0;50;0;0;0;61398.77;0;0;0;55259.08;0;0;55259.08;0;0;0;0;0;41039;41955;325122;;;A;GALAN 676 Rep.Nro.: 0 Piso:  Dpto:, 6100 RUFINO CP:;
7567/4U;CARGAL S.A.;Adoquinado barrio jardin Ordenanza Nº: 3300/2022;CHACABUCO 715;6C;50;0;50;0;0;0;56459;0;0;0;0;0;0;0;0;56459;0;0;0;41039;41955;325011;;;B;GALAN 676 Rep.Nro.: 0 Piso:  Dpto:, 6100 RUFINO CP:;
7567/4U;CARGAL S.A.;Ord. 3303/22 hormigon armado;CHACABUCO 715;6C;50;0;50;0;0;0;63100.31;0;0;0;56790.42;0;0;56790.42;0;0;0;0;0;41039;41955;325124;;;A;GALAN 676 Rep.Nro.: 0 Piso:  Dpto:, 6100 RUFINO CP:;
7567/5U;CARGAL S.A.;Adoquinado barrio jardin Ordenanza Nº: 3300/2022;CHACABUCO 719;6C;50;0;50;0;0;0;56459;0;0;0;0;0;0;0;0;56459;0;0;0;41039;41955;325013;;;B;GALAN 676 Rep.Nro.: 0 Piso:  Dpto:, 6100 RUFINO CP:;
7567/5U;CARGAL S.A.;Ord. 3303/22 hormigon armado;CHACABUCO 719;6C;50;0;50;0;0;0;64558;0;0;0;0;0;0;0;0;64558;0;0;0;41039;41955;325125;;;B;GALAN 676 Rep.Nro.: 0 Piso:  Dpto:, 6100 RUFINO CP:;
7567/5U;CARGAL S.A.;Ord. 3303/22 hormigon armado;CHACABUCO 719;6C;50;0;50;0;0;0;63100.31;0;0;0;56790.42;0;0;56790.42;0;0;0;0;0;41039;41955;325242;;;A;GALAN 676 Rep.Nro.: 0 Piso:  Dpto:, 6100 RUFINO CP:;
7567/6U;CARGAL S.A.;Ord. 3303/22 hormigon armado;CHACABUCO 725;6A;50;0;50;0;0;0;70206.38;0;0;0;63185.69;0;0;63185.69;0;0;0;0;0;41039;41955;325016;;;A;GALAN 676 Rep.Nro.: 0 Piso:  Dpto:, 6100 RUFINO CP:;
7649/1U;MENGHINI JOSE LUIS;Plan 50 ;AZCUENAGA 720;10B;12;0;12;0;0;0;76385.34;0;0;0;76385.34;0;75975.61;152360.95;0;0;0;0;0;1407;5891;277210;;CALLE 48 AZCUENAGA 700-800;A;B.FERREYRA 539 Rep.Nro.: 0 Piso:  Dpto:, 6100 RUFINO CP:;
7660/01U;NORWAL SRL;PAVIMENTO CALLE SANTA ROSA;SANTA ROSA 415;5A;48;0;48;0;0;0;2376004.05;0;0;0;2376004.05;0;21894;2397898.05;0;0;0;0;0;14857;13464;308724;;"Pavimento en Calle 25 de Mayo 435 - No se presento
";A;25 DE MAYO 435 Rep.Nro.: 0 Piso:  Dpto:, 6100RUFINO CP:;
8440/2U;YNGELMO GRACIELA BEATRIZ;Mi Primer Terreno;J.MORAN 584;22A;82;0;82;0;0;0;185552.2;0;0;0;0;0;0;0;0;185552.2;0;0;0;33164;33531;279682;;;B;TORRES 697 Rep.Nro.: 0 Piso:  Dpto:, 6100 RUFINO CP:;
9040/01U;AGUIRRE MARIA DE LOS ANGELES;Mi Primer Terreno;J.MORAN 770;19A;69;0;69;0;0;0;105570;0;0;0;0;0;0;0;0;105570;0;0;0;33677;34072;299901;;;B;SANTA ROSA 144 Rep.Nro.: 0 Piso:  Dpto:, 6100 RUFINO CP:;
9040/01U;AGUIRRE MARIA DE LOS ANGELES;Mi Primer Terreno;J.MORAN 770;19A;72;0;45;27;0;0;1524806.5;0;0;0;1436362.29;0;6652.19;1443014.48;0;4336.11;84108.1;0;0;33677;34072;279646;;;A;SANTA ROSA 144 Rep.Nro.: 0 Piso:  Dpto:, 6100 RUFINO CP:;
9040/01U;AGUIRRE MARIA DE LOS ANGELES;Mi Primer Terreno;J.MORAN 770;19A;1;0;1;0;0;0;10000;0;0;0;0;0;0;0;0;10000;0;0;0;33677;34072;279647;;;A;SANTA ROSA 144 Rep.Nro.: 0 Piso:  Dpto:, 6100 RUFINO CP:;
9040/02U;SALAZAR VICTOR ANTONIO;Mi Primer Terreno;J.MORAN 790;19A;82;0;82;0;0;0;1438233.86;0;0;0;1428233.86;0;31127.87;1459361.73;0;10000;0;0;0;26744;27410;279818;;;A;JUJUY 058 Rep.Nro.: 0 Piso:  Dpto:, 6100 RUFINO CP:;
9040/03U;CASTRO GASTON DAMIAN ;Mi Primer Terreno;SARMIENTO 216;19A;82;0;82;0;0;0;1421904.56;0;0;0;1419654.56;0;115.27;1419769.83;0;2250;0;0;0;16926;16314;279653;;;A;R.ESCALADA 161 Rep.Nro.: 0 Piso:  Dpto:, 6100 RUFINO CP:;
9040/04U;ROLDAN LEGUIZAMON ARIANA A.;Mi Primer Terreno;SARMIENTO 226;19A;72;7;21;28;0;16;2034537.72;870950.44;1261069.79;2132020.23;134602.28;0;17108.12;151710.4;0;0;86760.76;0;942224.24;32454;34066;283888;;;A;CHACABUCO  Rep.Nro.: 423 Piso:  Dpto:, 6100 RUFINO CP:;
9040/05U;AGONESSE ENRIQUE RAMON;Mi Primer Terreno;SARMIENTO 236;19A;69;0;54;15;0;0;2973604.44;0;0;0;1885290.42;0;71463.21;1956753.63;0;358.64;1087955.38;0;0;22748;23694;299903;;;A;BROWN.1175 Rep.Nro.: 0 Piso:  Dpto:, 6100 RUFINO CP:;
9040/06U;MOYA BETIANA BELEN;Mi Primer Terreno;SARMIENTO 246;19A;82;1;22;59;0;0;1447153.65;120417.13;184840.29;305257.42;26326.3;0;56602.09;82928.39;0;2250;1298160.22;0;0;25578;26546;279676;;;A;AYACUCHO 140 Rep.Nro.: 0 Piso:  Dpto:, 6100 RUFINO CP:;
9040/07U;MOYA SONIA VIVIANA;Mi Primer Terreno;SARMIENTO 256;19A;82;0;47;35;0;0;1436738.2;0;0;0;92706.56;0;69145.14;161851.7;0;2250;1341781.64;0;0;32483;34070;279677;;;A;PEAT.NORTE.1131 Rep.Nro.: 0 Piso:  Dpto:, 6100 RUFINO CP:;
9040/08U;COMELLAS JESICA SOLEDAD;Mi Primer Terreno;SARMIENTO 266;19A;61;9;1;0;0;51;562560.4;17014.08;101473.34;118487.42;0;0;0;0;0;10000;0;0;535546.32;28740;29711;279655;;;A;SAN JUAN 961 Rep.Nro.: 0 Piso:  Dpto:, 6100 RUFINO CP:;
9040/09U;RODRIGUEZ LILEN;Mi Primer Terreno;SARMIENTO 276;19A;73;0;56;17;0;0;1434627.81;0;0;0;265682.6;0;573615.43;839298.03;0;10000;1158945.21;0;0;33138;34069;279680;;;A;ENTRE RIOS 420 Rep.Nro.: 0 Piso:  Dpto:, 6100 RUFINO CP:;
9040/10U;CARRIZO JUANA EDITH;Mi Primer Terreno;SARMIENTO 286;19A;69;14;23;32;0;0;3145352.26;1642300.09;788408.45;2430708.54;62944.13;0;105.63;63049.76;0;0;1440108.04;0;0;29302;29821;299898;;;A;BROWN 160 Rep.Nro.: 0 Piso:  Dpto:, 6100 RUFINO CP:;
9040/11U;MARQUEZ VANESA CELESTE;Mi Primer Terreno;SARMIENTO 296;19A;47;0;47;0;0;0;1076369.77;0;0;0;18563.8;0;56084.97;74648.77;0;1057805.97;0;0;0;35335;35897;299900;;;A;BV.BELGRANO 629 Rep.Nro.: 0 Piso:  Dpto:, 6100 RUFINO CP:;
9040/11U;GAMBOA MARIA DEL CARMEN;Mi Primer Terreno;SARMIENTO 296;19A;82;0;82;0;0;0;124199.3;0;0;0;14393.55;0;143.2;14536.75;0;109805.75;0;0;0;22351;23287;279659;;;B;F.A.GARIN 375 Rep.Nro.: 0 Piso:  Dpto:, 6100 RUFINO CP:;
9040/11U;MUNICIPALIDAD/CASEDA ENZO Y BRACCO DAIANA;Venta de Terrenos Municipales;SARMIENTO 296;19A;15;1;14;0;0;0;2150316.05;51725.41;0;51725.41;2098590.64;0;0;2098590.64;0;0;0;0;0;46983;49656;368669;;;A;.ITALIA 127 Rep.Nro.: 0 Piso:  Dpto:, 6100 RUFINO CP:;
9040/12U;VARGAS PAMELA DAIANA;Mi Primer Terreno;PUEYERREDON 775;19A;73;0;73;0;0;0;1444692.84;0;0;0;1434692.84;0;771678.55;2206371.39;0;10000;0;0;0;32531;34068;279681;;;A;RIO NEGRO.1145 Rep.Nro.: 0 Piso:  Dpto:, 6100 RUFINO CP:;
9040/13U;ZABALA ROSANA MARIELA;Mi Primer Terreno;MARIA M.BUSSIO 285;19A;73;0;47;26;0;0;1539033.82;0;0;0;141268.06;0;820.72;142088.78;0;10000;1387765.76;0;0;17102;33301;279683;;;A;COLON 691 Rep.Nro.: 0 Piso:  Dpto:, 6100 RUFINO CP:;
9040/14U;CORDOBA PAULA ANA;Mi Primer Terreno;MARIA M.BUSSIO 275;19A;82;0;82;0;0;0;1431146.96;0;0;0;1428896.96;0;157.29;1429054.25;0;2250;0;0;0;16330;16154;279658;;;A;1RO DE MAYO 546 Rep.Nro.: 0 Piso:  Dpto:, 6100 RUFINO CP:;
9040/15U;NUÑEZ RICARDO JAVIER ;Mi Primer Terreno;MARIA M.BUSSIO 265;19A;82;0;82;0;0;0;611589.86;0;0;0;609339.86;0;55388.21;664728.07;0;2250;0;0;0;19663;18436;279678;;;A;ESPERANZA 39 BIS Rep.Nro.: 0 Piso:  Dpto:, 6100 RUFINO CP:;
9040/16U;BRITO NANCY NOEMI;Mi Primer Terreno;MARIA M.BUSSIO 255;19A;82;9;39;0;0;34;2439130.16;1039194.74;1249896.43;2289091.17;68978.39;0;6788.5;75766.89;0;2250;0;0;1328707.03;33694;34081;279648;;;A;MEDRANO 040 Rep.Nro.: 0 Piso:  Dpto:, 6100 RUFINO CP:;
9040/17U;RODRIGUEZ NOELIA SOLEDAD;Mi Primer Terreno;MARIA M.BUSSIO 245;19A;69;0;69;0;0;0;490881.08;0;0;0;0;0;0;0;0;490881.08;0;0;0;27316;27936;299899;;;A;VICTORERO 669 Rep.Nro.: 0 Piso:  Dpto:, 6100 RUFINO CP:;
9040/17U;BECERRA ABEL DAVID;Venta de Terrenos Municipales;MARIA M.BUSSIO 245;19A;15;1;14;0;0;0;691982.72;51725.41;0;51725.41;639007.31;0;0;639007.31;0;1250;0;0;0;19344;22282;368558;;;A;LAVALLE 040 Rep.Nro.: 0 Piso:  Dpto:, 6100 RUFINO CP:;
9040/18U;CISNEROS PULICCI VICTOR;Mi Primer Terreno;MARIA M.BUSSIO 235;19A;69;21;48;0;0;0;2994353.28;2142152;1624567.04;3766719.04;852201.28;0;1051841;1904042.28;0;0;0;0;0;34913;35437;299897;;;A;ASAMBLEA 025 BIS Rep.Nro.: 0 Piso:  Dpto:, 6100 RUFINO CP:;
9040/19U;LOPEZ BRUNO EZEQUIEL;Mi Primer Terreno;MARIA M.BUSSIO 225;19A;82;2;26;0;0;54;1548596.91;237326.96;372246.75;609573.71;52833.9;0;16762.66;69596.56;0;2250;0;0;1256186.05;33675;34071;279666;;;A;CAPELLI 500 Rep.Nro.: 0 Piso:  Dpto:, 6100 RUFINO CP:;
9040/20U;CELI NAYLA AYELEN;Mi Primer Terreno;MARIA M.BUSSIO 215;19A;46;0;46;0;0;0;186783.08;0;0;0;186731.36;0;100269.46;287000.82;0;51.72;0;0;0;24627;25796;281091;;;A;R.DE ISRAEL 264 Rep.Nro.: 0 Piso:  Dpto:, 6100 RUFINO CP:;
9042/01U;MUNICIPALIDAD/RODRIGUEZ MAXIMILIANO MATIAS;Venta de Terrenos Municipales;J.S.SOSA 770;2C;6;0;6;0;0;0;2963508.8;0;0;0;2963508.8;0;53412.93;3016921.73;0;0;0;0;0;45237;46868;353638;;;A;.ITALIA 127 Rep.Nro.: 0 Piso:  Dpto:, 6100 RUFINO CP:;
9042/02U;MUNICIPALIDAD/QUIROGA RODRIGUEZ G.;Venta de Terrenos Municipales;J.S.SOSA 790;2C;1;0;1;0;0;0;2000000;0;0;0;2000000;0;0;2000000;0;0;0;0;0;44904;46467;351085;;;A;.ITALIA 127 Rep.Nro.: 0 Piso:  Dpto:, 6100 RUFINO CP:;
9042/03U;MUNICIPALIDAD/MORALES ELIZABETH F.;Venta de Terrenos Municipales;PARERA 016;2C;1;0;1;0;0;0;2000000;0;0;0;2000000;0;0;2000000;0;0;0;0;0;45251;46888;353756;;;A;.ITALIA 127 Rep.Nro.: 0 Piso:  Dpto:, 6100 RUFINO CP:;
9042/04U;MUNICIPALIDAD/AYALA ERICA D.;Venta de Terrenos Municipales;PARERA 024;2C;13;1;12;0;0;0;3738536.92;19569.41;27358.04;46927.45;3406615.69;0;0;3406615.69;0;0;0;0;0;44898;46460;351052;;;A;J.ARZUDUY 045 Rep.Nro.: 0 Piso:  Dpto:, 6100 RUFINO CP:;
9042/05U;MUNICIPALIDAD/RODRIGUEZ LEANDRO A.;Venta de Terrenos Municipales;PARERA 036;2C;13;7;6;0;0;0;3338398.03;864316.2;1192849.41;2057165.61;2474081.83;0;76567.91;2550649.74;0;0;0;0;0;45238;46870;353641;;;A;.ITALIA 127 Rep.Nro.: 0 Piso:  Dpto:, 6100 RUFINO CP:;
9042/06U;MUNICIPALIDAD/MARQUEZ ABIGAIL M.;Venta de Terrenos Municipales;PARERA 056;2C;2;0;2;0;0;0;393525;0;0;0;393525;0;0;393525;0;0;0;0;0;45508;47210;355686;;;A;.ITALIA 127 Rep.Nro.: 0 Piso:  Dpto:, 6100 RUFINO CP:;
9042/06U;MUNICIPALIDAD/MARQUEZ ABIGAIL M.;Venta de Terrenos Municipales;PARERA 056;2C;22;1;21;0;0;0;1886907.2;105176.9;0;105176.9;1779188.59;0;0;1779188.59;0;2541.71;0;0;0;45508;47210;355689;;;A;.ITALIA 127 Rep.Nro.: 0 Piso:  Dpto:, 6100 RUFINO CP:;
9042/07U;MUNICIPALIDAD/BENITEZ CLAUDIA ISABEL;Venta de Terrenos Municipales;PARERA 060;2C;1;0;1;0;0;0;220000;0;0;0;220000;0;0;220000;0;0;0;0;0;44689;46210;362781;;;A;.ITALIA 127 Rep.Nro.: 0 Piso:  Dpto:, 6100 RFINO CP:;
9042/07U;MUNICIPALIDAD/BENITEZ CLAUDIA ISABEL;Venta de Terrenos Municipales;PARERA 060;2C;18;1;17;0;0;0;403719.58;25853.6;0;25853.6;377865.98;0;20263.62;398129.6;0;0;0;0;0;44689;46210;362783;;;A;.ITALIA 127 Rep.Nro.: 0 Piso:  Dpto:, 6100 RFINO CP:;
9042/08U;MUNICIP./BARROSO MA.GABRIELA;Venta de Terrenos Municipales;PARERA 070;2C;17;0;17;0;0;0;559299.32;0;0;0;558674.54;0;0;558674.54;0;624.78;0;0;0;44539;46061;362937;;;A;BENITO A. BIANCO Rep.Nro.: 473 Piso:  Dpto:, 6100 RUFINO CP:;
9042/09U;MUNICIPALIDAD DE RUFINO;Venta de Terrenos Municipales;PARERA 080;2C;6;0;6;0;0;0;2000000;0;0;0;0;0;0;0;0;2000000;0;0;0;7461;15172;354760;;;B;.ITALIA 127  Rep.Nro.: 0 Piso:  Dpto:, 6100 RUFINO CP:;
9042/09U;MUNICIPALIDAD DE RUFINO;Venta de Terrenos Municipales;PARERA 080;2C;6;0;6;0;0;0;2000000;0;0;0;0;0;0;0;0;2000000;0;0;0;7461;15172;354761;;;B;.ITALIA 127  Rep.Nro.: 0 Piso:  Dpto:, 6100 RUFINO CP:;
9042/09U;MUNICIPALIDAD/CABRERA ISABEL M.;Venta de Terrenos Municipales;PARERA 080;2C;6;0;6;0;0;0;2083092;0;0;0;2083092;0;0;2083092;0;0;0;0;0;45379;47048;354763;;;A;.ITALIA 127  Rep.Nro.: 0 Piso:  Dpto:, 6100 RUFINO CP:;
9042/10U;MUNICIPALIDAD/MORENO, LORENA R.;Venta de Terrenos Municipales;PARERA 090;2C;1;0;1;0;0;0;2000000;0;0;0;2000000;0;0;2000000;0;0;0;0;0;45378;47047;354756;;;A;.ITALIA 127 Rep.Nro.: 0 Piso:  Dpto:, 6100 RUFINO CP:;
9066/1U;OGNI ANGEL ADALBERTO;Mi Primer Terreno;PUEYRREDON 745;19A;82;63;19;0;0;0;1796419.59;1772128.29;4063058.02;5835186.31;24291.3;0;3767.26;28058.56;0;0;0;0;0;33141;34589;281093;;;A;ASAMBLEA.1210 Rep.Nro.: 0 Piso:  Dpto:, 6100 RUFINO CP:;
9066/2U;GIRALDEZ MICAELA BELEN;Mi Primer Terreno;PUEYRREDON 735;19A;82;0;82;0;0;0;736936.28;0;0;0;17147.17;0;394.86;17542.03;0;719789.11;0;0;0;24448;25411;279662;;;A;RIO NEGRO 562 Rep.Nro.: 0 Piso:  Dpto:, 6100 RUFINO CP:;
9066/3U;MUNICIPALIDAD DE RUFINO;Mi Primer Terreno;PUEYRREDON 725;19A;73;0;73;0;0;0;1927462.87;0;0;0;12767.5;0;44.83;12812.33;0;1914695.37;0;0;0;7461;15172;281092;;;B;GRAL.LOPEZ 195 Rep.Nro.: 0 Piso:  Dpto:, 6100 RUFINO CP:;
9066/4U;MONTIEL HILDA ITATI ;Mi Primer Terreno;PUEYRREDON 725;19A;82;0;82;0;0;0;192683.69;0;0;0;0;0;0;0;0;192683.69;0;0;0;33628;34079;279672;;;A;COLON 183 Rep.Nro.: 0 Piso:  Dpto:, 6100 RUFINO CP:;
9066/7U;PONCE CARLA ELISABET;Mi Primer Terreno;MARIA M.BUSSIO 266;19A;73;39;34;0;0;0;1910295.75;1822701.8;3869030.24;5691732.04;87593.95;0;2931;90524.95;0;0;0;0;0;34130;34591;281090;;;A;MAGALLANES 045 Rep.Nro.: 0 Piso:  Dpto:, 6100 RUFINO CP:;
9365/0U;OLLE HORTENSIA J ;Plan 50 ;ASAMBLEA 815;21A;1;0;1;0;0;0;25986.7;0;0;0;25986.7;0;0;25986.7;0;0;0;0;0;8056;8469;275946;;CALLE 03-ASAMBLEA 800-900;A;INDEPENDENCIA 846 Rep.Nro.: 0 Piso:  Dpto:, 6100 RUFINO CP:;
9365/0U;OLLE HORTENSIA J ;Ord. 3303/22 hormigon armado;ASAMBLEA 815;21A;13;0;13;0;0;0;527198.15;0;0;0;527198.15;0;1819.29;529017.44;0;0;0;0;0;8056;8469;323129;;;A;INDEPENDENCIA 846 Rep.Nro.: 0 Piso:  Dpto:, 6100 RUFINO CP:;
